url,domain,confidence_score,matched_signals,checked_at
https://bynton.com,bynton.com,0.75,strong:place a bet|strong:ukgc|medium:casino|structural:responsible gambling,2026-08-08T19:17:53Z
https://booming-games.com,booming-games.com,1.0,strong:free spins|strong:play now|strong:mga/|medium:casino|medium:slots|structural:responsible gambling,2026-08-08T19:37:30Z
https://lootcasino.com,lootcasino.com,1.0,strong:deposit bonus|strong:free spins|strong:live dealer|strong:claim bonus|medium:casino|medium:slots|medium:poker|medium:jackpot|medium:wager|medium:betting|structural:18+|structural:gambleaware|structural:responsible gambling|negative:how to play,2026-08-09T05:48:08Z
https://doveslots.com,doveslots.com,1.0,strong:free spins|strong:claim bonus|medium:casino|medium:slots|medium:jackpot|medium:wager|structural:18+|structural:gambleaware,2026-08-09T05:48:09Z
https://lightscamerabingo.com,lightscamerabingo.com,1.0,strong:free spins|strong:claim bonus|medium:casino|medium:wager|structural:18+|structural:gambleaware,2026-08-09T05:48:09Z
https://lottomart.com,lottomart.com,0.9,strong:free spins|strong:live dealer|medium:casino|medium:slots|medium:jackpot|medium:betting|structural:18+|structural:gambleaware|negative:app store|negative:google play,2026-08-09T05:48:12Z
https://lottomart.co.uk,lottomart.co.uk,0.9,strong:free spins|strong:live dealer|medium:casino|medium:slots|medium:jackpot|medium:betting|structural:18+|structural:gambleaware|negative:app store|negative:google play,2026-08-09T05:48:14Z
https://magicalvegas.com,magicalvegas.com,0.9,strong:free spins|strong:live dealer|medium:casino|medium:slots|medium:jackpot|medium:wager,2026-08-09T05:48:17Z
https://regalwins.com,regalwins.com,0.9,strong:free spins|strong:live dealer|medium:casino|medium:slots|medium:jackpot|medium:wager|structural:gambleaware|negative:how to play,2026-08-09T05:48:23Z
https://singbingo.com,singbingo.com,0.95,strong:free spins|strong:play now|medium:slots|medium:jackpot|medium:wager|structural:18+,2026-08-09T05:48:24Z
https://21betscasino.com,21betscasino.com,1.0,strong:free spins|strong:live dealer|medium:casino|medium:slots|medium:sportsbook|medium:jackpot|medium:wager|medium:betting,2026-08-09T05:48:34Z
https://glimmercasino.com,glimmercasino.com,1.0,strong:deposit bonus|strong:free spins|strong:play now|strong:mga/|medium:casino|medium:slots|medium:poker|medium:jackpot|medium:wager|structural:responsible gambling,2026-08-09T05:49:01Z
https://mobileslots.com,mobileslots.com,1.0,strong:free spins|strong:play now|strong:mga/|medium:casino|medium:slots|medium:jackpot|medium:wager|structural:responsible gambling,2026-08-09T05:49:11Z
https://mobilemillions.co.uk,mobilemillions.co.uk,1.0,strong:live dealer|strong:play now|strong:mga/|medium:casino|medium:slots|medium:jackpot|medium:wager|structural:responsible gambling,2026-08-09T05:49:12Z
https://slotskingdom.co.uk,slotskingdom.co.uk,1.0,strong:free spins|strong:claim bonus|medium:casino|medium:slots|medium:wager|structural:18+|structural:gambleaware,2026-08-09T05:49:21Z
https://ukslots.com,ukslots.com,1.0,strong:free spins|strong:mga/|medium:casino|medium:slots|medium:wager|structural:18+|structural:responsible gambling,2026-08-09T05:49:26Z
https://zweeler.com,zweeler.com,0.9,strong:deposit bonus|strong:register now|strong:mga/|structural:gambleaware,2026-08-09T05:49:35Z
https://32redsport.com,32redsport.com,1.0,strong:deposit bonus|strong:place a bet|strong:play now|medium:casino|medium:sportsbook|medium:betting|structural:responsible gambling,2026-08-09T05:49:37Z
https://24spin.com,24spin.com,1.0,strong:free spins|strong:claim bonus|medium:casino|medium:slots|medium:wager|structural:18+|structural:gambleaware,2026-08-09T05:49:38Z
https://belgraviacasino.com,belgraviacasino.com,0.95,strong:deposit bonus|strong:play now|medium:casino|medium:slots|medium:wager|structural:gambleaware,2026-08-09T05:49:51Z
https://casiplay.com,casiplay.com,1.0,strong:deposit bonus|strong:free spins|strong:play now|medium:casino|medium:slots|medium:jackpot|structural:18+,2026-08-09T05:49:54Z
https://caspbet.com,caspbet.com,1.0,strong:free spins|strong:live dealer|strong:mga/|medium:casino|medium:slots|medium:poker|medium:sportsbook|medium:jackpot|medium:wager|medium:betting|structural:18+,2026-08-09T05:49:55Z
https://cashmo.co.uk,cashmo.co.uk,1.0,strong:free spins|strong:play now|strong:ukgc|medium:casino|medium:wager|structural:18+,2026-08-09T05:49:56Z
https://freedailyspins.com,freedailyspins.com,1.0,strong:deposit bonus|strong:free spins|strong:play now|medium:casino|medium:slots|medium:poker|medium:wager|structural:gambleaware|structural:responsible gambling,2026-08-09T05:50:04Z
https://luckland.com,luckland.com,0.8,strong:deposit bonus|strong:free spins|medium:casino|medium:slots|medium:poker,2026-08-09T05:51:00Z
https://mayfaircasino.com,mayfaircasino.com,1.0,strong:live dealer|strong:play now|medium:casino|medium:slots|medium:poker|medium:betting|structural:18+|structural:gambleaware|structural:responsible gambling|negative:editorial policy,2026-08-09T05:51:02Z
https://majesticbingo.com,majesticbingo.com,1.0,strong:free spins|strong:play now|medium:slots|medium:jackpot|medium:wager|structural:18+|structural:gambleaware|structural:responsible gambling|negative:how to play,2026-08-09T05:51:04Z
https://planetrockcasino.co.uk,planetrockcasino.co.uk,1.0,strong:deposit bonus|strong:free spins|medium:casino|medium:slots|medium:poker|medium:wager|structural:gambleaware,2026-08-09T05:51:06Z
https://rouletteuk.co.uk,rouletteuk.co.uk,1.0,strong:free spins|strong:live dealer|strong:cashier|strong:bet slip|strong:ukgc|medium:casino|medium:slots|medium:wager|medium:betting|structural:18+|structural:gambleaware|negative:how to play,2026-08-09T05:51:11Z
https://vegasmoose.com,vegasmoose.com,1.0,strong:free spins|strong:claim bonus|medium:slots|medium:wager|structural:18+|structural:gambleaware,2026-08-09T05:51:56Z
https://bzeebet.com,bzeebet.com,1.0,strong:deposit bonus|strong:free spins|strong:live dealer|strong:bet slip|strong:ukgc|medium:casino|medium:slots|medium:sportsbook|medium:wager|medium:betting|structural:18+|structural:gambleaware|structural:responsible gambling,2026-08-09T05:52:13Z
https://jeffbet.com,jeffbet.com,1.0,strong:deposit bonus|strong:free spins|strong:claim bonus|strong:play now|strong:cashier|strong:mga/|medium:casino|medium:wager|structural:18+|structural:gambleaware,2026-08-09T05:52:19Z
https://sponsiobet.com,sponsiobet.com,1.0,strong:free spins|strong:live dealer|strong:play now|strong:ukgc|medium:casino|medium:slots|medium:poker|medium:sportsbook|medium:jackpot|medium:betting|structural:18+|structural:gambleaware|structural:responsible gambling|negative:how to play,2026-08-09T05:52:26Z
https://slotsheaven.com,slotsheaven.com,1.0,strong:deposit bonus|strong:free spins|strong:live dealer|strong:play now|medium:casino|medium:slots|medium:poker|medium:jackpot|medium:wager|medium:betting|structural:18+|structural:gambleaware|structural:responsible gambling,2026-08-09T05:52:26Z
https://umbingo.com,umbingo.com,1.0,strong:free spins|strong:claim bonus|strong:ukgc|medium:casino|medium:slots|medium:wager|structural:18+|structural:gambleaware|negative:how to play,2026-08-09T05:52:33Z
https://777tigers.com,777tigers.com,0.9,strong:live dealer|strong:play now|medium:casino|medium:slots|medium:jackpot|medium:betting,2026-08-09T05:52:35Z
https://amigoslots.com,amigoslots.com,0.95,strong:free spins|strong:claim bonus|medium:casino|medium:slots|medium:wager|structural:18+|structural:gambleaware|negative:how to play,2026-08-09T05:52:40Z
https://bingo.games,bingo.games,1.0,strong:free spins|strong:claim bonus|medium:slots|medium:jackpot|medium:wager|structural:18+|structural:gambleaware,2026-08-09T05:52:41Z
https://bjsarcade.co.uk,bjsarcade.co.uk,1.0,strong:free spins|strong:claim bonus|medium:casino|medium:slots|medium:jackpot|medium:wager|structural:18+|structural:gambleaware,2026-08-09T05:52:41Z
https://bingocrazy.com,bingocrazy.com,1.0,strong:free spins|strong:claim bonus|medium:slots|medium:wager|structural:18+|structural:gambleaware,2026-08-09T05:52:41Z
https://bgtgames.com,bgtgames.com,1.0,strong:free spins|strong:claim bonus|medium:slots|medium:wager|structural:18+|structural:gambleaware,2026-08-09T05:52:42Z
https://casinogame.co.uk,casinogame.co.uk,1.0,strong:free spins|strong:claim bonus|medium:casino|medium:slots|medium:wager|structural:18+|structural:gambleaware,2026-08-09T05:52:43Z
https://carltonbingo.com,carltonbingo.com,1.0,strong:free spins|strong:claim bonus|medium:casino|medium:wager|structural:18+|structural:gambleaware,2026-08-09T05:52:44Z
https://crazykingcasino.com,crazykingcasino.com,1.0,strong:free spins|strong:claim bonus|medium:casino|medium:slots|medium:wager|structural:18+|structural:gambleaware,2026-08-09T05:52:45Z
https://dazzlebingo.com,dazzlebingo.com,1.0,strong:free spins|strong:play now|medium:slots|medium:jackpot|medium:wager|structural:18+|structural:gambleaware|structural:responsible gambling,2026-08-09T05:52:46Z
https://daisyslots.com,daisyslots.com,1.0,strong:free spins|strong:live dealer|strong:claim bonus|strong:ukgc|medium:casino|medium:slots|medium:jackpot|medium:wager|structural:18+|structural:gambleaware|negative:how to play,2026-08-09T05:52:47Z
https://feverslots.com,feverslots.com,1.0,strong:free spins|strong:claim bonus|medium:casino|medium:slots|medium:jackpot|medium:wager|structural:18+|structural:gambleaware,2026-08-09T05:52:48Z
https://feverbingo.com,feverbingo.com,1.0,strong:free spins|strong:claim bonus|medium:casino|medium:slots|medium:jackpot|medium:wager|structural:18+|structural:gambleaware,2026-08-09T05:52:49Z
https://freebet.casino,freebet.casino,1.0,strong:deposit bonus|strong:free spins|strong:claim bonus|strong:ukgc|medium:casino|medium:slots|medium:jackpot|medium:wager|structural:18+|structural:gambleaware|negative:how to play,2026-08-09T05:52:50Z
https://gooddayslots.com,gooddayslots.com,1.0,strong:free spins|strong:claim bonus|strong:ukgc|medium:casino|medium:slots|medium:wager|structural:18+|structural:gambleaware,2026-08-09T05:52:51Z
https://giantwins.com,giantwins.com,1.0,strong:free spins|strong:claim bonus|medium:casino|medium:slots|medium:jackpot|medium:wager|medium:betting|structural:18+|structural:gambleaware,2026-08-09T05:52:51Z
https://irishwins.co.uk,irishwins.co.uk,1.0,strong:free spins|strong:claim bonus|medium:casino|medium:slots|medium:wager|structural:18+|structural:gambleaware,2026-08-09T05:52:51Z
https://dovecasino.com,dovecasino.com,1.0,strong:place a bet|strong:live dealer|strong:claim bonus|strong:ukgc|medium:casino|medium:slots|medium:jackpot|medium:wager|structural:18+|structural:gambleaware|negative:how to play,2026-08-09T05:52:52Z
https://innspins.com,innspins.com,1.0,strong:free spins|strong:live dealer|strong:claim bonus|medium:casino|medium:slots|medium:jackpot|medium:wager|structural:18+|structural:gambleaware,2026-08-09T05:52:52Z
https://justincasino.com,justincasino.com,1.0,strong:free spins|strong:claim bonus|medium:casino|medium:wager|structural:18+|structural:gambleaware,2026-08-09T05:52:54Z
https://londonjackpots.com,londonjackpots.com,1.0,strong:free spins|strong:claim bonus|medium:casino|medium:slots|medium:jackpot|medium:wager|structural:18+|structural:gambleaware,2026-08-09T05:52:54Z
https://luckstarscasino.com,luckstarscasino.com,1.0,strong:free spins|strong:claim bonus|medium:casino|medium:slots|medium:jackpot|medium:wager|structural:18+|structural:gambleaware,2026-08-09T05:52:55Z
https://ladyriches.com,ladyriches.com,1.0,strong:free spins|strong:claim bonus|medium:casino|medium:slots|medium:jackpot|medium:wager|structural:18+|structural:gambleaware,2026-08-09T05:52:55Z
https://olivecasino.com,olivecasino.com,1.0,strong:deposit bonus|strong:free spins|strong:claim bonus|medium:casino|medium:slots|medium:wager|medium:betting|structural:18+|structural:gambleaware,2026-08-09T05:52:58Z
https://onlineslotsuk.com,onlineslotsuk.com,1.0,strong:claim bonus|strong:ukgc|medium:casino|medium:slots|medium:poker|medium:jackpot|medium:wager|structural:18+|structural:gambleaware,2026-08-09T05:52:59Z
https://palacebingo.com,palacebingo.com,0.95,strong:free spins|strong:claim bonus|medium:slots|medium:jackpot|medium:wager|structural:18+|structural:gambleaware|negative:how to play,2026-08-09T05:52:59Z
https://realfungames.co.uk,realfungames.co.uk,1.0,strong:free spins|strong:claim bonus|medium:slots|medium:wager|structural:18+|structural:gambleaware,2026-08-09T05:53:00Z
https://reelscasino.co.uk,reelscasino.co.uk,0.85,strong:place a bet|strong:ukgc|medium:casino|medium:slots|structural:responsible gambling,2026-08-09T05:53:00Z
https://playleon.com,playleon.com,1.0,strong:free spins|strong:claim bonus|medium:casino|medium:slots|medium:wager|structural:18+|structural:gambleaware,2026-08-09T05:53:00Z
https://rocketbingo.co.uk,rocketbingo.co.uk,1.0,strong:free spins|strong:live dealer|strong:claim bonus|medium:casino|medium:slots|medium:poker|medium:jackpot|medium:wager|structural:18+|structural:gambleaware,2026-08-09T05:53:00Z
https://rouletteonline.co.uk,rouletteonline.co.uk,1.0,strong:free spins|strong:place a bet|strong:ukgc|medium:casino|medium:slots|medium:wager|medium:betting|structural:18+|structural:gambleaware,2026-08-09T05:53:01Z
https://slotgames.co.uk,slotgames.co.uk,1.0,strong:free spins|strong:claim bonus|medium:casino|medium:slots|medium:poker|medium:jackpot|medium:wager|structural:18+|structural:gambleaware|structural:responsible gambling|negative:how to play,2026-08-09T05:53:01Z
https://slotshack.co.uk,slotshack.co.uk,1.0,strong:free spins|strong:claim bonus|medium:casino|medium:slots|medium:wager|structural:18+|structural:gambleaware,2026-08-09T05:53:02Z
https://redspins.com,redspins.com,1.0,strong:free spins|strong:play now|medium:casino|medium:slots|medium:jackpot|medium:wager|structural:18+,2026-08-09T05:53:02Z
https://slotmachine.co.uk,slotmachine.co.uk,1.0,strong:free spins|strong:claim bonus|medium:casino|medium:slots|medium:poker|medium:jackpot|medium:wager|structural:18+|structural:gambleaware|structural:responsible gambling,2026-08-09T05:53:02Z
https://slotsuk.co.uk,slotsuk.co.uk,1.0,strong:free spins|strong:claim bonus|medium:casino|medium:slots|medium:jackpot|medium:wager|structural:18+|structural:gambleaware,2026-08-09T05:53:03Z
https://royalspins.com,royalspins.com,1.0,strong:free spins|strong:live dealer|strong:claim bonus|medium:casino|medium:slots|medium:wager|structural:18+|structural:gambleaware|negative:how to play,2026-08-09T05:53:03Z
https://shipleyslots.com,shipleyslots.com,1.0,strong:free spins|strong:claim bonus|medium:casino|medium:slots|medium:wager|structural:18+|structural:gambleaware,2026-08-09T05:53:03Z
https://sugarspins.com,sugarspins.com,1.0,strong:free spins|strong:claim bonus|medium:casino|medium:slots|medium:wager|structural:18+|structural:gambleaware,2026-08-09T05:53:05Z
https://ukonlineslots.com,ukonlineslots.com,1.0,strong:free spins|strong:claim bonus|strong:ukgc|medium:casino|medium:slots|medium:jackpot|medium:wager|medium:betting|structural:18+|structural:gambleaware|structural:responsible gambling|negative:how to play,2026-08-09T05:53:06Z
https://wolfspins.com,wolfspins.com,1.0,strong:free spins|strong:claim bonus|medium:casino|medium:wager|structural:18+|structural:gambleaware,2026-08-09T05:53:07Z
https://123spins.com,123spins.com,1.0,strong:free spins|strong:claim bonus|medium:casino|medium:slots|medium:wager|structural:18+|structural:gambleaware,2026-08-09T05:53:08Z
https://bjsgames.co.uk,bjsgames.co.uk,1.0,strong:free spins|strong:claim bonus|medium:casino|medium:wager|structural:18+|structural:gambleaware,2026-08-09T05:53:08Z
https://barbadosbingo.com,barbadosbingo.com,1.0,strong:free spins|strong:claim bonus|strong:ukgc|medium:casino|medium:slots|medium:jackpot|medium:wager|structural:18+|structural:gambleaware,2026-08-09T05:53:09Z
https://casino77.com,casino77.com,1.0,strong:deposit bonus|strong:free spins|strong:live dealer|strong:play now|strong:mga/|strong:ukgc|medium:casino|medium:slots|medium:poker|medium:jackpot|medium:wager|medium:betting|structural:18+|structural:responsible gambling|structural:age verification,2026-08-09T05:53:10Z
https://carltongames.com,carltongames.com,1.0,strong:free spins|strong:claim bonus|medium:casino|medium:slots|medium:wager|structural:18+|structural:gambleaware,2026-08-09T05:53:10Z
https://buddyslots.com,buddyslots.com,1.0,strong:free spins|strong:live dealer|strong:claim bonus|strong:ukgc|medium:casino|medium:slots|medium:jackpot|medium:wager|structural:18+|structural:gambleaware,2026-08-09T05:53:11Z
https://lotterycasino.net,lotterycasino.net,0.85,strong:play now|strong:mga/|medium:casino|medium:slots|medium:poker|medium:jackpot|medium:wager|negative:how to play,2026-08-09T05:53:11Z
https://lasvegascasino.com,lasvegascasino.com,1.0,strong:free spins|strong:play now|strong:mga/|medium:casino|medium:slots|medium:jackpot|medium:wager|structural:18+|structural:responsible gambling|structural:age verification,2026-08-09T05:53:13Z
https://jupiterslots.com,jupiterslots.com,1.0,strong:free spins|strong:claim bonus|medium:casino|medium:slots|medium:jackpot|medium:wager|structural:18+|structural:gambleaware,2026-08-09T05:53:14Z
https://richmondslots.com,richmondslots.com,0.85,strong:place a bet|strong:ukgc|medium:casino|medium:slots|structural:responsible gambling,2026-08-09T05:53:16Z
https://seasideslots.com,seasideslots.com,0.85,strong:place a bet|strong:ukgc|medium:casino|medium:slots|structural:responsible gambling,2026-08-09T05:53:16Z
https://gamblingmeter.net,gamblingmeter.net,1.0,strong:live dealer|strong:play now|strong:cashier|medium:casino|medium:slots|medium:poker|medium:sportsbook|structural:18+|structural:responsible gambling|negative:written by,2026-08-09T05:53:18Z
https://gamblingchooser.com,gamblingchooser.com,1.0,strong:deposit bonus|strong:free spins|strong:live dealer|strong:play now|strong:cashier|strong:ukgc|medium:casino|medium:slots|medium:poker|medium:sportsbook|medium:jackpot,2026-08-09T05:53:19Z
https://wombatcasino.com,wombatcasino.com,1.0,strong:deposit bonus|strong:free spins|strong:mga/|strong:ukgc|medium:casino|medium:slots|medium:jackpot|medium:wager|structural:18+|structural:gambleaware,2026-08-09T05:53:19Z
https://takeawayslots.com,takeawayslots.com,1.0,strong:free spins|strong:claim bonus|medium:casino|medium:slots|medium:jackpot|medium:wager|structural:18+|structural:gambleaware,2026-08-09T05:53:19Z
https://con-space.com,con-space.com,1.0,strong:deposit bonus|strong:free spins|strong:live dealer|strong:claim bonus|medium:casino|medium:slots|medium:jackpot|medium:wager|structural:responsible gambling|negative:how to play|negative:written by,2026-08-09T05:53:20Z
https://wizardslots.com,wizardslots.com,1.0,strong:free spins|strong:live dealer|strong:claim bonus|strong:ukgc|medium:casino|medium:slots|medium:poker|medium:wager|structural:18+|structural:gambleaware,2026-08-09T05:53:21Z
https://sportshandle.com,sportshandle.com,1.0,strong:register now|strong:sign up now|medium:casino|medium:poker|medium:sportsbook|medium:wager|medium:betting|structural:responsible gambling,2026-08-09T05:53:29Z
https://six6es.org,six6es.org,1.0,strong:deposit bonus|strong:live dealer|strong:play now|medium:casino|medium:slots|medium:poker|medium:sportsbook|medium:jackpot|medium:wager|medium:betting|structural:age verification,2026-08-09T05:53:39Z
https://btpro.pro,btpro.pro,1.0,strong:free spins|strong:claim bonus|medium:casino|medium:slots|medium:wager|medium:betting|structural:age verification,2026-08-09T05:53:39Z
https://click5.bet,click5.bet,0.8,strong:live dealer|strong:cashier|medium:casino|medium:slots|medium:sportsbook,2026-08-09T05:53:39Z
https://hot880.bar,hot880.bar,1.0,strong:free spins|strong:live dealer|strong:play now|medium:casino|medium:slots|medium:jackpot|medium:wager|medium:betting,2026-08-09T05:53:39Z
https://222dk.io,222dk.io,1.0,strong:free spins|strong:live dealer|strong:claim bonus|medium:casino|medium:slots|medium:jackpot|medium:wager|medium:betting,2026-08-09T05:53:40Z
https://inplaysoft.com,inplaysoft.com,0.9,strong:free spins|strong:live dealer|medium:casino|medium:slots|medium:sportsbook|medium:betting,2026-08-09T05:53:44Z
https://sbgglobal.eu,sbgglobal.eu,1.0,strong:deposit bonus|strong:place a bet|medium:casino|medium:poker|medium:sportsbook|medium:jackpot|medium:wager|medium:betting,2026-08-09T05:53:46Z
https://orbitxch.com,orbitxch.com,0.75,strong:place a bet|strong:bet slip|medium:betting|structural:responsible gambling,2026-08-09T05:53:49Z
https://greenwood-management.com,greenwood-management.com,1.0,strong:deposit bonus|strong:free spins|strong:live dealer|strong:play now|medium:casino|medium:slots|medium:sportsbook|medium:wager|medium:betting|structural:responsible gambling|negative:how to play,2026-08-09T05:53:53Z
https://flasr.com,flasr.com,1.0,strong:deposit bonus|strong:free spins|strong:live dealer|strong:play now|medium:casino|medium:slots|medium:jackpot|medium:wager,2026-08-09T05:53:54Z
https://angeanblog.com,angeanblog.com,0.95,strong:free spins|strong:play now|medium:casino|medium:slots|medium:jackpot|structural:responsible gambling,2026-08-09T05:53:55Z
https://icecasino.com/en,icecasino.com,1.0,strong:deposit bonus|strong:free spins|strong:live dealer|medium:casino|medium:slots|medium:poker|medium:jackpot|medium:wager|structural:responsible gambling|structural:age verification|negative:app store,2026-08-09T05:53:58Z
https://flush.com/,flush.com,1.0,strong:free spins|strong:live dealer|medium:casino|medium:slots|medium:poker|medium:sportsbook|medium:betting,2026-08-09T05:53:59Z
https://bizbet.io/en,bizbet.io,0.8,strong:register now|strong:curaçao egaming|medium:casino|medium:poker|medium:betting,2026-08-09T05:54:03Z
https://bzeebet.com/,bzeebet.com,1.0,strong:deposit bonus|strong:free spins|strong:live dealer|strong:bet slip|strong:ukgc|medium:casino|medium:slots|medium:sportsbook|medium:wager|medium:betting|structural:18+|structural:gambleaware|structural:responsible gambling,2026-08-09T05:54:08Z
https://betplays.com/en,betplays.com,1.0,strong:free spins|strong:live dealer|strong:play now|medium:casino|medium:slots|medium:sportsbook|medium:betting,2026-08-09T05:54:08Z
https://heyspin.com/,heyspin.com,1.0,strong:free spins|strong:live dealer|strong:claim bonus|strong:ukgc|medium:casino|medium:slots|medium:jackpot|medium:wager|structural:18+|structural:gambleaware,2026-08-09T05:54:09Z
https://vulkanvegas.com/en,vulkanvegas.com,1.0,strong:free spins|strong:live dealer|medium:casino|medium:slots|medium:poker|medium:jackpot|medium:wager|medium:betting|structural:responsible gambling,2026-08-09T05:54:12Z
https://scibet.io/,scibet.io,0.95,strong:play now|strong:mga/|medium:casino|medium:slots|medium:betting|structural:gambleaware,2026-08-09T05:54:30Z
https://icecasino.com,icecasino.com,1.0,strong:deposit bonus|strong:free spins|strong:live dealer|medium:casino|medium:slots|medium:poker|medium:jackpot|medium:wager|structural:responsible gambling|structural:age verification|negative:app store,2026-08-09T05:54:37Z
https://fairpari.com,fairpari.com,1.0,strong:deposit bonus|strong:place a bet|strong:bet slip|medium:casino|medium:slots|medium:poker|medium:jackpot|medium:betting,2026-08-09T05:54:37Z
https://flush.com,flush.com,1.0,strong:free spins|strong:live dealer|medium:casino|medium:slots|medium:poker|medium:sportsbook|medium:betting,2026-08-09T05:54:38Z
https://bizbet.io,bizbet.io,0.8,strong:register now|strong:curaçao egaming|medium:casino|medium:poker|medium:betting,2026-08-09T05:54:41Z
https://duelbet.com,duelbet.com,0.95,strong:deposit bonus|strong:live dealer|strong:withdraw winnings|medium:casino|medium:slots,2026-08-09T05:54:43Z
https://winsly.com,winsly.com,1.0,strong:deposit bonus|strong:free spins|strong:sign up now|medium:casino|medium:slots|medium:sportsbook|medium:jackpot|medium:wager|medium:betting,2026-08-09T05:54:43Z
https://betplays.com,betplays.com,1.0,strong:free spins|strong:live dealer|strong:play now|medium:casino|medium:slots|medium:sportsbook|medium:betting,2026-08-09T05:54:44Z
https://scibet.io,scibet.io,0.95,strong:play now|strong:mga/|medium:casino|medium:slots|medium:betting|structural:gambleaware,2026-08-09T05:54:53Z
https://onlineslots.com,onlineslots.com,1.0,strong:free spins|strong:claim bonus|strong:play now|medium:casino|medium:slots|medium:jackpot|medium:wager|medium:betting|structural:18+|structural:gambleaware|negative:written by,2026-08-09T05:55:03Z
https://slotsjudge.com,slotsjudge.com,1.0,strong:deposit bonus|strong:free spins|strong:play now|strong:ukgc|medium:casino|medium:slots|medium:poker|medium:jackpot|medium:wager|structural:18+|structural:gambleaware|structural:responsible gambling|structural:age verification,2026-08-09T05:55:07Z
https://gamblingnerd.com,gamblingnerd.com,1.0,strong:deposit bonus|strong:free spins|strong:live dealer|strong:play now|medium:casino|medium:slots|medium:poker|medium:sportsbook|medium:jackpot|medium:wager|medium:betting|structural:responsible gambling,2026-08-09T05:55:26Z
https://ozoon.eu,ozoon.eu,1.0,strong:free spins|strong:live dealer|strong:bet slip|medium:casino|medium:slots|medium:poker|medium:sportsbook|medium:jackpot|medium:betting|structural:responsible gambling,2026-08-09T05:55:26Z
https://blackchippoker.eu,blackchippoker.eu,0.8,strong:deposit bonus|strong:play now|medium:casino|medium:poker|medium:sportsbook,2026-08-09T05:55:27Z
https://legalbet.uk,legalbet.uk,1.0,strong:deposit bonus|strong:free spins|strong:ukgc|medium:casino|medium:slots|medium:betting,2026-08-09T05:55:28Z
https://casinosadvisor.org,casinosadvisor.org,1.0,strong:deposit bonus|strong:live dealer|strong:play now|strong:cashier|medium:casino|medium:slots|medium:poker|medium:sportsbook|medium:jackpot|structural:responsible gambling|negative:written by,2026-08-09T05:55:34Z
https://casinoencyclopedia.com,casinoencyclopedia.com,1.0,strong:deposit bonus|strong:free spins|strong:live dealer|medium:casino|medium:slots|medium:poker|medium:sportsbook|medium:jackpot|medium:wager|medium:betting|negative:how to play,2026-08-09T05:55:41Z
https://stake.com.tw,stake.com.tw,0.9,strong:live dealer|strong:claim bonus|medium:casino|medium:slots|medium:wager|medium:betting,2026-08-09T05:56:02Z
https://slotsspinvip.com,slotsspinvip.com,1.0,strong:deposit bonus|strong:free spins|strong:withdraw winnings|medium:casino|medium:slots|medium:jackpot,2026-08-09T05:56:09Z
https://en-acrpoker.com,en-acrpoker.com,0.95,strong:sign up now|strong:claim bonus|strong:play now|medium:casino|medium:poker,2026-08-09T05:57:04Z
https://fruityslots.com,fruityslots.com,1.0,strong:deposit bonus|strong:free spins|medium:casino|medium:slots|medium:jackpot|medium:wager|medium:betting,2026-08-09T05:57:24Z
https://casinogrounds.com,casinogrounds.com,0.8,strong:deposit bonus|strong:free spins|medium:casino|medium:slots|medium:poker,2026-08-09T05:57:27Z
https://betfury.com,betfury.com,1.0,strong:free spins|strong:live dealer|medium:casino|medium:slots|medium:poker|medium:sportsbook|medium:jackpot|medium:wager|medium:betting,2026-08-09T05:57:29Z
https://playtoday.co,playtoday.co,1.0,strong:free spins|strong:live dealer|medium:casino|medium:slots|medium:poker|medium:jackpot|structural:responsible gambling,2026-08-09T05:57:29Z
https://casinoadvisor.com,casinoadvisor.com,1.0,strong:deposit bonus|strong:free spins|strong:live dealer|strong:play now|strong:ukgc|medium:casino|medium:slots|medium:poker|medium:wager|structural:gambleaware|structural:responsible gambling|negative:how to play,2026-08-09T05:57:31Z
https://csgamble.com,csgamble.com,1.0,strong:deposit bonus|strong:claim bonus|medium:casino|medium:slots|medium:sportsbook|medium:jackpot|medium:wager|medium:betting|structural:18+|structural:responsible gambling,2026-08-09T05:58:24Z
https://online.casino,online.casino,1.0,strong:deposit bonus|strong:free spins|strong:live dealer|strong:withdraw winnings|strong:register now|medium:casino|medium:slots|medium:wager|medium:betting|structural:18+|structural:gambleaware|structural:responsible gambling,2026-08-09T05:58:27Z
https://casinoreviews.com,casinoreviews.com,1.0,strong:deposit bonus|strong:free spins|strong:ukgc|medium:casino|medium:slots|medium:wager|structural:responsible gambling,2026-08-09T05:58:29Z
https://cryptocasinos.com,cryptocasinos.com,1.0,strong:deposit bonus|strong:free spins|strong:live dealer|strong:play now|medium:casino|medium:slots|medium:poker|medium:jackpot|medium:wager|structural:responsible gambling|negative:written by,2026-08-09T05:58:31Z
https://play-bitcasino.org,play-bitcasino.org,1.0,strong:deposit bonus|strong:free spins|strong:live dealer|strong:play now|strong:cashier|medium:casino|medium:slots|medium:poker|medium:jackpot|medium:betting,2026-08-09T05:58:32Z
https://bitcasino-aus.com,bitcasino-aus.com,1.0,strong:free spins|strong:live dealer|strong:claim bonus|strong:cashier|medium:casino|medium:slots|medium:jackpot|medium:wager|structural:responsible gambling,2026-08-09T05:58:32Z
https://magnetgambling.com,magnetgambling.com,1.0,strong:live dealer|strong:play now|strong:cashier|medium:casino|medium:slots|medium:poker|medium:wager|medium:betting|structural:responsible gambling,2026-08-09T05:58:47Z
https://stake-topcasino.com,stake-topcasino.com,1.0,strong:free spins|strong:claim bonus|strong:play now|strong:cashier|medium:casino|medium:slots|medium:poker|medium:jackpot|medium:betting|structural:18+,2026-08-09T05:59:49Z
https://mybookie.ag,mybookie.ag,1.0,strong:cashier|strong:bet slip|medium:casino|medium:slots|medium:poker|medium:sportsbook|medium:jackpot|medium:wager|medium:betting,2026-08-09T06:00:08Z
https://uk-leovegas.com,uk-leovegas.com,1.0,strong:deposit bonus|strong:free spins|strong:live dealer|strong:withdraw winnings|strong:play now|strong:ukgc|medium:casino|medium:slots|medium:poker|medium:sportsbook|medium:jackpot|medium:wager|medium:betting,2026-08-09T06:00:24Z
https://caesarsgames.com,caesarsgames.com,0.8,strong:free spins|strong:play now|medium:casino|medium:slots|medium:poker|medium:jackpot|medium:wager|medium:betting|negative:how to play|negative:in-app purchases,2026-08-09T06:00:39Z
https://betr.app,betr.app,0.8,strong:sign up now|strong:play now|medium:casino|medium:slots|medium:sportsbook,2026-08-09T06:01:05Z
https://indiabingo.net,indiabingo.net,1.0,strong:free spins|strong:live dealer|strong:sign up now|medium:casino|medium:slots|medium:poker|medium:jackpot|structural:18+,2026-08-09T06:01:08Z
https://au-rocket-play.com,au-rocket-play.com,1.0,strong:deposit bonus|strong:free spins|strong:live dealer|strong:play now|medium:casino|medium:slots|medium:jackpot|medium:wager,2026-08-09T06:01:12Z
https://rocketplaygambling.com,rocketplaygambling.com,1.0,strong:deposit bonus|strong:free spins|strong:live dealer|strong:cashier|strong:curacao egaming|medium:casino|medium:slots|medium:jackpot|medium:wager|medium:betting|structural:responsible gambling,2026-08-09T06:01:12Z
https://en-rocketplay-casino.com,en-rocketplay-casino.com,1.0,strong:deposit bonus|strong:free spins|strong:live dealer|strong:withdraw winnings|strong:play now|medium:casino|medium:slots|medium:jackpot|medium:wager|structural:18+,2026-08-09T06:01:12Z
https://rocket-play-aussie.com,rocket-play-aussie.com,1.0,strong:deposit bonus|strong:free spins|strong:live dealer|strong:cashier|medium:casino|medium:slots|medium:jackpot|medium:wager|negative:app store,2026-08-09T06:01:12Z
https://rocketplay-australia.com,rocketplay-australia.com,1.0,strong:deposit bonus|strong:free spins|strong:live dealer|medium:casino|medium:slots|medium:poker|medium:jackpot|medium:wager|medium:betting,2026-08-09T06:01:14Z
https://betrocketplay.com,betrocketplay.com,1.0,strong:deposit bonus|strong:free spins|strong:live dealer|strong:withdraw winnings|strong:claim bonus|strong:curacao egaming|medium:casino|medium:slots|medium:poker|medium:jackpot|medium:wager|structural:18+|structural:responsible gambling,2026-08-09T06:01:18Z
https://en-betway-us.com,en-betway-us.com,1.0,strong:live dealer|strong:play now|medium:casino|medium:slots|medium:sportsbook|medium:jackpot|medium:wager|medium:betting,2026-08-09T06:01:37Z
https://bestonlinebookmakers.com,bestonlinebookmakers.com,1.0,strong:deposit bonus|strong:place a bet|strong:claim bonus|medium:sportsbook|medium:wager|medium:betting|structural:18+,2026-08-09T06:01:44Z
https://thetopbookies.com,thetopbookies.com,1.0,strong:place a bet|strong:live dealer|strong:withdraw winnings|strong:play now|strong:curaçao egaming|medium:casino|medium:slots|medium:sportsbook|medium:wager|medium:betting|structural:responsible gambling|negative:app store|negative:google play,2026-08-09T06:01:45Z
https://aviators-game.com,aviators-game.com,1.0,strong:free spins|strong:place a bet|strong:play now|strong:curacao egaming|medium:casino|medium:slots|medium:wager|medium:betting|structural:18+|structural:gambleaware|structural:responsible gambling|negative:how to play|negative:editorial policy,2026-08-09T06:01:55Z
https://nustar.sbs,nustar.sbs,1.0,strong:live dealer|strong:register now|strong:claim bonus|strong:play now|strong:curacao egaming|medium:casino|medium:slots|medium:poker|medium:betting|negative:how to play,2026-08-09T06:02:24Z
https://nustargame.asia,nustargame.asia,1.0,strong:free spins|strong:live dealer|strong:register now|medium:casino|medium:slots|medium:jackpot|medium:betting,2026-08-09T06:02:27Z
https://nustargameph.io,nustargameph.io,1.0,strong:free spins|strong:live dealer|medium:casino|medium:slots|medium:sportsbook|medium:jackpot|medium:betting,2026-08-09T06:02:27Z
https://megapari-global.com,megapari-global.com,1.0,strong:free spins|strong:live dealer|strong:curaçao egaming|medium:casino|medium:slots|medium:betting,2026-08-09T06:02:44Z
https://parimatchindia.ink,parimatchindia.ink,1.0,strong:free spins|strong:live dealer|strong:register now|strong:claim bonus|strong:curacao egaming|medium:casino|medium:slots|medium:sportsbook|medium:wager|medium:betting|structural:18+,2026-08-09T06:02:44Z
https://4ra-bet.casino,4ra-bet.casino,1.0,strong:claim bonus|strong:play now|medium:casino|medium:slots|medium:sportsbook|medium:betting|structural:18+,2026-08-09T06:02:45Z
https://en-usa-stake.com,en-usa-stake.com,0.9,strong:deposit bonus|strong:free spins|medium:casino|medium:sportsbook|medium:wager|medium:betting,2026-08-09T06:02:45Z
https://livecasinocomparer.com,livecasinocomparer.com,1.0,strong:deposit bonus|strong:free spins|strong:live dealer|medium:casino|medium:slots|medium:poker|medium:jackpot|structural:18+|structural:gambleaware|structural:responsible gambling,2026-08-09T06:02:46Z
https://stake-casino.guru,stake-casino.guru,0.8,strong:free spins|strong:claim bonus|medium:casino|medium:wager|medium:betting,2026-08-09T06:02:47Z
https://satbet.in,satbet.in,1.0,strong:free spins|strong:live dealer|strong:register now|strong:sign up now|strong:claim bonus|medium:casino|medium:slots|medium:poker|medium:sportsbook|medium:wager|medium:betting|negative:how to play|negative:app store|negative:google play,2026-08-09T06:02:47Z
https://melbet.com.ph,melbet.com.ph,1.0,strong:deposit bonus|strong:free spins|strong:place a bet|medium:casino|medium:slots|medium:poker|medium:wager|medium:betting|structural:responsible gambling,2026-08-09T06:02:47Z
https://22bet.media,22bet.media,1.0,strong:deposit bonus|strong:free spins|strong:cashier|strong:bet slip|strong:curaçao egaming|medium:casino|medium:slots|medium:poker|medium:sportsbook|medium:jackpot|medium:wager|medium:betting|structural:18+|negative:app store,2026-08-09T06:02:47Z
https://satbet.com.in,satbet.com.in,1.0,strong:place a bet|strong:live dealer|medium:casino|medium:slots|medium:sportsbook|medium:wager|medium:betting,2026-08-09T06:02:48Z
https://1win.co.zm,1win.co.zm,1.0,strong:place a bet|strong:live dealer|strong:claim bonus|medium:casino|medium:slots|medium:poker|medium:sportsbook|medium:jackpot|medium:wager|medium:betting,2026-08-09T06:02:56Z
https://arrowsedgecasinos.com,arrowsedgecasinos.com,1.0,strong:deposit bonus|strong:free spins|strong:play now|medium:casino|medium:slots|medium:poker|medium:sportsbook|medium:jackpot|medium:wager|medium:betting|structural:18+|structural:responsible gambling|negative:editorial policy,2026-08-09T06:03:08Z
https://indibet.in,indibet.in,1.0,strong:place a bet|strong:bet slip|medium:casino|medium:slots|medium:sportsbook|medium:wager|medium:betting|structural:responsible gambling|negative:app store,2026-08-09T06:03:08Z
https://indibetcom.in,indibetcom.in,1.0,strong:live dealer|strong:curacao egaming|medium:casino|medium:slots|medium:sportsbook|medium:wager|medium:betting,2026-08-09T06:03:08Z
https://indibetuk.com,indibetuk.com,1.0,strong:free spins|strong:live dealer|strong:claim bonus|medium:casino|medium:slots|medium:jackpot|medium:wager,2026-08-09T06:03:13Z
https://baji.com.pk,baji.com.pk,1.0,strong:deposit bonus|strong:free spins|strong:live dealer|strong:sign up now|strong:play now|medium:casino|medium:slots|medium:poker|medium:jackpot|medium:wager|medium:betting|structural:18+,2026-08-09T06:03:15Z
https://1xbit.global,1xbit.global,1.0,strong:deposit bonus|strong:place a bet|strong:live dealer|strong:bet slip|medium:casino|medium:slots|medium:sportsbook|medium:wager|medium:betting|structural:responsible gambling,2026-08-09T06:03:22Z
https://trustedgambler.com,trustedgambler.com,1.0,strong:deposit bonus|strong:free spins|strong:live dealer|medium:casino|medium:slots|medium:poker|medium:wager,2026-08-09T06:03:24Z
https://casinonewsroom.com,casinonewsroom.com,1.0,strong:deposit bonus|strong:free spins|strong:live dealer|strong:play now|medium:casino|medium:slots|medium:jackpot|medium:wager|medium:betting,2026-08-09T06:03:24Z
https://play-rubyfortune.com,play-rubyfortune.com,1.0,strong:free spins|strong:claim bonus|strong:cashier|medium:casino|medium:slots|medium:poker|medium:jackpot|medium:wager|medium:betting|structural:18+|structural:gambleaware|structural:responsible gambling,2026-08-09T06:03:25Z
https://cas-rubyfortune.com,cas-rubyfortune.com,1.0,strong:deposit bonus|strong:live dealer|strong:withdraw winnings|strong:claim bonus|strong:cashier|medium:casino|medium:slots|medium:poker|medium:sportsbook|medium:jackpot|medium:wager|medium:betting|structural:18+|structural:responsible gambling|negative:app store|negative:google play,2026-08-09T06:03:25Z
https://bwin2026.org,bwin2026.org,1.0,strong:live dealer|strong:ukgc|medium:casino|medium:slots|medium:poker|medium:sportsbook|medium:jackpot|medium:wager|medium:betting|structural:18+|structural:gambleaware|structural:responsible gambling,2026-08-09T06:03:25Z
https://rubyfortune.world,rubyfortune.world,1.0,strong:deposit bonus|strong:free spins|strong:live dealer|strong:withdraw winnings|strong:play now|strong:mga/|medium:casino|medium:slots|medium:poker|medium:jackpot|medium:wager|structural:18+,2026-08-09T06:03:25Z
https://ggpoker.com,ggpoker.com,0.95,strong:deposit bonus|strong:sign up now|strong:cashier|medium:poker|medium:jackpot,2026-08-09T06:03:25Z
https://stake-casino-indi.org,stake-casino-indi.org,1.0,strong:live dealer|strong:play now|strong:bet slip|medium:casino|medium:slots|medium:poker|medium:sportsbook|medium:wager|medium:betting|structural:18+|structural:responsible gambling|negative:app store,2026-08-09T06:03:28Z
https://stakeindi.com,stakeindi.com,1.0,strong:deposit bonus|strong:free spins|strong:place a bet|strong:live dealer|strong:cashier|medium:casino|medium:slots|medium:poker|medium:sportsbook|medium:wager|medium:betting|structural:responsible gambling,2026-08-09T06:03:29Z
https://satbethome.com,satbethome.com,1.0,strong:free spins|strong:live dealer|strong:withdraw winnings|strong:register now|strong:play now|medium:casino|medium:slots|medium:poker|medium:jackpot|medium:betting|negative:how to play,2026-08-09T06:03:29Z
https://satbetlogin.net,satbetlogin.net,1.0,strong:free spins|strong:withdraw winnings|strong:register now|strong:play now|medium:casino|medium:slots|medium:poker|medium:jackpot|medium:wager|medium:betting|negative:how to play,2026-08-09T06:03:30Z
https://melbetbdt.com,melbetbdt.com,1.0,strong:free spins|strong:live dealer|strong:withdraw winnings|medium:casino|medium:slots|medium:poker|medium:sportsbook|medium:betting,2026-08-09T06:03:30Z
https://eng-bwin.com,eng-bwin.com,1.0,strong:free spins|strong:live dealer|strong:claim bonus|strong:play now|strong:cashier|medium:casino|medium:slots|medium:sportsbook|medium:jackpot|medium:wager|medium:betting|structural:18+|structural:gambleaware|negative:app store|negative:google play,2026-08-09T06:03:32Z
https://en-ggpoker.com,en-ggpoker.com,1.0,strong:deposit bonus|strong:free spins|strong:live dealer|strong:claim bonus|strong:cashier|medium:casino|medium:slots|medium:poker|medium:jackpot|medium:betting|structural:gambleaware,2026-08-09T06:03:34Z
https://kirkiya.org,kirkiya.org,1.0,strong:live dealer|strong:curacao egaming|medium:casino|medium:slots|medium:jackpot|medium:wager|medium:betting,2026-08-09T06:03:34Z
https://krikya1-bd.com,krikya1-bd.com,1.0,strong:live dealer|strong:curacao egaming|medium:casino|medium:slots|medium:poker|medium:sportsbook|medium:jackpot|medium:wager|medium:betting,2026-08-09T06:03:35Z
https://fun88asiath.com,fun88asiath.com,1.0,strong:live dealer|strong:withdraw winnings|medium:casino|medium:slots|medium:poker|medium:sportsbook|medium:jackpot|medium:betting,2026-08-09T06:03:38Z
https://188betcasino.io,188betcasino.io,1.0,strong:deposit bonus|strong:free spins|strong:live dealer|strong:play now|strong:cashier|medium:casino|medium:slots|medium:poker|medium:sportsbook|medium:jackpot|medium:wager|medium:betting|structural:18+,2026-08-09T06:03:38Z
https://w88gg.com,w88gg.com,1.0,strong:free spins|strong:live dealer|medium:casino|medium:slots|medium:poker|medium:sportsbook|medium:jackpot|medium:wager|medium:betting|structural:18+,2026-08-09T06:03:41Z
https://20bet.ie,20bet.ie,1.0,strong:deposit bonus|strong:free spins|strong:place a bet|strong:live dealer|medium:casino|medium:slots|medium:poker|medium:sportsbook|medium:jackpot|medium:wager|medium:betting|structural:responsible gambling,2026-08-09T06:03:50Z
https://ca-20bet.com,ca-20bet.com,1.0,strong:deposit bonus|strong:bet slip|medium:casino|medium:slots|medium:sportsbook|medium:jackpot|medium:wager|medium:betting|structural:18+|structural:responsible gambling,2026-08-09T06:03:50Z
https://20bet.app,20bet.app,1.0,strong:free spins|strong:live dealer|medium:casino|medium:slots|medium:poker|medium:sportsbook|medium:jackpot|medium:wager|medium:betting,2026-08-09T06:03:51Z
https://casinobonus.com,casinobonus.com,1.0,strong:deposit bonus|strong:free spins|strong:live dealer|strong:withdraw winnings|medium:casino|medium:slots|medium:jackpot|medium:wager|structural:18+,2026-08-09T06:04:14Z
https://baterybetlogin.com,baterybetlogin.com,1.0,strong:free spins|strong:play now|medium:casino|medium:slots|medium:poker|medium:sportsbook|medium:jackpot|medium:wager|medium:betting|negative:how to play,2026-08-09T06:04:17Z
https://slotszar.co.za,slotszar.co.za,1.0,strong:deposit bonus|strong:live dealer|medium:casino|medium:slots|medium:poker|medium:betting|structural:18+,2026-08-09T06:04:17Z
https://batery-app.in,batery-app.in,1.0,strong:free spins|strong:place a bet|strong:live dealer|strong:withdraw winnings|strong:play now|strong:curacao egaming|medium:casino|medium:slots|medium:sportsbook|medium:betting|negative:google play,2026-08-09T06:04:17Z
https://melbet-affiliate.com,melbet-affiliate.com,0.9,strong:live dealer|strong:cashier|medium:casino|medium:slots|medium:sportsbook|medium:betting,2026-08-09T06:04:17Z
https://optimbet.net,optimbet.net,1.0,strong:free spins|strong:register now|strong:curaçao egaming|medium:casino|medium:slots|medium:jackpot|medium:betting|structural:responsible gambling|negative:app store,2026-08-09T06:04:18Z
https://play-decodecasino.com,play-decodecasino.com,1.0,strong:free spins|strong:live dealer|strong:claim bonus|medium:casino|medium:slots|medium:poker|medium:jackpot|medium:wager|medium:betting|structural:18+|structural:responsible gambling,2026-08-09T06:04:18Z
https://bovada.com,bovada.com,0.9,strong:live dealer|strong:register now|medium:casino|medium:slots|medium:poker|medium:betting,2026-08-09T06:04:18Z
https://bovada.com,bovada.com,0.9,strong:live dealer|strong:register now|medium:casino|medium:slots|medium:poker|medium:betting,2026-08-09T06:04:18Z
https://casinodecoded.com,casinodecoded.com,0.95,strong:free spins|strong:ukgc|medium:casino|medium:slots|medium:wager|structural:18+,2026-08-09T06:04:18Z
https://toffeeweb.com,toffeeweb.com,1.0,strong:free spins|strong:place a bet|strong:claim bonus|medium:casino|medium:poker|medium:sportsbook|medium:wager|medium:betting|structural:18+|structural:gambleaware|structural:responsible gambling|negative:google play,2026-08-09T06:04:18Z
https://decodecasino1.com,decodecasino1.com,0.9,strong:free spins|strong:live dealer|medium:casino|medium:slots|medium:poker|medium:jackpot,2026-08-09T06:04:18Z
https://playbovadaus.com,playbovadaus.com,1.0,strong:deposit bonus|strong:free spins|strong:live dealer|medium:casino|medium:slots|medium:poker|medium:jackpot|medium:wager|medium:betting|structural:responsible gambling,2026-08-09T06:04:18Z
https://gamesandcasino.com,gamesandcasino.com,1.0,strong:deposit bonus|strong:free spins|strong:live dealer|strong:claim bonus|medium:casino|medium:slots|medium:poker|medium:jackpot|medium:wager|structural:18+|negative:how to play,2026-08-09T06:04:19Z
https://us-bovada-en.com,us-bovada-en.com,1.0,strong:live dealer|strong:claim bonus|strong:cashier|strong:bet slip|medium:casino|medium:slots|medium:poker|medium:sportsbook|medium:jackpot|medium:wager|medium:betting,2026-08-09T06:04:19Z
https://us-bovada.us,us-bovada.us,1.0,strong:free spins|strong:live dealer|medium:casino|medium:slots|medium:poker|medium:sportsbook|medium:jackpot|medium:wager|medium:betting|structural:18+|structural:responsible gambling|negative:how to play,2026-08-09T06:04:19Z
https://bovada-us-casino.com,bovada-us-casino.com,1.0,strong:place a bet|strong:live dealer|strong:play now|strong:cashier|medium:casino|medium:slots|medium:poker|medium:sportsbook|medium:jackpot|medium:wager|structural:18+|structural:responsible gambling|negative:app store|negative:google play,2026-08-09T06:04:20Z
https://batery-ind.com,batery-ind.com,1.0,strong:free spins|strong:place a bet|strong:live dealer|strong:withdraw winnings|strong:bet slip|medium:casino|medium:slots|medium:sportsbook|medium:betting,2026-08-09T06:04:23Z
https://nn777ph2.com,nn777ph2.com,1.0,strong:live dealer|strong:play now|medium:casino|medium:slots|medium:poker|medium:jackpot|medium:betting|structural:responsible gambling,2026-08-09T06:04:23Z
https://casinos18.com,casinos18.com,1.0,strong:free spins|strong:live dealer|strong:play now|medium:casino|medium:slots|medium:poker|medium:sportsbook|medium:jackpot|medium:wager|medium:betting|structural:18+|structural:responsible gambling,2026-08-09T06:04:23Z
https://in-batery.com,in-batery.com,1.0,strong:deposit bonus|strong:free spins|strong:bet slip|strong:curaçao egaming|medium:casino|medium:slots|medium:poker|medium:sportsbook|medium:jackpot|medium:wager|medium:betting|structural:18+|structural:responsible gambling|structural:age verification,2026-08-09T06:04:23Z
https://mnn777.org,mnn777.org,1.0,strong:deposit bonus|strong:free spins|strong:live dealer|strong:claim bonus|strong:play now|medium:casino|medium:slots|medium:jackpot|medium:betting|structural:age verification,2026-08-09T06:04:23Z
https://nn777.io,nn777.io,1.0,strong:live dealer|strong:withdraw winnings|strong:register now|medium:casino|medium:slots|medium:sportsbook|medium:jackpot|medium:betting,2026-08-09T06:04:23Z
https://skyinplay.ind.in,skyinplay.ind.in,1.0,strong:claim bonus|strong:play now|medium:casino|medium:poker|medium:sportsbook|medium:wager|medium:betting|structural:responsible gambling,2026-08-09T06:04:23Z
https://in-batery.com,in-batery.com,1.0,strong:deposit bonus|strong:free spins|strong:bet slip|strong:curaçao egaming|medium:casino|medium:slots|medium:poker|medium:sportsbook|medium:jackpot|medium:wager|medium:betting|structural:18+|structural:responsible gambling|structural:age verification,2026-08-09T06:04:24Z
https://nn777a.app,nn777a.app,1.0,strong:free spins|strong:live dealer|strong:play now|medium:casino|medium:slots|medium:jackpot|medium:wager|medium:betting,2026-08-09T06:04:24Z
https://batery-ind.net,batery-ind.net,1.0,strong:free spins|strong:live dealer|strong:cashier|strong:bet slip|strong:curaçao egaming|medium:casino|medium:slots|medium:poker|medium:sportsbook|medium:jackpot|medium:wager|medium:betting|structural:age verification|negative:google play,2026-08-09T06:04:24Z
https://nn777.io,nn777.io,1.0,strong:live dealer|strong:withdraw winnings|strong:register now|medium:casino|medium:slots|medium:sportsbook|medium:jackpot|medium:betting,2026-08-09T06:04:24Z
https://nn777ph.app,nn777ph.app,0.9,strong:live dealer|strong:register now|medium:casino|medium:slots|medium:jackpot|medium:betting,2026-08-09T06:04:25Z
https://selfless.gg,selfless.gg,0.9,strong:free spins|strong:register now|medium:casino|medium:poker|medium:wager|medium:betting,2026-08-09T06:04:25Z
https://casinoonline.com,casinoonline.com,1.0,strong:free spins|strong:live dealer|strong:claim bonus|medium:casino|medium:slots|medium:poker|medium:jackpot|medium:wager|negative:how to play,2026-08-09T06:04:26Z
https://time2play.com,time2play.com,1.0,strong:deposit bonus|strong:free spins|medium:casino|medium:slots|medium:poker|medium:sportsbook|medium:jackpot|medium:wager|medium:betting,2026-08-09T06:04:26Z
https://biozion.in,biozion.in,1.0,strong:deposit bonus|strong:place a bet|strong:live dealer|strong:withdraw winnings|strong:cashier|medium:casino|medium:slots|medium:jackpot|medium:wager|medium:betting|negative:how to play,2026-08-09T06:04:26Z
https://live-crazytime.com,live-crazytime.com,0.75,strong:cashier|strong:curaçao egaming|medium:casino|medium:slots|medium:wager|medium:betting|structural:gambleaware|structural:responsible gambling|negative:how to play|negative:app store|negative:google play,2026-08-09T06:04:27Z
https://globalpokersites.com,globalpokersites.com,1.0,strong:free spins|strong:play now|strong:cashier|medium:casino|medium:poker|medium:jackpot,2026-08-09T06:04:28Z
https://mybwinapp.com,mybwinapp.com,1.0,strong:free spins|strong:live dealer|strong:register now|strong:cashier|strong:bet slip|strong:ukgc|medium:casino|medium:slots|medium:poker|medium:sportsbook|medium:jackpot|medium:wager|medium:betting|structural:responsible gambling|negative:app store|negative:google play,2026-08-09T06:04:28Z
https://bc-game61.com,bc-game61.com,1.0,strong:free spins|strong:live dealer|strong:withdraw winnings|strong:claim bonus|strong:play now|medium:casino|medium:slots|medium:poker|medium:jackpot|medium:wager|medium:betting,2026-08-09T06:04:28Z
https://slingosite.com,slingosite.com,1.0,strong:free spins|strong:withdraw winnings|strong:ukgc|medium:casino|medium:slots|medium:jackpot|medium:wager|negative:how to play,2026-08-09T06:04:28Z
https://play-bovadacasino.com,play-bovadacasino.com,1.0,strong:live dealer|strong:play now|medium:casino|medium:slots|medium:poker|medium:sportsbook|medium:jackpot|medium:wager|medium:betting,2026-08-09T06:04:30Z
https://bovada-uscasino.com,bovada-uscasino.com,1.0,strong:live dealer|strong:curacao egaming|medium:casino|medium:slots|medium:poker|medium:jackpot|medium:betting,2026-08-09T06:04:30Z
https://livedealerindia.com,livedealerindia.com,1.0,strong:live dealer|strong:play now|strong:curaçao egaming|medium:casino|medium:poker|medium:wager|medium:betting|structural:18+|structural:gambleaware|negative:app store|negative:google play,2026-08-09T06:04:30Z
https://skyexchangeindia.com,skyexchangeindia.com,1.0,strong:live dealer|strong:play now|medium:casino|medium:slots|medium:poker|medium:wager|medium:betting|structural:responsible gambling,2026-08-09T06:04:31Z
https://sky-exchange.net,sky-exchange.net,0.8,strong:place a bet|strong:live dealer|medium:casino|medium:slots|medium:betting,2026-08-09T06:04:31Z
https://skyexch.ind.in,skyexch.ind.in,1.0,strong:live dealer|strong:play now|medium:casino|medium:slots|medium:poker|medium:sportsbook|medium:wager|medium:betting|structural:18+,2026-08-09T06:04:31Z
https://pragmaticspins.com,pragmaticspins.com,1.0,strong:free spins|strong:ukgc|medium:casino|medium:slots|medium:wager|structural:18+|structural:gambleaware|structural:responsible gambling|negative:written by,2026-08-09T06:04:31Z
https://betastic.com,betastic.com,1.0,strong:deposit bonus|strong:free spins|strong:place a bet|strong:live dealer|strong:play now|medium:casino|medium:slots|medium:poker|medium:sportsbook|medium:jackpot|medium:wager|medium:betting|structural:18+,2026-08-09T06:04:31Z
https://skyexchid.bet,skyexchid.bet,1.0,strong:live dealer|strong:bet slip|medium:casino|medium:poker|medium:sportsbook|medium:wager|medium:betting|structural:18+,2026-08-09T06:04:32Z
https://sportsgambler.com,sportsgambler.com,1.0,strong:deposit bonus|strong:free spins|medium:casino|medium:slots|medium:sportsbook|medium:jackpot|medium:wager|medium:betting|structural:18+|structural:gambleaware|structural:responsible gambling|negative:editorial policy|negative:written by,2026-08-09T06:04:33Z
https://m88mobile.org,m88mobile.org,0.95,strong:live dealer|strong:register now|medium:casino|medium:slots|medium:betting|structural:responsible gambling,2026-08-09T06:04:33Z
https://fun88-official-india.com,fun88-official-india.com,1.0,strong:place a bet|strong:live dealer|strong:register now|strong:play now|medium:casino|medium:slots|medium:sportsbook|medium:jackpot|medium:wager|medium:betting|negative:google play,2026-08-09T06:04:34Z
https://playpro.in,playpro.in,1.0,strong:deposit bonus|strong:cashier|strong:bet slip|medium:casino|medium:slots|medium:betting|structural:responsible gambling|negative:how to play,2026-08-09T06:04:35Z
https://parimatch-live.net,parimatch-live.net,1.0,strong:live dealer|strong:cashier|strong:bet slip|strong:curacao egaming|medium:casino|medium:slots|medium:poker|medium:jackpot|medium:wager|medium:betting|structural:18+|negative:app store,2026-08-09T06:04:35Z
https://dbims.in,dbims.in,1.0,strong:deposit bonus|strong:free spins|strong:live dealer|strong:bet slip|medium:casino|medium:sportsbook|medium:wager|medium:betting,2026-08-09T06:04:35Z
https://mega-pari-online.com,mega-pari-online.com,1.0,strong:deposit bonus|strong:free spins|strong:live dealer|medium:casino|medium:slots|medium:sportsbook|medium:jackpot|medium:wager|medium:betting|structural:responsible gambling,2026-08-09T06:04:36Z
https://sky247india.io,sky247india.io,1.0,strong:live dealer|strong:play now|medium:casino|medium:slots|medium:poker|medium:jackpot|medium:wager|medium:betting,2026-08-09T06:04:36Z
https://m88casino.one,m88casino.one,0.8,strong:deposit bonus|strong:free spins|medium:casino|medium:slots|medium:betting,2026-08-09T06:04:36Z
https://spin-casinoo.com,spin-casinoo.com,1.0,strong:deposit bonus|strong:live dealer|strong:withdraw winnings|strong:claim bonus|strong:cashier|medium:casino|medium:slots|medium:poker|medium:sportsbook|medium:jackpot|medium:wager|medium:betting|structural:18+|structural:responsible gambling|negative:app store|negative:google play,2026-08-09T06:04:36Z
https://melbt.net.in,melbt.net.in,1.0,strong:deposit bonus|strong:free spins|strong:live dealer|strong:bet slip|strong:curacao egaming|medium:casino|medium:slots|medium:poker|medium:sportsbook|medium:wager|medium:betting|negative:app store,2026-08-09T06:04:36Z
https://dazzlingindia.com,dazzlingindia.com,0.8,strong:register now|strong:claim bonus|medium:casino|medium:slots|medium:betting,2026-08-09T06:04:36Z
https://888casinoindian.com,888casinoindian.com,1.0,strong:deposit bonus|strong:free spins|strong:live dealer|strong:claim bonus|strong:play now|strong:ukgc|medium:casino|medium:slots|medium:poker|medium:jackpot|medium:wager|medium:betting|structural:18+|negative:app store|negative:google play,2026-08-09T06:04:36Z
https://20bets.in,20bets.in,1.0,strong:deposit bonus|strong:free spins|strong:place a bet|strong:live dealer|strong:withdraw winnings|strong:claim bonus|strong:cashier|medium:casino|medium:slots|medium:sportsbook|medium:jackpot|medium:wager|medium:betting|structural:18+|structural:gambleaware|negative:app store,2026-08-09T06:04:36Z
https://fortunejackslot.com,fortunejackslot.com,1.0,strong:deposit bonus|strong:free spins|strong:play now|medium:casino|medium:poker|medium:jackpot,2026-08-09T06:04:36Z
https://play-fortunejack.com,play-fortunejack.com,1.0,strong:free spins|strong:cashier|medium:casino|medium:slots|medium:poker|medium:jackpot|medium:wager|medium:betting,2026-08-09T06:04:37Z
https://fortunejack-pokies.com,fortunejack-pokies.com,1.0,strong:free spins|strong:live dealer|strong:cashier|medium:casino|medium:slots|medium:jackpot|medium:betting,2026-08-09T06:04:37Z
https://linebet-casino1.com,linebet-casino1.com,1.0,strong:deposit bonus|strong:free spins|strong:live dealer|strong:register now|medium:casino|medium:slots|medium:poker|medium:sportsbook|medium:wager|medium:betting|structural:age verification,2026-08-09T06:04:37Z
https://20-bet.com,20-bet.com,1.0,strong:free spins|strong:live dealer|medium:casino|medium:slots|medium:poker|medium:sportsbook|medium:jackpot|medium:wager|medium:betting,2026-08-09T06:04:37Z
https://parijs.in,parijs.in,1.0,strong:place a bet|strong:bet slip|strong:curaçao egaming|medium:casino|medium:slots|medium:poker|medium:sportsbook|medium:jackpot|medium:betting|negative:app store,2026-08-09T06:04:37Z
https://indibetindia.com,indibetindia.com,1.0,strong:deposit bonus|strong:curaçao egaming|medium:casino|medium:slots|medium:wager|medium:betting|structural:18+,2026-08-09T06:04:37Z
https://mfairplay.com,mfairplay.com,0.85,strong:live dealer|strong:curacao egaming|medium:casino|medium:betting|structural:18+,2026-08-09T06:04:38Z
https://surebets.bet,surebets.bet,1.0,strong:place a bet|strong:bet slip|medium:casino|medium:poker|medium:sportsbook|medium:wager|medium:betting|structural:18+,2026-08-09T06:04:38Z
https://20betcasino2026.com,20betcasino2026.com,1.0,strong:free spins|strong:live dealer|medium:casino|medium:slots|medium:poker|medium:sportsbook|medium:wager|medium:betting|structural:18+|structural:gambleaware|structural:responsible gambling|negative:app store|negative:google play,2026-08-09T06:04:38Z
https://fairplay-co.com,fairplay-co.com,1.0,strong:deposit bonus|strong:live dealer|strong:claim bonus|strong:curacao egaming|medium:casino|medium:slots|medium:sportsbook|medium:wager|medium:betting|structural:18+|negative:google play,2026-08-09T06:04:39Z
https://melbetindia.org,melbetindia.org,0.9,strong:free spins|strong:live dealer|medium:casino|medium:slots|medium:sportsbook|medium:betting,2026-08-09T06:04:39Z
https://india-mostbets.com,india-mostbets.com,1.0,strong:free spins|strong:place a bet|strong:live dealer|strong:cashier|strong:bet slip|strong:curacao egaming|medium:casino|medium:slots|medium:sportsbook|medium:jackpot|medium:wager|medium:betting|negative:app store,2026-08-09T06:04:39Z
https://mostbet.io.in,mostbet.io.in,1.0,strong:deposit bonus|strong:free spins|strong:live dealer|medium:casino|medium:slots|medium:poker|medium:sportsbook|medium:wager|medium:betting,2026-08-09T06:04:40Z
https://1winslot.in,1winslot.in,1.0,strong:deposit bonus|strong:live dealer|strong:register now|strong:claim bonus|medium:casino|medium:slots|medium:poker|medium:betting|structural:18+|structural:responsible gambling,2026-08-09T06:04:41Z
https://bet365-global.net,bet365-global.net,1.0,strong:deposit bonus|strong:free spins|medium:casino|medium:slots|medium:poker|medium:sportsbook|medium:betting,2026-08-09T06:04:41Z
https://fairplays.org.in,fairplays.org.in,1.0,strong:deposit bonus|strong:place a bet|strong:cashier|medium:casino|medium:slots|medium:sportsbook|medium:wager|medium:betting,2026-08-09T06:04:42Z
https://megapari.plus,megapari.plus,1.0,strong:free spins|strong:register now|strong:claim bonus|strong:curaçao egaming|medium:casino|medium:slots|medium:poker|medium:sportsbook|medium:wager|medium:betting|structural:18+|structural:gambleaware|negative:app store|negative:google play,2026-08-09T06:04:42Z
https://4rabet-web.com,4rabet-web.com,1.0,strong:free spins|strong:place a bet|strong:live dealer|strong:cashier|medium:casino|medium:slots|medium:poker|medium:sportsbook|medium:jackpot|medium:wager|medium:betting,2026-08-09T06:04:43Z
https://bass-win.com,bass-win.com,1.0,strong:free spins|strong:live dealer|strong:claim bonus|strong:ukgc|medium:casino|medium:slots|medium:poker|medium:jackpot|medium:wager|medium:betting,2026-08-09T06:04:43Z
https://registration-basswin.com,registration-basswin.com,1.0,strong:live dealer|strong:cashier|medium:casino|medium:slots|medium:sportsbook|medium:jackpot|medium:betting,2026-08-09T06:04:44Z
https://bass-winn.com,bass-winn.com,1.0,strong:free spins|strong:live dealer|strong:claim bonus|strong:play now|strong:curaçao egaming|medium:casino|medium:slots|medium:poker|medium:sportsbook|medium:jackpot|medium:wager|medium:betting|structural:responsible gambling,2026-08-09T06:04:44Z
https://1wincasino-india.com,1wincasino-india.com,1.0,strong:free spins|strong:live dealer|strong:claim bonus|strong:curaçao egaming|medium:casino|medium:slots|medium:poker|medium:sportsbook|medium:jackpot|medium:wager|medium:betting|structural:18+,2026-08-09T06:04:44Z
https://lotteryworld.com,lotteryworld.com,1.0,strong:live dealer|strong:play now|medium:casino|medium:slots|medium:poker|medium:jackpot|medium:wager|medium:betting,2026-08-09T06:04:45Z
https://bass-win.pro,bass-win.pro,1.0,strong:deposit bonus|strong:free spins|strong:live dealer|strong:cashier|strong:bet slip|strong:ukgc|medium:casino|medium:slots|medium:poker|medium:sportsbook|medium:jackpot|medium:wager|medium:betting|structural:responsible gambling,2026-08-09T06:04:45Z
https://anonymouscasinos.ltd,anonymouscasinos.ltd,1.0,strong:deposit bonus|strong:free spins|strong:live dealer|strong:withdraw winnings|strong:curaçao egaming|medium:casino|medium:slots|medium:poker|medium:sportsbook|medium:jackpot|medium:wager|medium:betting|structural:responsible gambling|negative:app store,2026-08-09T06:04:45Z
https://anonymouscasino.ltd,anonymouscasino.ltd,1.0,strong:deposit bonus|strong:free spins|strong:live dealer|strong:cashier|strong:curaçao egaming|medium:casino|medium:slots|medium:poker|medium:jackpot|medium:wager|medium:betting|structural:gambleaware|structural:responsible gambling|negative:written by,2026-08-09T06:04:45Z
https://bitcoinchaser.com,bitcoinchaser.com,1.0,strong:deposit bonus|strong:free spins|strong:claim bonus|medium:casino|medium:poker|medium:sportsbook|medium:wager|medium:betting|structural:responsible gambling,2026-08-09T06:04:46Z
https://snbet.se,snbet.se,1.0,strong:deposit bonus|strong:sign up now|medium:casino|medium:slots|medium:sportsbook|medium:wager|medium:betting|structural:18+,2026-08-09T06:04:46Z
https://studioamplify.com,studioamplify.com,1.0,strong:deposit bonus|strong:free spins|strong:play now|medium:casino|medium:wager|structural:responsible gambling,2026-08-09T06:04:47Z
https://volair.io,volair.io,1.0,strong:deposit bonus|strong:free spins|medium:casino|medium:slots|medium:wager|medium:betting|structural:responsible gambling,2026-08-09T06:04:48Z
https://stakebonus.com,stakebonus.com,1.0,strong:deposit bonus|strong:free spins|strong:place a bet|strong:sign up now|medium:casino|medium:slots|medium:poker|medium:sportsbook|medium:wager|medium:betting,2026-08-09T06:04:49Z
https://gamblingguy.com,gamblingguy.com,1.0,strong:deposit bonus|strong:free spins|medium:casino|medium:slots|medium:poker|medium:sportsbook|medium:jackpot|medium:wager|medium:betting,2026-08-09T06:04:50Z
https://bf1.io,bf1.io,1.0,strong:deposit bonus|strong:free spins|strong:live dealer|medium:casino|medium:slots|medium:poker|medium:sportsbook|medium:jackpot|medium:wager|medium:betting|structural:18+|structural:responsible gambling,2026-08-09T06:04:51Z
https://slotark.com,slotark.com,1.0,strong:deposit bonus|strong:free spins|medium:casino|medium:slots|medium:sportsbook|medium:wager|structural:18+,2026-08-09T06:04:51Z
https://matchbonuscasinos.com,matchbonuscasinos.com,1.0,strong:deposit bonus|strong:free spins|medium:casino|medium:slots|medium:poker|medium:jackpot|medium:wager|medium:betting,2026-08-09T06:04:52Z
https://bally-bet.us,bally-bet.us,1.0,strong:deposit bonus|strong:free spins|strong:live dealer|strong:claim bonus|strong:play now|medium:casino|medium:slots|medium:sportsbook|medium:wager|medium:betting|structural:18+|negative:app store,2026-08-09T06:04:53Z
https://no-deposit-bonus-usa.com,no-deposit-bonus-usa.com,0.95,strong:deposit bonus|strong:free spins|strong:sign up now|medium:casino|medium:slots,2026-08-09T06:04:53Z
https://5staronlinecasino.com,5staronlinecasino.com,1.0,strong:deposit bonus|strong:free spins|strong:live dealer|strong:cashier|medium:casino|medium:slots|medium:poker|medium:jackpot|medium:wager|negative:how to play|negative:app store,2026-08-09T06:04:53Z
https://judgecasino.com,judgecasino.com,0.75,strong:free spins|strong:live dealer|medium:casino|medium:slots|medium:jackpot|medium:wager|negative:how to play,2026-08-09T06:04:55Z
https://play-admiralcasino.com,play-admiralcasino.com,1.0,strong:free spins|strong:claim bonus|medium:casino|medium:slots|medium:poker|medium:jackpot|medium:wager|medium:betting,2026-08-09T06:04:57Z
https://en-rocketplaycasino.com,en-rocketplaycasino.com,1.0,strong:free spins|strong:live dealer|strong:claim bonus|strong:cashier|medium:casino|medium:slots|medium:poker|medium:sportsbook|medium:jackpot|medium:wager|medium:betting|structural:18+|structural:responsible gambling,2026-08-09T06:04:57Z
https://play-admiralcasino.com,play-admiralcasino.com,1.0,strong:free spins|strong:claim bonus|medium:casino|medium:slots|medium:poker|medium:jackpot|medium:wager|medium:betting,2026-08-09T06:04:57Z
https://bestonlinecasino.com,bestonlinecasino.com,1.0,strong:deposit bonus|strong:free spins|strong:live dealer|strong:ukgc|medium:casino|medium:slots|medium:poker|medium:jackpot|medium:wager|medium:betting|structural:18+|structural:gambleaware|structural:responsible gambling,2026-08-09T06:04:57Z
https://rocketplay888.com,rocketplay888.com,1.0,strong:deposit bonus|strong:free spins|strong:cashier|strong:curaçao egaming|medium:casino|medium:slots|medium:poker|medium:jackpot|medium:wager|structural:responsible gambling,2026-08-09T06:04:57Z
https://supabet.casino,supabet.casino,1.0,strong:deposit bonus|strong:free spins|strong:play now|medium:casino|medium:slots|medium:poker|medium:sportsbook|medium:jackpot|medium:betting,2026-08-09T06:04:58Z
https://bonusinsider.com,bonusinsider.com,1.0,strong:deposit bonus|strong:free spins|strong:live dealer|strong:play now|medium:casino|medium:slots|medium:poker|medium:wager|medium:betting,2026-08-09T06:05:00Z
https://luckyspin-india.com,luckyspin-india.com,1.0,strong:live dealer|strong:play now|medium:casino|medium:slots|medium:poker|medium:sportsbook|medium:jackpot,2026-08-09T06:05:00Z
https://supabetscom.com,supabetscom.com,1.0,strong:deposit bonus|strong:free spins|strong:place a bet|strong:live dealer|strong:bet slip|medium:casino|medium:slots|medium:poker|medium:sportsbook|medium:jackpot|medium:wager|medium:betting|structural:responsible gambling,2026-08-09T06:05:00Z
https://play-crowncoinscasino.com,play-crowncoinscasino.com,1.0,strong:free spins|strong:claim bonus|medium:casino|medium:slots|medium:poker|medium:jackpot|medium:wager|medium:betting,2026-08-09T06:05:00Z
https://play-crowncoinscasino.com,play-crowncoinscasino.com,1.0,strong:free spins|strong:claim bonus|medium:casino|medium:slots|medium:poker|medium:jackpot|medium:wager|medium:betting,2026-08-09T06:05:00Z
https://crowncoins.one,crowncoins.one,1.0,strong:deposit bonus|strong:live dealer|strong:claim bonus|strong:play now|medium:casino|medium:slots|medium:poker|medium:jackpot|medium:wager|medium:betting|structural:18+,2026-08-09T06:05:01Z
https://pari-bet.org.in,pari-bet.org.in,1.0,strong:place a bet|strong:withdraw winnings|strong:claim bonus|strong:bet slip|medium:casino|medium:slots|medium:poker|medium:sportsbook|medium:jackpot|medium:wager|medium:betting|negative:how to play,2026-08-09T06:05:01Z
https://casinobillionaire.com,casinobillionaire.com,1.0,strong:deposit bonus|strong:free spins|strong:live dealer|strong:claim bonus|strong:ukgc|medium:casino|medium:slots|medium:poker|medium:sportsbook|medium:jackpot|medium:wager|medium:betting|structural:responsible gambling|negative:written by|negative:author bio,2026-08-09T06:05:01Z
https://rivierasports.com,rivierasports.com,1.0,strong:free spins|strong:live dealer|strong:play now|medium:casino|medium:poker|medium:sportsbook|medium:wager|medium:betting|structural:18+|structural:responsible gambling,2026-08-09T06:05:02Z
https://hot-streak.casino,hot-streak.casino,1.0,strong:deposit bonus|strong:free spins|strong:live dealer|strong:play now|medium:casino|medium:slots|medium:jackpot|medium:wager|structural:18+,2026-08-09T06:05:02Z
https://streakgaming.com,streakgaming.com,0.9,strong:free spins|strong:play now|medium:casino|medium:slots|medium:sportsbook|medium:betting,2026-08-09T06:05:03Z
https://amwager.com,amwager.com,1.0,strong:place a bet|strong:register now|strong:sign up now|medium:wager|medium:betting|structural:18+,2026-08-09T06:05:04Z
https://win-streak.net,win-streak.net,1.0,strong:free spins|strong:live dealer|strong:register now|strong:cashier|medium:casino|medium:slots|medium:jackpot|structural:responsible gambling,2026-08-09T06:05:05Z
https://livecasinoindia.com,livecasinoindia.com,1.0,strong:live dealer|strong:play now|strong:ukgc|strong:curaçao egaming|medium:casino|medium:slots|medium:poker|medium:sportsbook|medium:jackpot|medium:betting|structural:responsible gambling,2026-08-09T06:05:05Z
https://rajabets3.net,rajabets3.net,1.0,strong:free spins|strong:live dealer|strong:sign up now|medium:casino|medium:slots|medium:betting|structural:responsible gambling,2026-08-09T06:05:06Z
https://rajabets.org,rajabets.org,1.0,strong:deposit bonus|strong:free spins|strong:live dealer|strong:curacao egaming|medium:casino|medium:slots|medium:poker|medium:sportsbook|medium:jackpot|medium:wager|medium:betting|structural:18+|structural:responsible gambling,2026-08-09T06:05:06Z
https://rajabets.org,rajabets.org,1.0,strong:deposit bonus|strong:free spins|strong:live dealer|strong:curacao egaming|medium:casino|medium:slots|medium:poker|medium:sportsbook|medium:jackpot|medium:wager|medium:betting|structural:18+|structural:responsible gambling,2026-08-09T06:05:06Z
https://rajabetscasino-india.com,rajabetscasino-india.com,1.0,strong:deposit bonus|strong:free spins|strong:live dealer|medium:casino|medium:slots|medium:poker|medium:sportsbook|medium:jackpot|medium:wager|structural:18+,2026-08-09T06:05:07Z
https://us-us-betmgm.com,us-us-betmgm.com,1.0,strong:free spins|strong:live dealer|strong:register now|strong:claim bonus|strong:play now|medium:casino|medium:slots|medium:poker|medium:sportsbook|medium:jackpot|medium:wager|medium:betting,2026-08-09T06:05:07Z
https://us-us-fanduel.com,us-us-fanduel.com,1.0,strong:live dealer|strong:sign up now|medium:casino|medium:slots|medium:poker|medium:sportsbook|medium:wager|medium:betting|structural:18+,2026-08-09T06:05:08Z
https://official-rajabets-india.net,official-rajabets-india.net,1.0,strong:deposit bonus|strong:free spins|strong:live dealer|strong:play now|strong:bet slip|medium:casino|medium:slots|medium:poker|medium:jackpot|medium:wager|medium:betting|structural:responsible gambling,2026-08-09T06:05:09Z
https://slotsspin777.com,slotsspin777.com,0.85,strong:deposit bonus|strong:free spins|medium:slots|medium:jackpot|structural:18+,2026-08-09T06:05:10Z
https://casinofy.com,casinofy.com,1.0,strong:deposit bonus|strong:free spins|strong:live dealer|strong:claim bonus|strong:curaçao egaming|strong:curacao egaming|medium:casino|medium:slots|medium:poker|medium:sportsbook|medium:jackpot|medium:wager|medium:betting|structural:18+|structural:gambleaware|structural:responsible gambling,2026-08-09T06:05:11Z
https://houseoffun.com,houseoffun.com,0.8,strong:free spins|strong:play now|medium:casino|medium:slots|medium:jackpot,2026-08-09T06:05:12Z
https://onlinecasinoreports.sg,onlinecasinoreports.sg,1.0,strong:free spins|strong:play now|medium:casino|medium:slots|medium:poker|medium:sportsbook|medium:jackpot,2026-08-09T06:05:12Z
https://freebets.ltd.uk,freebets.ltd.uk,1.0,strong:deposit bonus|strong:free spins|strong:place a bet|strong:sign up now|strong:bet slip|strong:ukgc|medium:casino|medium:sportsbook|medium:wager|medium:betting|structural:18+|structural:gambleaware|structural:responsible gambling,2026-08-09T06:05:13Z
https://slotsofvegas.com,slotsofvegas.com,1.0,strong:free spins|strong:sign up now|strong:cashier|medium:casino|medium:slots|medium:poker|medium:jackpot|medium:wager,2026-08-09T06:05:13Z
https://spookyexpress.com,spookyexpress.com,1.0,strong:deposit bonus|strong:free spins|strong:place a bet|strong:live dealer|strong:sign up now|medium:casino|medium:slots|medium:poker|medium:sportsbook|medium:wager|medium:betting,2026-08-09T06:05:14Z
https://irishfortune.ie,irishfortune.ie,1.0,strong:free spins|strong:live dealer|strong:claim bonus|strong:cashier|strong:ukgc|strong:curaçao egaming|strong:curacao egaming|medium:casino|medium:slots|medium:sportsbook|medium:jackpot|medium:wager|medium:betting|structural:18+,2026-08-09T06:05:14Z
https://natural8.com,natural8.com,1.0,strong:deposit bonus|strong:live dealer|strong:sign up now|strong:cashier|medium:casino|medium:slots|medium:poker|medium:jackpot|medium:wager|medium:betting|negative:how to play,2026-08-09T06:05:14Z
https://myonlinecasinos.com,myonlinecasinos.com,1.0,strong:deposit bonus|strong:free spins|strong:live dealer|strong:withdraw winnings|medium:casino|medium:slots|medium:poker|medium:sportsbook|medium:jackpot|medium:wager|medium:betting|structural:18+|structural:responsible gambling,2026-08-09T06:05:14Z
https://justgamblers.com,justgamblers.com,1.0,strong:deposit bonus|strong:live dealer|medium:casino|medium:slots|medium:poker|medium:sportsbook|medium:jackpot|medium:wager|medium:betting|structural:responsible gambling,2026-08-09T06:05:14Z
https://thepicks.com,thepicks.com,1.0,strong:deposit bonus|strong:free spins|strong:live dealer|medium:casino|medium:slots|medium:sportsbook|medium:jackpot|medium:wager|medium:betting,2026-08-09T06:05:14Z
https://casinobonuswise.com,casinobonuswise.com,1.0,strong:deposit bonus|strong:free spins|strong:live dealer|strong:claim bonus|strong:play now|medium:casino|medium:slots|medium:poker|medium:sportsbook|medium:wager|medium:betting|structural:responsible gambling,2026-08-09T06:05:14Z
https://pokerking.com,pokerking.com,0.8,strong:deposit bonus|strong:register now|medium:casino|medium:poker|medium:jackpot,2026-08-09T06:05:15Z
https://0091.bet,0091.bet,1.0,strong:live dealer|strong:register now|strong:bet slip|medium:casino|medium:slots|medium:poker|medium:sportsbook|medium:jackpot|medium:wager|medium:betting,2026-08-09T06:08:14Z
https://0091.bet,0091.bet,1.0,strong:live dealer|strong:register now|strong:bet slip|medium:casino|medium:slots|medium:poker|medium:sportsbook|medium:jackpot|medium:wager|medium:betting,2026-08-09T06:08:14Z
https://0141.bet,0141.bet,1.0,strong:deposit bonus|strong:live dealer|strong:withdraw winnings|strong:register now|medium:casino|medium:slots|medium:poker|medium:jackpot|medium:wager|medium:betting|structural:18+,2026-08-09T06:08:27Z
https://0421.bet,0421.bet,1.0,strong:live dealer|strong:withdraw winnings|strong:register now|medium:casino|medium:slots|medium:jackpot|medium:wager|medium:betting,2026-08-09T06:09:53Z
https://0610.bet,0610.bet,1.0,strong:live dealer|strong:withdraw winnings|medium:casino|medium:slots|medium:jackpot|medium:wager|medium:betting,2026-08-09T06:11:05Z
https://07.bet,07.bet,1.0,strong:deposit bonus|strong:register now|medium:casino|medium:slots|medium:jackpot|medium:wager|medium:betting,2026-08-09T06:11:26Z
https://0710.bet,0710.bet,1.0,strong:deposit bonus|strong:live dealer|strong:register now|medium:casino|medium:slots|medium:poker|medium:sportsbook|medium:jackpot|medium:wager|medium:betting|structural:age verification,2026-08-09T06:11:27Z
https://0710.bet,0710.bet,1.0,strong:deposit bonus|strong:live dealer|strong:register now|medium:casino|medium:slots|medium:poker|medium:sportsbook|medium:jackpot|medium:wager|medium:betting|structural:age verification,2026-08-09T06:11:27Z
https://0713.bet,0713.bet,1.0,strong:live dealer|strong:register now|medium:casino|medium:slots|medium:poker|medium:jackpot|medium:wager|medium:betting,2026-08-09T06:11:28Z
https://0730.bet,0730.bet,0.95,strong:live dealer|strong:register now|medium:casino|medium:slots|medium:poker|medium:jackpot|medium:wager|medium:betting|negative:how to play,2026-08-09T06:11:35Z
https://0730.bet,0730.bet,0.95,strong:live dealer|strong:register now|medium:casino|medium:slots|medium:poker|medium:jackpot|medium:wager|medium:betting|negative:how to play,2026-08-09T06:11:35Z
https://09betapk.bet,09betapk.bet,0.8,strong:live dealer|strong:register now|medium:casino|medium:sportsbook|medium:betting,2026-08-09T06:15:22Z
https://0ad.bet,0ad.bet,0.8,strong:register now|strong:claim bonus|medium:casino|medium:slots|medium:betting,2026-08-09T06:16:10Z
https://0ay.bet,0ay.bet,1.0,strong:live dealer|strong:register now|medium:casino|medium:slots|medium:wager|medium:betting|structural:age verification,2026-08-09T06:16:12Z
https://0k333.bet,0k333.bet,1.0,strong:deposit bonus|strong:free spins|strong:live dealer|strong:play now|strong:bet slip|medium:casino|medium:slots|medium:sportsbook|medium:jackpot|medium:wager|medium:betting|structural:18+|structural:age verification,2026-08-09T06:16:36Z
https://0k368.bet,0k368.bet,0.8,strong:free spins|strong:live dealer|medium:casino|medium:jackpot|medium:wager,2026-08-09T06:16:36Z
https://0k368.bet,0k368.bet,0.8,strong:free spins|strong:live dealer|medium:casino|medium:jackpot|medium:wager,2026-08-09T06:16:36Z
https://0lx.bet,0lx.bet,1.0,strong:live dealer|strong:sign up now|medium:casino|medium:slots|medium:poker|medium:sportsbook|medium:jackpot|medium:wager|medium:betting,2026-08-09T06:16:46Z
https://0ne.bet,0ne.bet,1.0,strong:place a bet|strong:register now|medium:casino|medium:slots|medium:jackpot|medium:wager|medium:betting,2026-08-09T06:16:49Z
https://0ne.bet,0ne.bet,1.0,strong:place a bet|strong:register now|medium:casino|medium:slots|medium:jackpot|medium:wager|medium:betting,2026-08-09T06:16:49Z
https://0xx88.bet,0xx88.bet,0.85,strong:free spins|strong:live dealer|medium:casino|medium:wager|structural:18+,2026-08-09T06:17:12Z
https://10-euro-casino-nl.bet,10-euro-casino-nl.bet,0.9,strong:deposit bonus|strong:free spins|medium:casino|medium:slots|medium:jackpot|medium:wager,2026-08-09T06:17:26Z
https://10012.bet,10012.bet,1.0,strong:live dealer|strong:register now|strong:sign up now|medium:casino|medium:slots|medium:poker|medium:sportsbook|medium:jackpot|medium:wager|medium:betting|structural:age verification,2026-08-09T06:17:38Z
https://10012.bet,10012.bet,1.0,strong:live dealer|strong:register now|strong:sign up now|medium:casino|medium:slots|medium:poker|medium:sportsbook|medium:jackpot|medium:wager|medium:betting|structural:age verification,2026-08-09T06:17:38Z
https://1001slot.bet,1001slot.bet,0.9,strong:free spins|strong:live dealer|medium:casino|medium:slots|medium:sportsbook|medium:wager,2026-08-09T06:17:39Z
https://1001slot.bet,1001slot.bet,0.9,strong:free spins|strong:live dealer|medium:casino|medium:slots|medium:sportsbook|medium:wager,2026-08-09T06:17:39Z
https://100d.bet,100d.bet,1.0,strong:deposit bonus|strong:live dealer|strong:register now|medium:casino|medium:slots|medium:sportsbook|medium:jackpot|medium:wager|medium:betting,2026-08-09T06:17:45Z
https://100d.bet,100d.bet,1.0,strong:deposit bonus|strong:live dealer|strong:register now|medium:casino|medium:slots|medium:sportsbook|medium:jackpot|medium:wager|medium:betting,2026-08-09T06:17:45Z
https://100jl.bet,100jl.bet,1.0,strong:free spins|strong:live dealer|strong:claim bonus|medium:casino|medium:slots|medium:jackpot|medium:betting|structural:18+,2026-08-09T06:17:49Z
https://100jl.bet,100jl.bet,1.0,strong:free spins|strong:live dealer|strong:claim bonus|medium:casino|medium:slots|medium:jackpot,2026-08-09T06:17:49Z
https://100jili.bet,100jili.bet,1.0,strong:deposit bonus|strong:free spins|strong:sign up now|medium:casino|medium:slots|medium:poker,2026-08-09T06:17:49Z
https://100jili.bet,100jili.bet,1.0,strong:deposit bonus|strong:free spins|strong:sign up now|medium:casino|medium:slots|medium:poker,2026-08-09T06:17:49Z
https://10106.bet,10106.bet,1.0,strong:free spins|strong:live dealer|strong:register now|medium:casino|medium:slots|medium:poker|medium:jackpot|medium:wager|medium:betting,2026-08-09T06:17:57Z
https://1032.bet,1032.bet,1.0,strong:free spins|strong:place a bet|strong:register now|medium:casino|medium:slots|medium:poker|medium:sportsbook|medium:jackpot|medium:wager|medium:betting,2026-08-09T06:18:11Z
https://1037.bet,1037.bet,1.0,strong:register now|strong:play now|medium:casino|medium:slots|medium:jackpot|medium:wager|medium:betting,2026-08-09T06:18:13Z
https://1047.bet,1047.bet,1.0,strong:free spins|strong:live dealer|strong:register now|medium:casino|medium:slots|medium:sportsbook|medium:jackpot|medium:wager|medium:betting,2026-08-09T06:18:15Z
https://1046.bet,1046.bet,1.0,strong:free spins|strong:register now|strong:bet slip|medium:casino|medium:slots|medium:poker|medium:sportsbook|medium:jackpot|medium:wager|medium:betting,2026-08-09T06:18:15Z
https://1049.bet,1049.bet,1.0,strong:deposit bonus|strong:free spins|strong:register now|medium:casino|medium:slots|medium:poker|medium:sportsbook|medium:jackpot|medium:betting,2026-08-09T06:18:17Z
https://1072.bet,1072.bet,1.0,strong:live dealer|strong:register now|medium:casino|medium:slots|medium:poker|medium:jackpot|medium:wager|medium:betting,2026-08-09T06:18:34Z
https://1075.bet,1075.bet,1.0,strong:live dealer|strong:withdraw winnings|strong:register now|strong:sign up now|medium:casino|medium:slots|medium:poker|medium:jackpot|medium:wager|medium:betting,2026-08-09T06:18:35Z
https://1075.bet,1075.bet,1.0,strong:withdraw winnings|strong:sign up now|medium:casino|medium:slots|medium:poker|medium:jackpot|medium:betting,2026-08-09T06:18:35Z
https://1094.bet,1094.bet,1.0,strong:place a bet|strong:live dealer|strong:register now|medium:casino|medium:slots|medium:poker|medium:wager|medium:betting,2026-08-09T06:19:03Z
https://10betcasino.bet,10betcasino.bet,1.0,strong:live dealer|strong:mga/|medium:casino|medium:slots|medium:poker|medium:jackpot|structural:18+,2026-08-09T06:19:11Z
https://10betcasino.bet,10betcasino.bet,0.9,strong:live dealer|strong:mga/|medium:casino|medium:slots|medium:poker|medium:jackpot,2026-08-09T06:19:14Z
https://10free.bet,10free.bet,0.9,strong:free spins|strong:withdraw winnings|medium:casino|medium:slots|medium:wager|medium:betting,2026-08-09T06:19:19Z
https://10free.bet,10free.bet,0.9,strong:free spins|strong:withdraw winnings|medium:casino|medium:slots|medium:wager|medium:betting,2026-08-09T06:19:19Z
https://10jilli.bet,10jilli.bet,0.8,strong:live dealer|strong:register now|medium:casino|medium:slots|medium:betting,2026-08-09T06:19:24Z
https://10jilli.bet,10jilli.bet,0.8,strong:live dealer|strong:register now|medium:casino|medium:slots|medium:betting,2026-08-09T06:19:24Z
https://10x555.bet,10x555.bet,1.0,strong:free spins|strong:live dealer|medium:casino|medium:slots|medium:sportsbook|medium:jackpot|medium:wager|medium:betting|structural:responsible gambling|structural:age verification,2026-08-09T06:19:49Z
https://10x555.bet,10x555.bet,1.0,strong:free spins|strong:live dealer|medium:casino|medium:slots|medium:sportsbook|medium:jackpot|medium:wager|medium:betting,2026-08-09T06:19:50Z
https://11012.bet,11012.bet,1.0,strong:free spins|strong:register now|medium:casino|medium:slots|medium:poker|medium:jackpot|medium:wager|medium:betting,2026-08-09T06:19:58Z
https://1111be.bet,1111be.bet,0.8,strong:live dealer|strong:register now|medium:casino|medium:slots|medium:betting,2026-08-09T06:20:32Z
https://1111be.bet,1111be.bet,0.8,strong:live dealer|strong:register now|medium:casino|medium:slots|medium:betting,2026-08-09T06:20:32Z
https://1111betvip.bet,1111betvip.bet,0.9,strong:live dealer|strong:register now|medium:casino|medium:slots|medium:sportsbook|medium:betting,2026-08-09T06:20:37Z
https://1111betvip.bet,1111betvip.bet,0.9,strong:live dealer|strong:register now|medium:casino|medium:slots|medium:sportsbook|medium:betting,2026-08-09T06:20:37Z
https://1111bit.bet,1111bit.bet,0.8,strong:live dealer|strong:register now|medium:casino|medium:sportsbook|medium:betting,2026-08-09T06:20:41Z
https://1111x.bet,1111x.bet,0.9,strong:live dealer|strong:cashier|medium:casino|medium:slots|medium:wager|medium:betting,2026-08-09T06:20:50Z
https://1111x.bet,1111x.bet,0.9,strong:live dealer|strong:cashier|medium:casino|medium:slots|medium:wager|medium:betting,2026-08-09T06:20:50Z
https://111apk.bet,111apk.bet,0.95,strong:live dealer|strong:register now|medium:casino|medium:slots|medium:betting|structural:18+,2026-08-09T06:20:54Z
https://111apk.bet,111apk.bet,0.8,strong:live dealer|strong:register now|medium:casino|medium:slots|medium:betting,2026-08-09T06:20:56Z
https://111betlogin.bet,111betlogin.bet,0.8,strong:place a bet|strong:register now|medium:casino|medium:jackpot|medium:betting,2026-08-09T06:21:03Z
https://111bk.bet,111bk.bet,1.0,strong:free spins|strong:live dealer|medium:casino|medium:slots|medium:jackpot|medium:betting|structural:18+,2026-08-09T06:21:04Z
https://111brt.bet,111brt.bet,1.0,strong:live dealer|strong:play now|medium:casino|medium:slots|medium:poker|medium:jackpot|medium:wager|medium:betting,2026-08-09T06:21:06Z
https://111cx.bet,111cx.bet,1.0,strong:place a bet|strong:live dealer|medium:casino|medium:slots|medium:poker|medium:sportsbook|medium:jackpot|medium:wager|medium:betting|structural:age verification,2026-08-09T06:21:06Z
https://111cx.bet,111cx.bet,1.0,strong:place a bet|strong:live dealer|medium:casino|medium:slots|medium:poker|medium:sportsbook|medium:jackpot|medium:wager|medium:betting|structural:age verification,2026-08-09T06:21:07Z
https://111brt.bet,111brt.bet,1.0,strong:live dealer|strong:play now|medium:casino|medium:slots|medium:poker|medium:jackpot|medium:wager|medium:betting,2026-08-09T06:21:07Z
https://11223b.bet,11223b.bet,1.0,strong:free spins|strong:live dealer|strong:withdraw winnings|strong:play now|medium:casino|medium:slots|medium:poker|medium:jackpot|medium:wager|medium:betting|negative:how to play,2026-08-09T06:21:30Z
https://11223b.bet,11223b.bet,1.0,strong:free spins|strong:live dealer|strong:withdraw winnings|strong:play now|medium:casino|medium:slots|medium:poker|medium:jackpot|medium:wager|medium:betting|negative:how to play,2026-08-09T06:21:30Z
https://1124.bet,1124.bet,1.0,strong:live dealer|strong:register now|medium:casino|medium:slots|medium:sportsbook|medium:jackpot|medium:wager|medium:betting,2026-08-09T06:21:32Z
https://11311.bet,11311.bet,1.0,strong:free spins|strong:live dealer|strong:sign up now|medium:casino|medium:slots|medium:poker|medium:sportsbook|medium:jackpot|medium:wager|medium:betting,2026-08-09T06:21:36Z
https://11311.bet,11311.bet,1.0,strong:free spins|strong:live dealer|strong:sign up now|medium:casino|medium:slots|medium:poker|medium:sportsbook|medium:jackpot|medium:wager|medium:betting,2026-08-09T06:21:36Z
https://1149.bet,1149.bet,1.0,strong:live dealer|strong:register now|strong:sign up now|medium:casino|medium:slots|medium:poker|medium:jackpot|medium:wager|medium:betting|structural:responsible gambling,2026-08-09T06:21:46Z
https://1149.bet,1149.bet,1.0,strong:live dealer|strong:register now|strong:sign up now|medium:casino|medium:slots|medium:poker|medium:jackpot|medium:wager|medium:betting|structural:responsible gambling,2026-08-09T06:21:46Z
https://1157.bet,1157.bet,1.0,strong:deposit bonus|strong:live dealer|strong:withdraw winnings|strong:register now|medium:casino|medium:slots|medium:poker|medium:sportsbook|medium:jackpot|medium:betting|negative:how to play,2026-08-09T06:22:38Z
https://1157.bet,1157.bet,1.0,strong:deposit bonus|strong:live dealer|strong:withdraw winnings|strong:register now|medium:casino|medium:slots|medium:poker|medium:sportsbook|medium:jackpot|medium:betting|negative:how to play,2026-08-09T06:22:38Z
https://1173.bet,1173.bet,0.9,strong:live dealer|strong:register now|medium:casino|medium:slots|medium:jackpot|medium:betting,2026-08-09T06:22:45Z
https://1173.bet,1173.bet,1.0,strong:live dealer|strong:register now|medium:casino|medium:slots|medium:jackpot|medium:wager|medium:betting,2026-08-09T06:22:46Z
https://1175.bet,1175.bet,1.0,strong:live dealer|strong:register now|medium:casino|medium:slots|medium:poker|medium:wager|medium:betting|structural:age verification,2026-08-09T06:22:47Z
https://117ph.bet,117ph.bet,1.0,strong:deposit bonus|strong:free spins|strong:sign up now|medium:casino|medium:slots|medium:poker,2026-08-09T06:22:50Z
https://11baji.bet,11baji.bet,1.0,strong:free spins|strong:live dealer|strong:play now|medium:casino|medium:slots|medium:jackpot|medium:wager|medium:betting|structural:age verification,2026-08-09T06:23:31Z
https://11f999.bet,11f999.bet,1.0,strong:free spins|strong:live dealer|strong:play now|medium:casino|medium:slots|medium:jackpot|medium:wager|medium:betting|structural:age verification,2026-08-09T06:23:46Z
https://11f999.bet,11f999.bet,1.0,strong:free spins|strong:live dealer|strong:play now|medium:casino|medium:slots|medium:jackpot|medium:wager|medium:betting|structural:age verification,2026-08-09T06:23:46Z
https://1201.bet,1201.bet,1.0,strong:free spins|strong:live dealer|strong:register now|medium:casino|medium:slots|medium:poker|medium:jackpot|medium:wager|medium:betting|structural:responsible gambling,2026-08-09T06:24:59Z
https://1201.bet,1201.bet,1.0,strong:free spins|strong:live dealer|strong:register now|medium:casino|medium:slots|medium:poker|medium:jackpot|medium:wager|medium:betting|structural:responsible gambling,2026-08-09T06:24:59Z
https://12018.bet,12018.bet,1.0,strong:live dealer|strong:register now|medium:casino|medium:slots|medium:poker|medium:jackpot|medium:wager|medium:betting,2026-08-09T06:24:59Z
https://12018.bet,12018.bet,1.0,strong:live dealer|strong:register now|medium:casino|medium:slots|medium:poker|medium:jackpot|medium:wager|medium:betting,2026-08-09T06:25:01Z
https://1227.bet,1227.bet,1.0,strong:live dealer|strong:register now|medium:casino|medium:slots|medium:poker|medium:jackpot|medium:wager|medium:betting|structural:18+,2026-08-09T06:25:22Z
https://12330.bet,12330.bet,1.0,strong:live dealer|strong:register now|medium:casino|medium:slots|medium:poker|medium:sportsbook|medium:wager|medium:betting,2026-08-09T06:25:39Z
https://1234bd.bet,1234bd.bet,1.0,strong:deposit bonus|strong:free spins|strong:live dealer|strong:play now|strong:cashier|medium:casino|medium:slots|medium:poker|medium:jackpot|medium:wager|medium:betting|negative:how to play,2026-08-09T06:25:50Z
https://12350.bet,12350.bet,1.0,strong:free spins|strong:live dealer|strong:register now|medium:casino|medium:slots|medium:poker|medium:jackpot|medium:wager|medium:betting,2026-08-09T06:25:57Z
https://12356.bet,12356.bet,1.0,strong:live dealer|strong:register now|medium:casino|medium:slots|medium:jackpot|medium:wager|medium:betting,2026-08-09T06:25:58Z
https://12378.bet,12378.bet,1.0,strong:place a bet|strong:register now|strong:claim bonus|medium:casino|medium:slots|medium:jackpot|medium:wager|medium:betting,2026-08-09T06:26:04Z
https://12378.bet,12378.bet,1.0,strong:place a bet|strong:register now|strong:claim bonus|medium:casino|medium:slots|medium:jackpot|medium:wager|medium:betting,2026-08-09T06:26:04Z
https://123games.bet,123games.bet,0.8,strong:live dealer|strong:bet slip|medium:casino|medium:slots|medium:sportsbook,2026-08-09T06:26:48Z
https://123games.bet,123games.bet,0.8,strong:live dealer|strong:bet slip|medium:casino|medium:slots|medium:sportsbook,2026-08-09T06:26:48Z
https://123jl.bet,123jl.bet,0.8,strong:live dealer|strong:register now|medium:casino|medium:slots|medium:betting,2026-08-09T06:26:53Z
https://123vegascasino.bet,123vegascasino.bet,1.0,strong:deposit bonus|strong:free spins|strong:live dealer|strong:play now|strong:cashier|strong:curaçao egaming|medium:casino|medium:slots|medium:wager|medium:betting|structural:18+|structural:age verification,2026-08-09T06:27:09Z
https://123vegascasino.bet,123vegascasino.bet,1.0,strong:deposit bonus|strong:free spins|strong:live dealer|strong:play now|strong:cashier|strong:curaçao egaming|medium:casino|medium:slots|medium:wager|medium:betting|structural:18+|structural:age verification,2026-08-09T06:27:10Z
https://12411.bet,12411.bet,1.0,strong:live dealer|strong:register now|medium:casino|medium:slots|medium:poker|medium:jackpot|medium:wager|medium:betting,2026-08-09T06:27:17Z
https://12411.bet,12411.bet,1.0,strong:live dealer|strong:register now|medium:casino|medium:slots|medium:poker|medium:jackpot|medium:wager|medium:betting,2026-08-09T06:27:17Z
https://12533.bet,12533.bet,1.0,strong:free spins|strong:place a bet|strong:live dealer|medium:casino|medium:slots|medium:sportsbook|medium:jackpot|medium:wager|medium:betting|structural:18+|structural:age verification,2026-08-09T06:27:20Z
https://12533.bet,12533.bet,1.0,strong:free spins|strong:place a bet|strong:live dealer|medium:casino|medium:slots|medium:sportsbook|medium:jackpot|medium:wager|medium:betting|structural:18+|structural:age verification,2026-08-09T06:27:20Z
https://1254.bet,1254.bet,1.0,strong:live dealer|strong:register now|strong:cashier|medium:casino|medium:slots|medium:sportsbook|medium:jackpot|medium:wager|medium:betting,2026-08-09T06:27:21Z
https://12652.bet,12652.bet,1.0,strong:live dealer|strong:register now|medium:casino|medium:slots|medium:jackpot|medium:wager|medium:betting,2026-08-09T06:27:23Z
https://1263.bet,1263.bet,1.0,strong:live dealer|strong:register now|medium:casino|medium:slots|medium:poker|medium:sportsbook|medium:betting,2026-08-09T06:27:23Z
https://12652.bet,12652.bet,1.0,strong:live dealer|strong:register now|medium:casino|medium:slots|medium:jackpot|medium:wager|medium:betting,2026-08-09T06:27:23Z
https://1263.bet,1263.bet,1.0,strong:live dealer|strong:register now|medium:casino|medium:slots|medium:poker|medium:sportsbook|medium:betting,2026-08-09T06:27:24Z
https://12e.bet,12e.bet,1.0,strong:register now|strong:sign up now|medium:casino|medium:slots|medium:sportsbook|medium:jackpot|medium:wager|medium:betting|structural:age verification,2026-08-09T06:27:52Z
https://12e.bet,12e.bet,1.0,strong:register now|strong:sign up now|medium:casino|medium:slots|medium:sportsbook|medium:jackpot|medium:wager|medium:betting|structural:age verification,2026-08-09T06:27:52Z
https://12gb.bet,12gb.bet,1.0,strong:live dealer|strong:register now|strong:bet slip|medium:casino|medium:slots|medium:poker|medium:jackpot|medium:wager|medium:betting,2026-08-09T06:27:55Z
https://12gb.bet,12gb.bet,1.0,strong:live dealer|strong:register now|strong:bet slip|medium:casino|medium:slots|medium:poker|medium:jackpot|medium:wager|medium:betting,2026-08-09T06:27:55Z
https://12jeetx.bet,12jeetx.bet,1.0,strong:free spins|strong:place a bet|strong:live dealer|medium:casino|medium:slots|medium:jackpot|medium:wager|medium:betting|structural:18+,2026-08-09T06:27:59Z
https://12jeet.bet,12jeet.bet,0.75,strong:claim bonus|strong:play now|medium:casino|medium:slots|medium:jackpot|medium:betting|negative:google play,2026-08-09T06:28:01Z
https://12th.bet,12th.bet,0.85,strong:live dealer|strong:bet slip|medium:casino|medium:slots|medium:poker|medium:sportsbook|medium:betting|negative:how to play,2026-08-09T06:28:10Z
https://12y.bet,12y.bet,0.9,strong:register now|strong:play now|medium:casino|medium:slots|medium:wager|medium:betting,2026-08-09T06:28:15Z
https://12y.bet,12y.bet,0.9,strong:register now|strong:play now|medium:casino|medium:slots|medium:wager|medium:betting,2026-08-09T06:28:16Z
https://13021.bet,13021.bet,0.95,strong:live dealer|strong:register now|medium:casino|medium:slots|medium:poker|medium:sportsbook|medium:wager|medium:betting|negative:how to play,2026-08-09T06:28:19Z
https://13021.bet,13021.bet,0.95,strong:live dealer|strong:register now|medium:casino|medium:slots|medium:poker|medium:sportsbook|medium:wager|medium:betting|negative:how to play,2026-08-09T06:28:19Z
https://13045.bet,13045.bet,0.9,strong:live dealer|strong:register now|medium:casino|medium:slots|medium:jackpot|medium:betting,2026-08-09T06:28:19Z
https://13045.bet,13045.bet,0.9,strong:live dealer|strong:register now|medium:casino|medium:slots|medium:jackpot|medium:betting,2026-08-09T06:28:20Z
https://13137.bet,13137.bet,1.0,strong:live dealer|strong:withdraw winnings|strong:register now|strong:sign up now|medium:casino|medium:slots|medium:poker|medium:jackpot|medium:wager|medium:betting,2026-08-09T06:28:21Z
https://13137.bet,13137.bet,1.0,strong:live dealer|strong:withdraw winnings|strong:register now|strong:sign up now|medium:casino|medium:slots|medium:poker|medium:jackpot|medium:wager|medium:betting,2026-08-09T06:28:21Z
https://1333ba.bet,1333ba.bet,1.0,strong:deposit bonus|strong:free spins|strong:live dealer|strong:play now|medium:casino|medium:slots|medium:jackpot|medium:wager|medium:betting|structural:18+,2026-08-09T06:29:12Z
https://1333ba.bet,1333ba.bet,1.0,strong:deposit bonus|strong:play now|medium:casino|medium:slots|medium:jackpot|medium:wager|medium:betting|structural:18+,2026-08-09T06:29:13Z
https://1333bk.bet,1333bk.bet,1.0,strong:free spins|strong:live dealer|medium:casino|medium:slots|medium:jackpot|medium:wager|medium:betting|structural:18+,2026-08-09T06:29:18Z
https://1340.bet,1340.bet,1.0,strong:live dealer|strong:register now|medium:casino|medium:slots|medium:poker|medium:jackpot|medium:wager|medium:betting,2026-08-09T06:29:26Z
https://1343.bet,1343.bet,1.0,strong:free spins|strong:live dealer|strong:register now|medium:casino|medium:slots|medium:poker|medium:sportsbook|medium:jackpot|medium:wager|medium:betting|structural:responsible gambling,2026-08-09T06:29:27Z
https://13600.bet,13600.bet,1.0,strong:live dealer|strong:register now|medium:casino|medium:slots|medium:jackpot|medium:wager|medium:betting,2026-08-09T06:31:28Z
https://1373.bet,1373.bet,1.0,strong:live dealer|strong:register now|medium:casino|medium:slots|medium:poker|medium:sportsbook|medium:jackpot|medium:wager|medium:betting,2026-08-09T06:32:20Z
https://1373.bet,1373.bet,1.0,strong:live dealer|strong:register now|medium:casino|medium:slots|medium:poker|medium:sportsbook|medium:jackpot|medium:wager|medium:betting,2026-08-09T06:32:20Z
https://138slot.bet,138slot.bet,0.8,strong:free spins|strong:live dealer|medium:casino|medium:slots|medium:wager,2026-08-09T06:32:33Z
https://138slot.bet,138slot.bet,0.8,strong:free spins|strong:live dealer|medium:casino|medium:slots|medium:wager,2026-08-09T06:32:33Z
https://1391.bet,1391.bet,1.0,strong:deposit bonus|strong:live dealer|strong:register now|medium:casino|medium:sportsbook|medium:wager|medium:betting,2026-08-09T06:32:34Z
https://13apk.bet,13apk.bet,1.0,strong:live dealer|strong:register now|strong:sign up now|medium:casino|medium:slots|medium:betting,2026-08-09T06:32:42Z
https://1411.bet,1411.bet,1.0,strong:live dealer|strong:register now|medium:casino|medium:poker|medium:jackpot|medium:wager|medium:betting|structural:age verification,2026-08-09T06:33:08Z
https://1417.bet,1417.bet,1.0,strong:deposit bonus|strong:live dealer|strong:register now|strong:play now|medium:casino|medium:slots|medium:poker|medium:jackpot|medium:wager|medium:betting,2026-08-09T06:33:11Z
https://1417.bet,1417.bet,1.0,strong:deposit bonus|strong:live dealer|strong:register now|strong:play now|medium:casino|medium:slots|medium:poker|medium:jackpot|medium:wager|medium:betting,2026-08-09T06:33:11Z
https://1419.bet,1419.bet,1.0,strong:live dealer|strong:register now|medium:casino|medium:slots|medium:poker|medium:jackpot|medium:wager|medium:betting,2026-08-09T06:33:12Z
https://1419.bet,1419.bet,1.0,strong:live dealer|strong:register now|medium:casino|medium:slots|medium:poker|medium:jackpot|medium:wager|medium:betting,2026-08-09T06:33:13Z
https://1421.bet,1421.bet,1.0,strong:free spins|strong:withdraw winnings|strong:register now|strong:play now|medium:casino|medium:slots|medium:poker|medium:jackpot|medium:wager|medium:betting,2026-08-09T06:33:13Z
https://1421.bet,1421.bet,1.0,strong:free spins|strong:withdraw winnings|strong:register now|strong:play now|medium:casino|medium:slots|medium:poker|medium:jackpot|medium:wager|medium:betting,2026-08-09T06:33:14Z
https://1425.bet,1425.bet,1.0,strong:free spins|strong:live dealer|medium:casino|medium:slots|medium:poker|medium:sportsbook|medium:jackpot|medium:wager|medium:betting,2026-08-09T06:33:15Z
https://1425.bet,1425.bet,1.0,strong:free spins|strong:live dealer|medium:casino|medium:slots|medium:poker|medium:sportsbook|medium:jackpot|medium:wager|medium:betting,2026-08-09T06:33:16Z
https://1435.bet,1435.bet,1.0,strong:deposit bonus|strong:live dealer|strong:register now|medium:casino|medium:slots|medium:poker|medium:jackpot|medium:wager|medium:betting|structural:18+|structural:age verification,2026-08-09T06:33:17Z
https://1451.bet,1451.bet,1.0,strong:live dealer|strong:register now|medium:casino|medium:slots|medium:poker|medium:jackpot|medium:wager|medium:betting,2026-08-09T06:33:35Z
https://1452.bet,1452.bet,1.0,strong:place a bet|strong:live dealer|strong:register now|medium:casino|medium:slots|medium:poker|medium:betting,2026-08-09T06:33:35Z
https://14700.bet,14700.bet,0.85,strong:live dealer|strong:register now|medium:casino|medium:slots|medium:jackpot|medium:wager|medium:betting|negative:how to play,2026-08-09T06:33:37Z
https://14700.bet,14700.bet,0.85,strong:live dealer|strong:register now|medium:casino|medium:slots|medium:jackpot|medium:wager|medium:betting|negative:how to play,2026-08-09T06:33:37Z
https://14816.bet,14816.bet,1.0,strong:deposit bonus|strong:free spins|strong:withdraw winnings|medium:casino|medium:slots|medium:poker|medium:jackpot|medium:wager|medium:betting,2026-08-09T06:33:40Z
https://14816.bet,14816.bet,1.0,strong:deposit bonus|strong:free spins|strong:withdraw winnings|medium:casino|medium:slots|medium:poker|medium:jackpot|medium:wager|medium:betting,2026-08-09T06:33:40Z
https://1498.bet,1498.bet,1.0,strong:live dealer|strong:register now|medium:casino|medium:slots|medium:jackpot|medium:wager|medium:betting,2026-08-09T06:33:43Z
https://1498.bet,1498.bet,1.0,strong:free spins|strong:live dealer|strong:register now|medium:casino|medium:slots|medium:jackpot|medium:wager|medium:betting,2026-08-09T06:33:43Z
https://14r.bet,14r.bet,1.0,strong:free spins|strong:live dealer|strong:withdraw winnings|medium:casino|medium:slots|medium:sportsbook|medium:jackpot|medium:wager|medium:betting|negative:how to play,2026-08-09T06:33:51Z
https://14r.bet,14r.bet,1.0,strong:free spins|strong:live dealer|strong:withdraw winnings|medium:casino|medium:slots|medium:sportsbook|medium:jackpot|medium:wager|medium:betting|negative:how to play,2026-08-09T06:33:51Z
https://1512.bet,1512.bet,1.0,strong:place a bet|strong:live dealer|strong:register now|medium:casino|medium:slots|medium:poker|medium:sportsbook|medium:wager|medium:betting,2026-08-09T06:34:00Z
https://1512.bet,1512.bet,1.0,strong:place a bet|strong:live dealer|strong:register now|medium:casino|medium:slots|medium:poker|medium:sportsbook|medium:wager|medium:betting,2026-08-09T06:34:02Z
https://1514.bet,1514.bet,1.0,strong:live dealer|strong:register now|medium:casino|medium:slots|medium:jackpot|medium:wager|medium:betting,2026-08-09T06:34:03Z
https://1514.bet,1514.bet,1.0,strong:place a bet|strong:live dealer|strong:register now|strong:bet slip|medium:casino|medium:slots|medium:jackpot|medium:wager|medium:betting,2026-08-09T06:34:03Z
https://1529.bet,1529.bet,1.0,strong:free spins|strong:register now|strong:bet slip|medium:casino|medium:slots|medium:jackpot|medium:wager|medium:betting,2026-08-09T06:34:09Z
https://1529.bet,1529.bet,1.0,strong:free spins|strong:register now|strong:bet slip|medium:casino|medium:slots|medium:jackpot|medium:wager|medium:betting,2026-08-09T06:34:10Z
https://1544.bet,1544.bet,1.0,strong:free spins|strong:live dealer|strong:register now|strong:bet slip|medium:casino|medium:slots|medium:poker|medium:sportsbook|medium:jackpot|medium:wager|medium:betting|structural:age verification,2026-08-09T06:34:12Z
https://1545.bet,1545.bet,1.0,strong:register now|strong:sign up now|medium:casino|medium:slots|medium:jackpot|medium:wager|medium:betting|structural:responsible gambling,2026-08-09T06:34:13Z
https://1545.bet,1545.bet,1.0,strong:register now|strong:sign up now|medium:casino|medium:slots|medium:jackpot|medium:wager|medium:betting|structural:responsible gambling,2026-08-09T06:34:14Z
https://1557.bet,1557.bet,1.0,strong:free spins|strong:live dealer|strong:register now|strong:claim bonus|medium:casino|medium:slots|medium:poker|medium:jackpot|medium:wager|medium:betting,2026-08-09T06:34:18Z
https://1560.bet,1560.bet,1.0,strong:live dealer|strong:register now|medium:casino|medium:slots|medium:jackpot|medium:wager|medium:betting,2026-08-09T06:34:24Z
https://1569.bet,1569.bet,1.0,strong:free spins|strong:place a bet|strong:register now|medium:casino|medium:slots|medium:poker|medium:jackpot|medium:betting|structural:responsible gambling|structural:age verification,2026-08-09T06:34:39Z
https://1569.bet,1569.bet,1.0,strong:free spins|strong:place a bet|strong:register now|medium:casino|medium:slots|medium:poker|medium:jackpot|medium:betting|structural:responsible gambling|structural:age verification,2026-08-09T06:34:39Z
https://1594.bet,1594.bet,1.0,strong:register now|strong:sign up now|medium:casino|medium:slots|medium:poker|medium:sportsbook|medium:jackpot|medium:wager|medium:betting,2026-08-09T06:34:58Z
https://1594.bet,1594.bet,1.0,strong:register now|strong:sign up now|medium:casino|medium:slots|medium:poker|medium:sportsbook|medium:jackpot|medium:wager|medium:betting,2026-08-09T06:34:58Z
https://15f.bet,15f.bet,0.8,strong:free spins|strong:live dealer|medium:casino|medium:poker|medium:jackpot,2026-08-09T06:35:03Z
https://15go8.bet,15go8.bet,0.9,strong:free spins|strong:live dealer|medium:casino|medium:slots|medium:jackpot|medium:wager,2026-08-09T06:35:04Z
https://15go8.bet,15go8.bet,0.9,strong:free spins|strong:live dealer|medium:casino|medium:slots|medium:jackpot|medium:wager,2026-08-09T06:35:04Z
https://15slotoro743.bet,15slotoro743.bet,1.0,strong:deposit bonus|strong:free spins|strong:live dealer|strong:cashier|strong:bet slip|medium:casino|medium:slots|medium:poker|medium:sportsbook|medium:jackpot|medium:wager|medium:betting|structural:gambleaware|structural:responsible gambling|negative:app store,2026-08-09T06:35:16Z
https://15slotoro743.bet,15slotoro743.bet,1.0,strong:deposit bonus|strong:free spins|strong:live dealer|strong:cashier|strong:bet slip|medium:casino|medium:slots|medium:poker|medium:sportsbook|medium:jackpot|medium:wager|medium:betting|structural:gambleaware|structural:responsible gambling|negative:app store,2026-08-09T06:35:17Z
https://1605.bet,1605.bet,1.0,strong:live dealer|strong:withdraw winnings|medium:casino|medium:slots|medium:poker|medium:jackpot|medium:wager|medium:betting,2026-08-09T06:35:19Z
https://1615.bet,1615.bet,1.0,strong:live dealer|strong:register now|medium:casino|medium:slots|medium:wager|medium:betting|structural:age verification,2026-08-09T06:35:20Z
https://1615.bet,1615.bet,1.0,strong:live dealer|strong:register now|medium:casino|medium:slots|medium:wager|medium:betting|structural:age verification,2026-08-09T06:35:20Z
https://1647.bet,1647.bet,1.0,strong:live dealer|strong:register now|medium:casino|medium:slots|medium:poker|medium:sportsbook|medium:jackpot|medium:wager|medium:betting,2026-08-09T06:35:32Z
https://1647.bet,1647.bet,1.0,strong:live dealer|strong:register now|medium:casino|medium:poker|medium:jackpot|medium:wager|medium:betting,2026-08-09T06:35:32Z
https://1648.bet,1648.bet,1.0,strong:live dealer|strong:withdraw winnings|strong:register now|medium:casino|medium:slots|medium:sportsbook|medium:betting,2026-08-09T06:35:33Z
https://1658.bet,1658.bet,1.0,strong:deposit bonus|strong:free spins|strong:live dealer|medium:casino|medium:slots|medium:poker|medium:sportsbook|medium:jackpot|medium:betting,2026-08-09T06:35:36Z
https://1663.bet,1663.bet,1.0,strong:live dealer|strong:withdraw winnings|strong:register now|medium:casino|medium:slots|medium:poker|medium:wager|medium:betting,2026-08-09T06:35:46Z
https://1666bd.bet,1666bd.bet,1.0,strong:live dealer|strong:play now|medium:casino|medium:slots|medium:poker|medium:jackpot|medium:betting,2026-08-09T06:35:53Z
https://1673.bet,1673.bet,1.0,strong:live dealer|strong:register now|strong:sign up now|medium:casino|medium:slots|medium:poker|medium:sportsbook|medium:jackpot|medium:wager|medium:betting|negative:how to play,2026-08-09T06:35:59Z
https://1673.bet,1673.bet,1.0,strong:live dealer|strong:register now|strong:sign up now|medium:casino|medium:slots|medium:poker|medium:sportsbook|medium:jackpot|medium:wager|medium:betting|negative:how to play,2026-08-09T06:35:59Z
https://1672.bet,1672.bet,1.0,strong:free spins|strong:live dealer|strong:register now|medium:casino|medium:slots|medium:jackpot|medium:wager|medium:betting,2026-08-09T06:36:00Z
https://1672.bet,1672.bet,0.9,strong:live dealer|strong:register now|medium:casino|medium:slots|medium:jackpot|medium:betting,2026-08-09T06:36:00Z
https://167bd.bet,167bd.bet,1.0,strong:deposit bonus|strong:free spins|strong:place a bet|strong:live dealer|strong:cashier|medium:casino|medium:slots|medium:poker|medium:sportsbook|medium:jackpot|medium:wager|medium:betting|structural:18+,2026-08-09T06:36:04Z
https://1681.bet,1681.bet,1.0,strong:free spins|strong:live dealer|medium:casino|medium:slots|medium:poker|medium:jackpot|medium:wager|medium:betting,2026-08-09T06:36:07Z
https://1681.bet,1681.bet,1.0,strong:free spins|strong:live dealer|medium:casino|medium:slots|medium:poker|medium:jackpot|medium:wager|medium:betting,2026-08-09T06:36:07Z
https://1688s.bet,1688s.bet,0.9,strong:free spins|strong:live dealer|medium:casino|medium:jackpot|medium:wager|medium:betting,2026-08-09T06:36:12Z
https://1688s.bet,1688s.bet,0.9,strong:free spins|strong:live dealer|medium:casino|medium:jackpot|medium:wager|medium:betting,2026-08-09T06:36:14Z
https://1690.bet,1690.bet,1.0,strong:live dealer|strong:register now|medium:casino|medium:slots|medium:poker|medium:sportsbook|medium:jackpot|medium:wager|medium:betting,2026-08-09T06:37:42Z
https://1690.bet,1690.bet,1.0,strong:live dealer|strong:register now|medium:casino|medium:slots|medium:poker|medium:sportsbook|medium:jackpot|medium:wager|medium:betting,2026-08-09T06:37:42Z
https://16bdt.bet,16bdt.bet,0.8,strong:live dealer|strong:register now|medium:casino|medium:slots|medium:betting,2026-08-09T06:37:57Z
https://16bdt.bet,16bdt.bet,0.8,strong:live dealer|strong:register now|medium:casino|medium:slots|medium:betting,2026-08-09T06:37:58Z
https://16slotoro.bet,16slotoro.bet,1.0,strong:deposit bonus|strong:free spins|strong:live dealer|strong:cashier|strong:bet slip|medium:casino|medium:slots|medium:poker|medium:sportsbook|medium:jackpot|medium:wager|medium:betting|structural:gambleaware|structural:responsible gambling|negative:app store,2026-08-09T06:38:23Z
https://16slotoro.bet,16slotoro.bet,1.0,strong:deposit bonus|strong:free spins|strong:live dealer|strong:cashier|strong:bet slip|medium:casino|medium:slots|medium:poker|medium:sportsbook|medium:jackpot|medium:wager|medium:betting|structural:gambleaware|structural:responsible gambling|negative:app store,2026-08-09T06:38:23Z
https://1707.bet,1707.bet,1.0,strong:register now|strong:bet slip|medium:casino|medium:slots|medium:poker|medium:sportsbook|medium:wager|medium:betting,2026-08-09T06:38:27Z
https://1714.bet,1714.bet,1.0,strong:live dealer|strong:register now|medium:casino|medium:slots|medium:jackpot|medium:wager|medium:betting,2026-08-09T06:38:29Z
https://1714.bet,1714.bet,1.0,strong:live dealer|strong:register now|medium:casino|medium:slots|medium:poker|medium:jackpot|medium:wager|medium:betting,2026-08-09T06:38:29Z
https://1722.bet,1722.bet,1.0,strong:live dealer|strong:register now|medium:casino|medium:slots|medium:poker|medium:jackpot|medium:wager|medium:betting,2026-08-09T06:38:30Z
https://1722.bet,1722.bet,1.0,strong:live dealer|strong:register now|medium:casino|medium:slots|medium:poker|medium:jackpot|medium:wager|medium:betting,2026-08-09T06:38:30Z
https://1777bat.bet,1777bat.bet,0.8,strong:live dealer|strong:claim bonus|medium:casino|medium:slots|medium:betting|structural:18+|negative:app store,2026-08-09T06:38:54Z
https://1777bat.bet,1777bat.bet,0.8,strong:live dealer|strong:claim bonus|medium:casino|medium:slots|medium:betting|structural:18+|negative:app store,2026-08-09T06:38:54Z
https://1777bdt.bet,1777bdt.bet,1.0,strong:live dealer|strong:play now|medium:casino|medium:slots|medium:jackpot|medium:wager|medium:betting|structural:18+,2026-08-09T06:38:57Z
https://1777bdt.bet,1777bdt.bet,1.0,strong:live dealer|strong:play now|medium:casino|medium:slots|medium:jackpot|medium:wager|medium:betting|structural:18+,2026-08-09T06:38:57Z
https://1779.bet,1779.bet,0.9,strong:live dealer|strong:register now|medium:casino|medium:slots|medium:poker|medium:betting,2026-08-09T06:39:10Z
https://1779.bet,1779.bet,0.9,strong:live dealer|strong:register now|medium:casino|medium:slots|medium:poker|medium:betting,2026-08-09T06:39:10Z
https://177abc.bet,177abc.bet,1.0,strong:free spins|strong:live dealer|strong:play now|medium:casino|medium:slots|medium:poker|medium:jackpot|medium:wager|medium:betting,2026-08-09T06:39:11Z
https://177abc.bet,177abc.bet,1.0,strong:free spins|strong:live dealer|strong:play now|medium:casino|medium:slots|medium:poker|medium:jackpot|medium:wager|medium:betting,2026-08-09T06:39:11Z
https://177det.bet,177det.bet,1.0,strong:deposit bonus|strong:free spins|strong:live dealer|strong:cashier|medium:casino|medium:slots|medium:poker|medium:sportsbook|medium:jackpot|medium:wager|medium:betting|structural:18+,2026-08-09T06:39:12Z
https://177det.bet,177det.bet,1.0,strong:deposit bonus|strong:free spins|strong:live dealer|strong:cashier|medium:casino|medium:slots|medium:poker|medium:sportsbook|medium:jackpot|medium:wager|medium:betting|structural:18+,2026-08-09T06:39:12Z
https://1787.bet,1787.bet,1.0,strong:live dealer|strong:withdraw winnings|strong:sign up now|medium:casino|medium:slots|medium:poker|medium:jackpot|medium:wager|medium:betting|structural:18+,2026-08-09T06:39:20Z
https://1787.bet,1787.bet,1.0,strong:live dealer|strong:withdraw winnings|strong:sign up now|medium:casino|medium:slots|medium:poker|medium:jackpot|medium:wager|medium:betting|structural:18+,2026-08-09T06:39:21Z
https://17bdt.bet,17bdt.bet,0.8,strong:live dealer|strong:register now|medium:casino|medium:slots|medium:betting,2026-08-09T06:39:26Z
https://17bdt.bet,17bdt.bet,0.8,strong:live dealer|strong:register now|medium:casino|medium:slots|medium:betting,2026-08-09T06:39:26Z
https://17ph.bet,17ph.bet,1.0,strong:deposit bonus|strong:free spins|strong:sign up now|medium:casino|medium:slots|medium:poker,2026-08-09T06:39:32Z
https://17ph.bet,17ph.bet,1.0,strong:deposit bonus|strong:free spins|strong:sign up now|medium:casino|medium:slots|medium:poker,2026-08-09T06:39:32Z
https://1801.bet,1801.bet,1.0,strong:register now|strong:sign up now|medium:casino|medium:slots|medium:sportsbook|medium:wager|medium:betting,2026-08-09T06:40:02Z
https://1801.bet,1801.bet,1.0,strong:register now|strong:sign up now|medium:casino|medium:slots|medium:sportsbook|medium:wager|medium:betting,2026-08-09T06:40:02Z
https://1817.bet,1817.bet,1.0,strong:live dealer|strong:register now|medium:casino|medium:poker|medium:jackpot|medium:wager|medium:betting,2026-08-09T06:40:12Z
https://1817.bet,1817.bet,1.0,strong:live dealer|strong:register now|medium:casino|medium:poker|medium:jackpot|medium:wager|medium:betting,2026-08-09T06:40:12Z
https://1829.bet,1829.bet,1.0,strong:withdraw winnings|strong:register now|medium:casino|medium:slots|medium:poker|medium:jackpot|medium:betting,2026-08-09T06:40:16Z
https://1849.bet,1849.bet,1.0,strong:live dealer|strong:register now|medium:casino|medium:slots|medium:jackpot|medium:wager|medium:betting,2026-08-09T06:40:23Z
https://1849.bet,1849.bet,1.0,strong:live dealer|strong:register now|medium:casino|medium:slots|medium:jackpot|medium:wager|medium:betting,2026-08-09T06:40:24Z
https://1852.bet,1852.bet,1.0,strong:free spins|strong:live dealer|medium:casino|medium:slots|medium:poker|medium:sportsbook|medium:jackpot|medium:wager|medium:betting,2026-08-09T06:40:25Z
https://1852.bet,1852.bet,1.0,strong:free spins|strong:live dealer|medium:casino|medium:slots|medium:poker|medium:sportsbook|medium:jackpot|medium:wager|medium:betting,2026-08-09T06:40:25Z
https://1855.bet,1855.bet,1.0,strong:live dealer|strong:bet slip|medium:casino|medium:slots|medium:poker|medium:jackpot|medium:wager|medium:betting,2026-08-09T06:40:26Z
https://1866.bet,1866.bet,1.0,strong:free spins|strong:register now|medium:casino|medium:slots|medium:poker|medium:sportsbook|medium:jackpot|medium:wager|medium:betting,2026-08-09T06:40:26Z
https://1866.bet,1866.bet,1.0,strong:free spins|strong:register now|medium:casino|medium:slots|medium:poker|medium:sportsbook|medium:jackpot|medium:wager|medium:betting,2026-08-09T06:40:26Z
https://1871.bet,1871.bet,1.0,strong:free spins|strong:live dealer|medium:casino|medium:slots|medium:poker|medium:jackpot|medium:wager|medium:betting,2026-08-09T06:40:33Z
https://1871.bet,1871.bet,1.0,strong:free spins|strong:live dealer|medium:casino|medium:slots|medium:poker|medium:jackpot|medium:wager|medium:betting,2026-08-09T06:40:34Z
https://186slotoro.bet,186slotoro.bet,1.0,strong:deposit bonus|strong:free spins|strong:live dealer|strong:cashier|strong:bet slip|medium:casino|medium:slots|medium:poker|medium:sportsbook|medium:jackpot|medium:wager|medium:betting|structural:gambleaware|structural:responsible gambling|negative:app store,2026-08-09T06:40:36Z
https://186slotoro.bet,186slotoro.bet,1.0,strong:deposit bonus|strong:free spins|strong:live dealer|strong:cashier|strong:bet slip|medium:casino|medium:slots|medium:poker|medium:sportsbook|medium:jackpot|medium:wager|medium:betting|structural:gambleaware|structural:responsible gambling|negative:app store,2026-08-09T06:40:36Z
https://18apk.bet,18apk.bet,0.8,strong:live dealer|strong:register now|medium:casino|medium:slots|medium:betting,2026-08-09T06:42:00Z
https://18apk.bet,18apk.bet,0.8,strong:live dealer|strong:register now|medium:casino|medium:slots|medium:betting,2026-08-09T06:42:02Z
https://18hoki.bet,18hoki.bet,1.0,strong:free spins|strong:live dealer|medium:casino|medium:slots|medium:sportsbook|medium:jackpot|medium:wager|medium:betting,2026-08-09T06:42:09Z
https://1971game.bet,1971game.bet,0.8,strong:live dealer|strong:register now|medium:casino|medium:slots|medium:betting,2026-08-09T06:43:13Z
https://1977bd.bet,1977bd.bet,1.0,strong:free spins|strong:live dealer|strong:play now|strong:cashier|medium:casino|medium:slots|medium:poker|medium:jackpot|medium:betting|negative:how to play,2026-08-09T06:43:43Z
https://1980s.bet,1980s.bet,1.0,strong:live dealer|strong:sign up now|medium:casino|medium:slots|medium:poker|medium:jackpot|medium:wager|medium:betting,2026-08-09T06:43:46Z
https://1980s.bet,1980s.bet,1.0,strong:live dealer|strong:sign up now|medium:casino|medium:slots|medium:poker|medium:jackpot|medium:wager|medium:betting,2026-08-09T06:43:46Z
https://1991betbrazil.bet,1991betbrazil.bet,1.0,strong:free spins|strong:play now|medium:casino|medium:slots|medium:poker|medium:jackpot|structural:18+,2026-08-09T06:43:50Z
https://1betbdt.bet,1betbdt.bet,1.0,strong:free spins|strong:live dealer|strong:cashier|medium:casino|medium:slots|medium:jackpot|medium:wager|medium:betting|structural:18+,2026-08-09T06:45:04Z
https://1birr.bet,1birr.bet,0.75,strong:register now|strong:bet slip|medium:betting|structural:18+,2026-08-09T06:45:06Z
https://1birr.bet,1birr.bet,0.75,strong:register now|strong:bet slip|medium:betting|structural:18+,2026-08-09T06:45:06Z
https://1egame.bet,1egame.bet,1.0,strong:live dealer|strong:withdraw winnings|medium:casino|medium:slots|medium:poker|medium:sportsbook|medium:betting,2026-08-09T06:45:46Z
https://1egame.bet,1egame.bet,1.0,strong:live dealer|strong:withdraw winnings|medium:casino|medium:slots|medium:poker|medium:sportsbook|medium:betting|structural:age verification,2026-08-09T06:45:46Z
https://1kgame.bet,1kgame.bet,1.0,strong:live dealer|strong:cashier|medium:casino|medium:slots|medium:sportsbook|medium:jackpot|medium:wager|medium:betting|structural:responsible gambling,2026-08-09T06:47:12Z
https://1plusgame.bet,1plusgame.bet,1.0,strong:free spins|strong:live dealer|strong:sign up now|medium:casino|medium:slots|medium:betting,2026-08-09T06:48:14Z
https://1playaus-au.bet,1playaus-au.bet,1.0,strong:free spins|strong:live dealer|medium:casino|medium:slots|medium:poker|medium:jackpot|structural:responsible gambling,2026-08-09T06:48:15Z
https://1playaus-au.bet,1playaus-au.bet,1.0,strong:free spins|strong:live dealer|medium:casino|medium:slots|medium:poker|medium:jackpot|structural:responsible gambling,2026-08-09T06:48:15Z
https://1ppp.bet,1ppp.bet,0.95,strong:free spins|strong:live dealer|medium:casino|medium:slots|medium:betting|structural:18+,2026-08-09T06:48:15Z
https://1ppp.bet,1ppp.bet,0.95,strong:free spins|strong:live dealer|medium:casino|medium:slots|medium:betting|structural:18+,2026-08-09T06:48:17Z
https://1red-uk-casino.bet,1red-uk-casino.bet,1.0,strong:deposit bonus|strong:free spins|strong:live dealer|strong:play now|strong:cashier|strong:ukgc|strong:curaçao egaming|strong:curacao egaming|medium:casino|medium:slots|medium:poker|medium:sportsbook|medium:jackpot|medium:wager|medium:betting|structural:responsible gambling,2026-08-09T06:48:29Z
https://1red-uk-casino.bet,1red-uk-casino.bet,1.0,strong:deposit bonus|strong:free spins|strong:live dealer|strong:play now|strong:cashier|strong:ukgc|strong:curaçao egaming|strong:curacao egaming|medium:casino|medium:slots|medium:poker|medium:sportsbook|medium:jackpot|medium:wager|medium:betting|structural:responsible gambling,2026-08-09T06:48:29Z
https://1red-casino.bet,1red-casino.bet,1.0,strong:live dealer|strong:cashier|strong:curaçao egaming|medium:casino|medium:slots|medium:poker|medium:wager|structural:responsible gambling,2026-08-09T06:48:29Z
https://1red-casino.bet,1red-casino.bet,1.0,strong:live dealer|strong:cashier|strong:curaçao egaming|medium:casino|medium:slots|medium:poker|medium:wager|structural:responsible gambling,2026-08-09T06:48:30Z
https://1redcasino.bet,1redcasino.bet,1.0,strong:deposit bonus|strong:free spins|strong:withdraw winnings|strong:play now|strong:cashier|strong:curaçao egaming|medium:casino|medium:slots|medium:sportsbook|medium:jackpot|medium:wager|medium:betting|structural:18+|structural:responsible gambling,2026-08-09T06:48:31Z
https://1redonlinecasino.bet,1redonlinecasino.bet,0.8,strong:free spins|strong:curaçao egaming|medium:casino|medium:slots|medium:jackpot,2026-08-09T06:48:34Z
https://1richpalms.bet,1richpalms.bet,1.0,strong:deposit bonus|strong:free spins|strong:live dealer|strong:curacao egaming|medium:casino|medium:poker,2026-08-09T06:48:35Z
https://1tr.bet,1tr.bet,1.0,strong:live dealer|strong:register now|medium:casino|medium:slots|medium:jackpot|medium:wager|medium:betting|structural:age verification|negative:how to play,2026-08-09T06:49:17Z
https://1win-casino.bet,1win-casino.bet,1.0,strong:deposit bonus|strong:free spins|strong:live dealer|strong:play now|strong:cashier|strong:curaçao egaming|strong:curacao egaming|medium:casino|medium:slots|medium:sportsbook|medium:jackpot|medium:wager|medium:betting|structural:18+|structural:age verification,2026-08-09T06:51:25Z
https://1win-casino.bet,1win-casino.bet,1.0,strong:deposit bonus|strong:free spins|strong:live dealer|strong:play now|strong:cashier|strong:curaçao egaming|strong:curacao egaming|medium:casino|medium:slots|medium:sportsbook|medium:jackpot|medium:wager|medium:betting|structural:18+|structural:age verification,2026-08-09T06:51:26Z
https://1win-nigeria.bet,1win-nigeria.bet,1.0,strong:place a bet|strong:register now|medium:casino|medium:slots|medium:poker|medium:sportsbook|medium:jackpot|medium:wager|medium:betting,2026-08-09T06:51:52Z
https://1win-official.bet,1win-official.bet,1.0,strong:free spins|strong:live dealer|strong:register now|strong:curaçao egaming|medium:casino|medium:slots|medium:betting,2026-08-09T06:51:55Z
https://1win-sn.bet,1win-sn.bet,1.0,strong:free spins|strong:curaçao egaming|medium:casino|structural:18+|structural:gambleaware|structural:responsible gambling,2026-08-09T06:52:07Z
https://1winapp.bet,1winapp.bet,0.9,strong:deposit bonus|strong:live dealer|medium:casino|medium:slots|medium:sportsbook|medium:wager,2026-08-09T06:52:24Z
https://1winghana.bet,1winghana.bet,1.0,strong:free spins|strong:place a bet|strong:register now|strong:claim bonus|medium:casino|medium:poker|medium:betting,2026-08-09T06:52:31Z
https://1winz.bet,1winz.bet,1.0,strong:deposit bonus|strong:live dealer|strong:register now|strong:claim bonus|strong:cashier|strong:bet slip|medium:casino|medium:slots|medium:poker|medium:sportsbook|medium:jackpot|medium:wager|medium:betting|structural:18+|structural:responsible gambling|negative:app store|negative:google play,2026-08-09T06:52:41Z
https://1wonline.bet,1wonline.bet,1.0,strong:live dealer|strong:register now|strong:claim bonus|strong:curaçao egaming|medium:casino|medium:betting,2026-08-09T06:52:51Z
https://1wonline.bet,1wonline.bet,1.0,strong:deposit bonus|strong:free spins|strong:place a bet|strong:live dealer|strong:register now|strong:claim bonus|strong:cashier|strong:bet slip|strong:curaçao egaming|medium:casino|medium:slots|medium:poker|medium:sportsbook|medium:jackpot|medium:wager|medium:betting|structural:responsible gambling,2026-08-09T06:52:51Z
https://1x-bit.bet,1x-bit.bet,1.0,strong:free spins|strong:curaçao egaming|medium:casino|medium:slots|medium:poker|medium:jackpot|structural:18+,2026-08-09T06:52:53Z
https://1x-bit.bet,1x-bit.bet,1.0,strong:free spins|strong:curaçao egaming|medium:casino|medium:slots|medium:poker|medium:jackpot|structural:18+,2026-08-09T06:52:53Z
https://1x777.bet,1x777.bet,1.0,strong:live dealer|strong:play now|strong:cashier|medium:casino|medium:slots|medium:sportsbook|medium:jackpot|medium:wager|medium:betting|structural:18+|structural:responsible gambling|structural:age verification,2026-08-09T06:53:08Z
https://1xbet-aviator.bet,1xbet-aviator.bet,1.0,strong:sign up now|strong:claim bonus|strong:curaçao egaming|medium:casino|medium:slots|medium:wager|medium:betting|structural:18+|negative:how to play,2026-08-09T06:53:27Z
https://1xbet-casino.bet,1xbet-casino.bet,0.8,strong:live dealer|strong:curaçao egaming|medium:casino|medium:slots|medium:jackpot,2026-08-09T06:53:37Z
https://1xbet-casino.bet,1xbet-casino.bet,1.0,strong:deposit bonus|strong:live dealer|strong:curaçao egaming|medium:casino|medium:slots|medium:jackpot|structural:18+,2026-08-09T06:53:38Z
https://1xbet-malaysia.bet,1xbet-malaysia.bet,1.0,strong:free spins|strong:place a bet|strong:live dealer|strong:bet slip|strong:curacao egaming|medium:casino|medium:slots|medium:poker|medium:sportsbook|medium:wager|medium:betting|structural:18+,2026-08-09T06:53:49Z
https://1xbet-malaysia.bet,1xbet-malaysia.bet,1.0,strong:free spins|strong:place a bet|strong:live dealer|strong:bet slip|strong:curacao egaming|medium:casino|medium:slots|medium:poker|medium:sportsbook|medium:wager|medium:betting|structural:18+,2026-08-09T06:53:49Z
https://1xbet-promo-code.bet,1xbet-promo-code.bet,0.75,strong:deposit bonus|strong:free spins|medium:casino|medium:slots|medium:wager|medium:betting|negative:written by,2026-08-09T06:53:53Z
https://1xbet-promo-code.bet,1xbet-promo-code.bet,0.75,strong:deposit bonus|strong:free spins|medium:casino|medium:slots|medium:wager|medium:betting|negative:written by,2026-08-09T06:53:53Z
https://1xbet-singapore.bet,1xbet-singapore.bet,1.0,strong:deposit bonus|strong:free spins|strong:bet slip|medium:casino|medium:slots|medium:poker|medium:jackpot|medium:wager|medium:betting|structural:age verification|negative:app store,2026-08-09T06:53:57Z
https://1xbetid.bet,1xbetid.bet,0.8,strong:play now|strong:bet slip|medium:casino|medium:slots|medium:betting,2026-08-09T06:54:34Z
https://1xbetkyat.bet,1xbetkyat.bet,1.0,strong:free spins|strong:live dealer|medium:casino|medium:slots|medium:poker|medium:jackpot|medium:betting,2026-08-09T06:54:39Z
https://1xbetmalaysia.bet,1xbetmalaysia.bet,1.0,strong:free spins|strong:live dealer|strong:register now|strong:sign up now|strong:claim bonus|strong:curaçao egaming|medium:casino|medium:slots|medium:poker|medium:sportsbook|medium:wager|medium:betting|structural:18+|structural:gambleaware|structural:responsible gambling|negative:app store,2026-08-09T06:54:46Z
https://1xbetvn.bet,1xbetvn.bet,1.0,strong:deposit bonus|strong:free spins|strong:live dealer|strong:curaçao egaming|medium:casino|medium:slots|medium:wager|medium:betting|structural:18+|negative:app store,2026-08-09T06:55:11Z
https://1xbetvn.bet,1xbetvn.bet,1.0,strong:deposit bonus|strong:free spins|strong:live dealer|medium:casino|medium:slots|medium:wager|medium:betting|structural:18+|negative:app store,2026-08-09T06:55:11Z
https://1xbit-casino.bet,1xbit-casino.bet,1.0,strong:deposit bonus|strong:free spins|strong:live dealer|strong:withdraw winnings|strong:play now|strong:cashier|strong:bet slip|medium:casino|medium:slots|medium:poker|medium:sportsbook|medium:jackpot|medium:wager|medium:betting|structural:18+|structural:responsible gambling,2026-08-09T06:55:13Z
https://1xbit.bet,1xbit.bet,1.0,strong:free spins|strong:place a bet|strong:claim bonus|medium:casino|medium:slots|medium:betting,2026-08-09T06:55:15Z
https://1xbit.bet,1xbit.bet,1.0,strong:free spins|strong:place a bet|strong:claim bonus|medium:casino|medium:slots|medium:betting,2026-08-09T06:55:15Z
https://1xbit.bet,1xbit.bet,1.0,strong:free spins|strong:place a bet|strong:claim bonus|medium:casino|medium:slots|medium:betting,2026-08-09T06:55:15Z
https://1xbit.bet,1xbit.bet,1.0,strong:deposit bonus|strong:free spins|strong:place a bet|strong:claim bonus|strong:bet slip|medium:casino|medium:slots|medium:wager|medium:betting,2026-08-09T06:55:15Z
https://1xbwt.bet,1xbwt.bet,1.0,strong:deposit bonus|strong:live dealer|strong:cashier|medium:casino|medium:slots|medium:poker|medium:wager|medium:betting|structural:18+|structural:responsible gambling|structural:age verification,2026-08-09T06:55:17Z
https://1xcasinos.bet,1xcasinos.bet,0.85,strong:ukgc|strong:curacao egaming|medium:casino|medium:slots|structural:18+,2026-08-09T06:55:19Z
https://1xcasinos.bet,1xcasinos.bet,0.85,strong:ukgc|strong:curacao egaming|medium:casino|medium:slots|structural:18+,2026-08-09T06:55:19Z
https://1xslotscasino.bet,1xslotscasino.bet,1.0,strong:deposit bonus|strong:free spins|strong:withdraw winnings|strong:play now|strong:cashier|strong:curacao egaming|medium:casino|medium:slots|medium:poker|medium:jackpot|medium:wager|medium:betting|structural:18+,2026-08-09T06:55:43Z
https://1xslotscasino.bet,1xslotscasino.bet,1.0,strong:deposit bonus|strong:free spins|strong:withdraw winnings|strong:play now|strong:cashier|strong:curacao egaming|medium:casino|medium:slots|medium:poker|medium:jackpot|medium:wager|medium:betting|structural:18+,2026-08-09T06:55:43Z
https://20003.bet,20003.bet,1.0,strong:live dealer|strong:register now|medium:casino|medium:slots|medium:poker|medium:jackpot|medium:wager|medium:betting,2026-08-09T06:56:14Z
https://20005.bet,20005.bet,1.0,strong:free spins|strong:live dealer|strong:withdraw winnings|strong:register now|medium:casino|medium:slots|medium:poker|medium:jackpot|medium:wager|medium:betting,2026-08-09T06:56:15Z
https://20005.bet,20005.bet,1.0,strong:free spins|strong:live dealer|strong:withdraw winnings|strong:register now|medium:casino|medium:slots|medium:poker|medium:jackpot|medium:wager|medium:betting,2026-08-09T06:56:15Z
https://20013.bet,20013.bet,1.0,strong:live dealer|strong:register now|medium:casino|medium:slots|medium:poker|medium:sportsbook|medium:jackpot|medium:wager|medium:betting,2026-08-09T06:56:22Z
https://20013.bet,20013.bet,1.0,strong:live dealer|strong:register now|medium:casino|medium:slots|medium:poker|medium:sportsbook|medium:jackpot|medium:wager|medium:betting,2026-08-09T06:56:22Z
https://2002r.bet,2002r.bet,1.0,strong:free spins|strong:place a bet|strong:register now|medium:casino|medium:slots|medium:poker|medium:jackpot|medium:wager|medium:betting,2026-08-09T06:56:23Z
https://2002r.bet,2002r.bet,1.0,strong:free spins|strong:place a bet|strong:register now|medium:casino|medium:slots|medium:poker|medium:jackpot|medium:wager|medium:betting,2026-08-09T06:56:23Z
https://20156.bet,20156.bet,1.0,strong:live dealer|strong:register now|medium:casino|medium:slots|medium:poker|medium:sportsbook|medium:jackpot|medium:betting,2026-08-09T06:56:43Z
https://20156.bet,20156.bet,1.0,strong:live dealer|strong:register now|medium:casino|medium:slots|medium:sportsbook|medium:jackpot|medium:betting,2026-08-09T06:56:43Z
https://2061.bet,2061.bet,1.0,strong:free spins|strong:live dealer|strong:register now|medium:casino|medium:slots|medium:sportsbook|medium:jackpot|medium:wager|medium:betting,2026-08-09T06:58:17Z
https://2061.bet,2061.bet,1.0,strong:free spins|strong:live dealer|strong:register now|medium:casino|medium:slots|medium:sportsbook|medium:jackpot|medium:wager|medium:betting,2026-08-09T06:58:18Z
https://20672.bet,20672.bet,1.0,strong:live dealer|strong:register now|medium:casino|medium:slots|medium:poker|medium:sportsbook|medium:jackpot|medium:wager|medium:betting,2026-08-09T06:58:22Z
https://2069.bet,2069.bet,1.0,strong:free spins|strong:live dealer|strong:withdraw winnings|strong:register now|medium:casino|medium:slots|medium:jackpot|medium:wager|medium:betting,2026-08-09T06:58:22Z
https://2069.bet,2069.bet,1.0,strong:live dealer|strong:withdraw winnings|medium:casino|medium:slots|medium:jackpot|medium:wager|medium:betting,2026-08-09T06:58:23Z
https://2079.bet,2079.bet,1.0,strong:withdraw winnings|strong:register now|medium:casino|medium:slots|medium:jackpot|medium:wager|medium:betting,2026-08-09T06:58:24Z
https://207pub.bet,207pub.bet,1.0,strong:deposit bonus|strong:live dealer|strong:play now|medium:casino|medium:slots|medium:jackpot|medium:wager|medium:betting,2026-08-09T06:58:24Z
https://207pub.bet,207pub.bet,1.0,strong:deposit bonus|strong:live dealer|strong:play now|medium:casino|medium:slots|medium:jackpot|medium:wager|medium:betting,2026-08-09T06:58:24Z
https://20bet-casino.bet,20bet-casino.bet,1.0,strong:deposit bonus|strong:free spins|strong:live dealer|strong:claim bonus|strong:play now|strong:cashier|strong:bet slip|strong:curacao egaming|medium:casino|medium:slots|medium:sportsbook|medium:jackpot|medium:wager|medium:betting|structural:18+|structural:responsible gambling,2026-08-09T06:58:37Z
https://20bet-casino.bet,20bet-casino.bet,1.0,strong:deposit bonus|strong:free spins|strong:live dealer|strong:claim bonus|strong:play now|strong:cashier|strong:bet slip|strong:curacao egaming|medium:casino|medium:slots|medium:sportsbook|medium:jackpot|medium:wager|medium:betting|structural:18+|structural:responsible gambling,2026-08-09T06:58:37Z
https://20toto.bet,20toto.bet,1.0,strong:deposit bonus|strong:free spins|strong:place a bet|strong:live dealer|medium:casino|medium:slots|medium:sportsbook|medium:betting,2026-08-09T06:58:52Z
https://20w50.bet,20w50.bet,1.0,strong:live dealer|strong:register now|strong:claim bonus|medium:casino|medium:slots|medium:poker|medium:jackpot|medium:wager|medium:betting,2026-08-09T06:58:52Z
https://21-lucky.bet,21-lucky.bet,1.0,strong:deposit bonus|strong:free spins|strong:live dealer|strong:cashier|strong:ukgc|medium:casino|medium:slots|medium:sportsbook|medium:jackpot|medium:wager|medium:betting|structural:18+|structural:responsible gambling,2026-08-09T06:58:55Z
https://21-bit.bet,21-bit.bet,1.0,strong:deposit bonus|strong:free spins|strong:play now|strong:cashier|medium:casino|medium:slots|medium:poker|medium:sportsbook|medium:jackpot|medium:wager|medium:betting|structural:18+|negative:app store,2026-08-09T06:58:55Z
https://21-bit.bet,21-bit.bet,1.0,strong:deposit bonus|strong:free spins|strong:play now|strong:cashier|medium:casino|medium:slots|medium:poker|medium:sportsbook|medium:jackpot|medium:wager|medium:betting|structural:18+|negative:app store,2026-08-09T06:58:56Z
https://21-lucky.bet,21-lucky.bet,1.0,strong:deposit bonus|strong:free spins|strong:live dealer|strong:cashier|strong:ukgc|medium:casino|medium:slots|medium:sportsbook|medium:jackpot|medium:wager|medium:betting|structural:responsible gambling,2026-08-09T06:58:56Z
https://2115.bet,2115.bet,1.0,strong:register now|strong:bet slip|medium:casino|medium:slots|medium:poker|medium:sportsbook|medium:jackpot|medium:wager|medium:betting,2026-08-09T06:58:58Z
https://2115.bet,2115.bet,1.0,strong:register now|strong:bet slip|medium:casino|medium:slots|medium:poker|medium:sportsbook|medium:jackpot|medium:wager|medium:betting,2026-08-09T06:58:58Z
https://2119.bet,2119.bet,1.0,strong:withdraw winnings|strong:register now|medium:casino|medium:slots|medium:poker|medium:jackpot|medium:wager|medium:betting|structural:18+|structural:age verification,2026-08-09T06:58:59Z
https://2119.bet,2119.bet,1.0,strong:withdraw winnings|strong:register now|medium:casino|medium:slots|medium:poker|medium:jackpot|medium:wager|medium:betting|structural:18+|structural:age verification,2026-08-09T06:58:59Z
https://2138.bet,2138.bet,1.0,strong:live dealer|strong:register now|medium:casino|medium:poker|medium:jackpot|medium:wager|medium:betting,2026-08-09T06:59:04Z
https://2138.bet,2138.bet,1.0,strong:live dealer|strong:register now|medium:casino|medium:poker|medium:jackpot|medium:wager|medium:betting,2026-08-09T06:59:04Z
https://2142.bet,2142.bet,1.0,strong:free spins|strong:live dealer|strong:register now|strong:bet slip|medium:casino|medium:slots|medium:poker|medium:jackpot|medium:wager|medium:betting|structural:age verification,2026-08-09T06:59:10Z
https://2142.bet,2142.bet,1.0,strong:free spins|strong:live dealer|strong:register now|strong:bet slip|medium:casino|medium:slots|medium:poker|medium:jackpot|medium:wager|medium:betting|structural:age verification,2026-08-09T06:59:10Z
https://2173.bet,2173.bet,1.0,strong:deposit bonus|strong:free spins|strong:live dealer|strong:register now|strong:play now|medium:casino|medium:slots|medium:jackpot|medium:wager|medium:betting|structural:18+|structural:age verification,2026-08-09T06:59:22Z
https://2173.bet,2173.bet,1.0,strong:deposit bonus|strong:free spins|strong:live dealer|strong:register now|strong:play now|medium:casino|medium:slots|medium:jackpot|medium:wager|medium:betting,2026-08-09T06:59:22Z
https://21800.bet,21800.bet,1.0,strong:free spins|strong:live dealer|strong:register now|strong:sign up now|medium:casino|medium:slots|medium:poker|medium:betting|structural:age verification,2026-08-09T06:59:31Z
https://21800.bet,21800.bet,1.0,strong:free spins|strong:live dealer|strong:register now|strong:sign up now|medium:casino|medium:slots|medium:poker|medium:betting|structural:age verification,2026-08-09T06:59:31Z
https://21betshop.bet,21betshop.bet,1.0,strong:deposit bonus|strong:free spins|strong:live dealer|strong:claim bonus|strong:play now|strong:cashier|strong:ukgc|medium:casino|medium:slots|medium:sportsbook|medium:jackpot|medium:wager|medium:betting|structural:18+,2026-08-09T06:59:51Z
https://21betshop.bet,21betshop.bet,1.0,strong:deposit bonus|strong:free spins|strong:live dealer|strong:claim bonus|strong:play now|strong:cashier|strong:ukgc|medium:casino|medium:slots|medium:sportsbook|medium:jackpot|medium:wager|medium:betting|structural:18+,2026-08-09T06:59:51Z
https://21bit5.bet,21bit5.bet,1.0,strong:deposit bonus|strong:free spins|strong:live dealer|strong:register now|strong:sign up now|strong:play now|medium:casino|medium:slots|medium:jackpot|medium:wager|structural:responsible gambling,2026-08-09T06:59:52Z
https://21bit5.bet,21bit5.bet,1.0,strong:deposit bonus|strong:free spins|strong:live dealer|strong:register now|strong:sign up now|strong:play now|medium:casino|medium:slots|medium:jackpot|medium:wager|structural:responsible gambling,2026-08-09T06:59:52Z
https://21dukes.bet,21dukes.bet,1.0,strong:deposit bonus|strong:free spins|strong:live dealer|strong:cashier|strong:curaçao egaming|medium:casino|medium:slots|medium:jackpot|medium:wager|medium:betting|structural:18+|structural:responsible gambling,2026-08-09T06:59:52Z
https://21dukes.bet,21dukes.bet,1.0,strong:deposit bonus|strong:free spins|strong:live dealer|strong:cashier|strong:curaçao egaming|medium:casino|medium:slots|medium:jackpot|medium:wager|medium:betting|structural:18+|structural:responsible gambling,2026-08-09T06:59:52Z
https://21bitcasino.bet,21bitcasino.bet,1.0,strong:deposit bonus|strong:free spins|strong:curacao egaming|medium:casino|medium:slots|medium:poker|medium:jackpot|medium:wager,2026-08-09T06:59:53Z
https://21bitcasino.bet,21bitcasino.bet,1.0,strong:deposit bonus|strong:free spins|strong:curacao egaming|medium:casino|medium:slots|medium:poker|medium:jackpot|medium:wager,2026-08-09T06:59:54Z
https://21bit.bet,21bit.bet,1.0,strong:deposit bonus|strong:free spins|strong:live dealer|strong:cashier|medium:casino|medium:slots|medium:jackpot|medium:wager|medium:betting,2026-08-09T06:59:54Z
https://21dukescasino.bet,21dukescasino.bet,1.0,strong:free spins|strong:live dealer|strong:claim bonus|strong:play now|strong:curaçao egaming|strong:curacao egaming|medium:casino|medium:slots|medium:jackpot|medium:wager|medium:betting|structural:18+|structural:responsible gambling,2026-08-09T06:59:54Z
https://21bit.bet,21bit.bet,1.0,strong:deposit bonus|strong:free spins|strong:live dealer|strong:claim bonus|strong:cashier|medium:casino|medium:slots|medium:jackpot|medium:wager|medium:betting|structural:gambleaware|structural:responsible gambling,2026-08-09T06:59:54Z
https://21dukescasino.bet,21dukescasino.bet,1.0,strong:free spins|strong:live dealer|strong:claim bonus|strong:play now|strong:curaçao egaming|strong:curacao egaming|medium:casino|medium:slots|medium:jackpot|medium:wager|medium:betting|structural:18+|structural:responsible gambling,2026-08-09T06:59:54Z
https://21dukescasino.bet,21dukescasino.bet,1.0,strong:free spins|strong:live dealer|strong:claim bonus|strong:play now|strong:curaçao egaming|strong:curacao egaming|medium:casino|medium:slots|medium:jackpot|medium:wager|medium:betting|structural:18+|structural:responsible gambling,2026-08-09T06:59:54Z
https://21prive.bet,21prive.bet,1.0,strong:deposit bonus|strong:free spins|strong:live dealer|strong:cashier|medium:casino|medium:slots|medium:poker|medium:jackpot|medium:wager|medium:betting|structural:responsible gambling,2026-08-09T06:59:58Z
https://21prive.bet,21prive.bet,1.0,strong:deposit bonus|strong:free spins|strong:live dealer|strong:cashier|medium:casino|medium:slots|medium:poker|medium:jackpot|medium:wager|medium:betting|structural:18+|structural:responsible gambling|negative:app store,2026-08-09T06:59:58Z
https://21red.bet,21red.bet,1.0,strong:free spins|strong:mga/|medium:casino|medium:slots|medium:sportsbook|medium:jackpot|medium:betting,2026-08-09T06:59:59Z
https://22122.bet,22122.bet,1.0,strong:deposit bonus|strong:live dealer|strong:register now|medium:casino|medium:poker|medium:sportsbook|medium:jackpot|medium:wager|medium:betting|structural:responsible gambling,2026-08-09T07:00:46Z
https://22122.bet,22122.bet,1.0,strong:deposit bonus|strong:live dealer|strong:register now|medium:casino|medium:poker|medium:sportsbook|medium:jackpot|medium:wager|medium:betting|structural:responsible gambling,2026-08-09T07:00:46Z
https://2215.bet,2215.bet,1.0,strong:live dealer|strong:register now|medium:casino|medium:slots|medium:poker|medium:jackpot|medium:wager|medium:betting,2026-08-09T07:00:48Z
https://2214.bet,2214.bet,1.0,strong:deposit bonus|strong:live dealer|strong:register now|strong:play now|medium:casino|medium:slots|medium:poker|medium:sportsbook|medium:jackpot|medium:wager|medium:betting,2026-08-09T07:00:48Z
https://2215.bet,2215.bet,1.0,strong:live dealer|strong:register now|medium:casino|medium:slots|medium:poker|medium:jackpot|medium:wager|medium:betting,2026-08-09T07:00:48Z
https://22223.bet,22223.bet,1.0,strong:register now|strong:play now|medium:casino|medium:slots|medium:poker|medium:jackpot|medium:betting,2026-08-09T07:00:57Z
https://22223.bet,22223.bet,1.0,strong:live dealer|strong:register now|strong:play now|medium:casino|medium:slots|medium:poker|medium:jackpot|medium:betting,2026-08-09T07:01:02Z
https://22226.bet,22226.bet,1.0,strong:deposit bonus|strong:live dealer|medium:casino|medium:slots|medium:jackpot|medium:wager|medium:betting,2026-08-09T07:01:02Z
https://22226.bet,22226.bet,1.0,strong:deposit bonus|strong:live dealer|strong:sign up now|medium:casino|medium:slots|medium:jackpot|medium:wager|medium:betting,2026-08-09T07:01:02Z
https://2222betlogin.bet,2222betlogin.bet,0.8,strong:live dealer|strong:register now|medium:casino|medium:sportsbook|medium:betting,2026-08-09T07:01:11Z
https://2222db.bet,2222db.bet,1.0,strong:deposit bonus|strong:free spins|strong:place a bet|strong:live dealer|strong:withdraw winnings|strong:register now|strong:play now|medium:casino|medium:slots|medium:poker|medium:jackpot|medium:wager|medium:betting|negative:how to play,2026-08-09T07:01:19Z
https://2222db.bet,2222db.bet,1.0,strong:deposit bonus|strong:free spins|strong:place a bet|strong:live dealer|strong:withdraw winnings|strong:register now|strong:play now|medium:casino|medium:slots|medium:poker|medium:jackpot|medium:wager|medium:betting|negative:how to play,2026-08-09T07:01:19Z
https://222bd2.bet,222bd2.bet,1.0,strong:free spins|strong:live dealer|strong:claim bonus|strong:play now|strong:cashier|medium:casino|medium:slots|medium:poker|medium:jackpot|medium:betting|structural:age verification|negative:how to play,2026-08-09T07:01:29Z
https://222bd2.bet,222bd2.bet,1.0,strong:free spins|strong:live dealer|strong:claim bonus|strong:play now|strong:cashier|medium:casino|medium:slots|medium:poker|medium:jackpot|medium:betting|structural:age verification|negative:how to play,2026-08-09T07:01:30Z
https://222jl.bet,222jl.bet,1.0,strong:deposit bonus|strong:live dealer|strong:register now|medium:casino|medium:slots|medium:betting,2026-08-09T07:01:42Z
https://222ph.bet,222ph.bet,0.8,strong:live dealer|strong:register now|medium:casino|medium:slots|medium:betting,2026-08-09T07:01:45Z
https://222ph.bet,222ph.bet,0.8,strong:live dealer|strong:register now|medium:casino|medium:slots|medium:betting,2026-08-09T07:01:45Z
https://2237.bet,2237.bet,1.0,strong:free spins|strong:live dealer|medium:casino|medium:slots|medium:poker|medium:sportsbook|medium:jackpot|medium:wager|medium:betting,2026-08-09T07:01:50Z
https://2271.bet,2271.bet,1.0,strong:free spins|strong:live dealer|strong:register now|medium:casino|medium:slots|medium:poker|medium:jackpot|medium:wager|medium:betting,2026-08-09T07:02:09Z
https://22881.bet,22881.bet,1.0,strong:free spins|strong:live dealer|strong:register now|medium:casino|medium:slots|medium:poker|medium:jackpot|medium:wager|medium:betting|structural:age verification,2026-08-09T07:02:44Z
https://22881.bet,22881.bet,1.0,strong:free spins|strong:live dealer|strong:register now|medium:casino|medium:slots|medium:poker|medium:jackpot|medium:wager|medium:betting|structural:age verification,2026-08-09T07:02:44Z
https://2290.bet,2290.bet,1.0,strong:withdraw winnings|strong:register now|medium:casino|medium:slots|medium:sportsbook|medium:jackpot|medium:wager|medium:betting,2026-08-09T07:02:48Z
https://2293.bet,2293.bet,1.0,strong:live dealer|strong:register now|medium:casino|medium:slots|medium:jackpot|medium:wager|medium:betting|structural:responsible gambling,2026-08-09T07:02:52Z
https://22aud.bet,22aud.bet,1.0,strong:deposit bonus|strong:free spins|strong:live dealer|strong:claim bonus|strong:play now|strong:cashier|strong:curacao egaming|medium:casino|medium:slots|medium:poker|medium:sportsbook|medium:jackpot|medium:wager|medium:betting|structural:18+|structural:responsible gambling,2026-08-09T07:03:16Z
https://22audcasino.bet,22audcasino.bet,1.0,strong:deposit bonus|strong:free spins|strong:live dealer|strong:claim bonus|strong:curaçao egaming|medium:casino|medium:slots|medium:poker|medium:jackpot|medium:wager|structural:responsible gambling,2026-08-09T07:03:18Z
https://22bet-casino.bet,22bet-casino.bet,1.0,strong:free spins|strong:live dealer|strong:play now|strong:cashier|medium:casino|medium:slots|medium:poker|medium:jackpot|medium:betting|structural:18+|structural:age verification,2026-08-09T07:03:29Z
https://22bet-gh.bet,22bet-gh.bet,1.0,strong:deposit bonus|strong:free spins|strong:place a bet|strong:live dealer|strong:cashier|strong:bet slip|medium:casino|medium:slots|medium:poker|medium:sportsbook|medium:jackpot|medium:wager|medium:betting|structural:responsible gambling,2026-08-09T07:03:29Z
https://22bet-gh.bet,22bet-gh.bet,1.0,strong:deposit bonus|strong:free spins|strong:place a bet|strong:live dealer|strong:cashier|strong:bet slip|medium:casino|medium:slots|medium:poker|medium:sportsbook|medium:jackpot|medium:wager|medium:betting|structural:responsible gambling,2026-08-09T07:03:29Z
https://22bet-gh.bet,22bet-gh.bet,1.0,strong:deposit bonus|strong:free spins|strong:place a bet|strong:live dealer|strong:cashier|strong:bet slip|medium:casino|medium:slots|medium:poker|medium:sportsbook|medium:jackpot|medium:wager|medium:betting|structural:responsible gambling,2026-08-09T07:03:29Z
https://22bet-gh.bet,22bet-gh.bet,1.0,strong:deposit bonus|strong:free spins|strong:place a bet|strong:live dealer|strong:cashier|strong:bet slip|medium:casino|medium:slots|medium:poker|medium:sportsbook|medium:jackpot|medium:wager|medium:betting|structural:responsible gambling,2026-08-09T07:03:29Z
https://22bet-kenya.bet,22bet-kenya.bet,1.0,strong:free spins|strong:place a bet|strong:live dealer|medium:casino|medium:slots|medium:poker|medium:sportsbook|medium:jackpot|medium:wager|medium:betting|negative:app store|negative:google play,2026-08-09T07:03:29Z
https://22bet-kenya.bet,22bet-kenya.bet,1.0,strong:free spins|strong:place a bet|strong:live dealer|medium:casino|medium:slots|medium:poker|medium:sportsbook|medium:jackpot|medium:wager|medium:betting|negative:app store|negative:google play,2026-08-09T07:03:29Z
https://22db.bet,22db.bet,1.0,strong:free spins|strong:live dealer|strong:cashier|medium:casino|medium:slots|medium:poker|medium:sportsbook|medium:jackpot|medium:wager|medium:betting|structural:18+|structural:responsible gambling,2026-08-09T07:03:48Z
https://22casino.bet,22casino.bet,1.0,strong:deposit bonus|strong:free spins|strong:place a bet|strong:live dealer|strong:cashier|medium:casino|medium:slots|medium:poker|medium:jackpot|medium:wager|structural:18+|structural:gambleaware|structural:responsible gambling,2026-08-09T07:03:48Z
https://22db.bet,22db.bet,1.0,strong:free spins|strong:live dealer|strong:cashier|medium:casino|medium:slots|medium:poker|medium:sportsbook|medium:jackpot|medium:wager|medium:betting|structural:18+|structural:responsible gambling,2026-08-09T07:03:48Z
https://22casino.bet,22casino.bet,1.0,strong:deposit bonus|strong:free spins|strong:place a bet|strong:live dealer|strong:cashier|medium:casino|medium:slots|medium:poker|medium:jackpot|medium:wager|structural:18+|structural:gambleaware|structural:responsible gambling,2026-08-09T07:03:48Z
https://22casino.bet,22casino.bet,1.0,strong:deposit bonus|strong:free spins|strong:place a bet|strong:live dealer|strong:cashier|medium:casino|medium:slots|medium:poker|medium:jackpot|medium:wager|structural:18+|structural:gambleaware|structural:responsible gambling,2026-08-09T07:03:50Z
https://22casino.bet,22casino.bet,1.0,strong:deposit bonus|strong:free spins|strong:place a bet|strong:live dealer|strong:cashier|medium:casino|medium:slots|medium:poker|medium:jackpot|medium:wager|structural:18+|structural:gambleaware|structural:responsible gambling,2026-08-09T07:03:50Z
https://22jl.bet,22jl.bet,1.0,strong:deposit bonus|strong:free spins|strong:sign up now|medium:casino|medium:slots|medium:poker,2026-08-09T07:03:53Z
https://22jl.bet,22jl.bet,1.0,strong:deposit bonus|strong:free spins|strong:sign up now|medium:casino|medium:slots|medium:poker,2026-08-09T07:03:54Z
https://2302.bet,2302.bet,1.0,strong:register now|strong:bet slip|medium:casino|medium:slots|medium:sportsbook|medium:jackpot|medium:wager|medium:betting,2026-08-09T07:04:42Z
https://2302.bet,2302.bet,1.0,strong:register now|strong:bet slip|medium:casino|medium:slots|medium:sportsbook|medium:jackpot|medium:wager|medium:betting,2026-08-09T07:04:43Z
https://2303.bet,2303.bet,1.0,strong:free spins|strong:live dealer|medium:casino|medium:slots|medium:poker|medium:sportsbook|medium:jackpot|medium:wager|medium:betting,2026-08-09T07:04:43Z
https://2312.bet,2312.bet,1.0,strong:free spins|strong:register now|medium:casino|medium:slots|medium:sportsbook|medium:jackpot|medium:betting,2026-08-09T07:04:43Z
https://2303.bet,2303.bet,1.0,strong:free spins|strong:live dealer|medium:casino|medium:slots|medium:poker|medium:sportsbook|medium:jackpot|medium:wager|medium:betting,2026-08-09T07:04:43Z
https://2312.bet,2312.bet,1.0,strong:free spins|strong:register now|medium:casino|medium:slots|medium:sportsbook|medium:jackpot|medium:betting,2026-08-09T07:04:43Z
https://2354.bet,2354.bet,1.0,strong:live dealer|strong:register now|medium:casino|medium:slots|medium:poker|medium:jackpot|medium:betting,2026-08-09T07:05:24Z
https://2354.bet,2354.bet,1.0,strong:live dealer|strong:register now|medium:casino|medium:slots|medium:poker|medium:jackpot|medium:betting,2026-08-09T07:05:24Z
https://2370.bet,2370.bet,1.0,strong:free spins|strong:live dealer|strong:register now|medium:casino|medium:slots|medium:poker|medium:jackpot|medium:wager|medium:betting,2026-08-09T07:05:28Z
https://2386.bet,2386.bet,1.0,strong:live dealer|strong:register now|medium:casino|medium:slots|medium:jackpot|medium:wager|medium:betting,2026-08-09T07:05:29Z
https://2386.bet,2386.bet,1.0,strong:live dealer|strong:register now|medium:casino|medium:slots|medium:jackpot|medium:wager|medium:betting,2026-08-09T07:05:29Z
https://23phdream.bet,23phdream.bet,0.9,strong:live dealer|strong:register now|medium:casino|medium:slots|medium:poker|medium:betting,2026-08-09T07:05:44Z
https://23phdream.bet,23phdream.bet,1.0,strong:free spins|strong:live dealer|strong:register now|medium:casino|medium:slots|medium:poker|medium:betting,2026-08-09T07:05:44Z
https://24-casino.bet,24-casino.bet,1.0,strong:deposit bonus|strong:free spins|strong:live dealer|medium:casino|medium:slots|medium:poker|medium:jackpot|medium:wager|structural:responsible gambling,2026-08-09T07:06:14Z
https://24-casino.bet,24-casino.bet,1.0,strong:deposit bonus|strong:free spins|strong:live dealer|strong:withdraw winnings|strong:play now|medium:casino|medium:slots|medium:poker|medium:jackpot|medium:wager|structural:responsible gambling|negative:app store,2026-08-09T07:06:14Z
https://2418.bet,2418.bet,1.0,strong:live dealer|strong:register now|strong:bet slip|medium:casino|medium:slots|medium:sportsbook|medium:jackpot|medium:wager|medium:betting,2026-08-09T07:06:19Z
https://2436.bet,2436.bet,1.0,strong:live dealer|strong:register now|strong:claim bonus|strong:play now|medium:casino|medium:slots|medium:jackpot|medium:betting,2026-08-09T07:06:23Z
https://2443.bet,2443.bet,1.0,strong:free spins|strong:live dealer|strong:register now|medium:casino|medium:slots|medium:sportsbook|medium:jackpot|medium:wager|medium:betting|structural:age verification,2026-08-09T07:06:23Z
https://2443.bet,2443.bet,1.0,strong:free spins|strong:live dealer|strong:register now|medium:casino|medium:slots|medium:sportsbook|medium:jackpot|medium:wager|medium:betting|structural:age verification,2026-08-09T07:06:24Z
https://2448.bet,2448.bet,1.0,strong:live dealer|strong:register now|medium:casino|medium:slots|medium:poker|medium:jackpot|medium:wager|medium:betting|structural:responsible gambling,2026-08-09T07:06:27Z
https://2448.bet,2448.bet,1.0,strong:live dealer|strong:register now|medium:casino|medium:slots|medium:poker|medium:jackpot|medium:wager|medium:betting|structural:responsible gambling,2026-08-09T07:06:27Z
https://2469.bet,2469.bet,1.0,strong:live dealer|strong:register now|medium:casino|medium:slots|medium:poker|medium:sportsbook|medium:jackpot|medium:wager|medium:betting,2026-08-09T07:06:43Z
https://2471.bet,2471.bet,1.0,strong:free spins|strong:register now|medium:casino|medium:slots|medium:poker|medium:jackpot|medium:wager|medium:betting,2026-08-09T07:06:55Z
https://2471.bet,2471.bet,1.0,strong:free spins|strong:register now|medium:casino|medium:slots|medium:poker|medium:jackpot|medium:wager|medium:betting,2026-08-09T07:06:56Z
https://2478.bet,2478.bet,1.0,strong:free spins|strong:live dealer|strong:register now|medium:casino|medium:slots|medium:sportsbook|medium:jackpot|medium:wager|medium:betting|structural:responsible gambling,2026-08-09T07:06:56Z
https://2478.bet,2478.bet,1.0,strong:free spins|strong:live dealer|strong:register now|medium:casino|medium:slots|medium:sportsbook|medium:jackpot|medium:wager|medium:betting|structural:responsible gambling,2026-08-09T07:06:56Z
https://247casinos.bet,247casinos.bet,1.0,strong:deposit bonus|strong:free spins|strong:play now|medium:casino|medium:slots|medium:jackpot|medium:wager|medium:betting|structural:18+,2026-08-09T07:06:56Z
https://247majesticipl.bet,247majesticipl.bet,1.0,strong:free spins|strong:live dealer|medium:casino|medium:slots|medium:poker|medium:sportsbook|medium:jackpot|medium:wager|medium:betting,2026-08-09T07:07:02Z
https://2499.bet,2499.bet,1.0,strong:place a bet|strong:live dealer|strong:register now|medium:casino|medium:slots|medium:poker|medium:sportsbook|medium:jackpot|medium:wager|medium:betting,2026-08-09T07:07:12Z
https://2499.bet,2499.bet,1.0,strong:place a bet|strong:live dealer|strong:register now|medium:casino|medium:slots|medium:poker|medium:sportsbook|medium:jackpot|medium:wager|medium:betting,2026-08-09T07:07:12Z
https://24bettlecasino.bet,24bettlecasino.bet,1.0,strong:deposit bonus|strong:free spins|strong:live dealer|strong:withdraw winnings|strong:cashier|strong:mga/|medium:casino|medium:slots|medium:poker|medium:sportsbook|medium:jackpot|medium:wager|medium:betting|structural:18+|structural:responsible gambling,2026-08-09T07:07:18Z
https://24bettlecasino.bet,24bettlecasino.bet,1.0,strong:deposit bonus|strong:free spins|strong:live dealer|strong:mga/|medium:casino|medium:slots|medium:sportsbook|medium:wager|medium:betting|structural:responsible gambling,2026-08-09T07:07:20Z
https://24casino-canada.bet,24casino-canada.bet,1.0,strong:deposit bonus|strong:free spins|strong:live dealer|strong:curacao egaming|medium:casino|medium:slots|medium:jackpot|medium:wager|structural:18+,2026-08-09T07:07:20Z
https://24casino-canada.bet,24casino-canada.bet,1.0,strong:deposit bonus|strong:free spins|strong:live dealer|strong:curacao egaming|medium:casino|medium:slots|medium:jackpot|medium:wager|structural:18+,2026-08-09T07:07:20Z
https://24casinos.bet,24casinos.bet,1.0,strong:free spins|strong:live dealer|strong:claim bonus|strong:play now|strong:cashier|strong:curaçao egaming|medium:casino|medium:slots|medium:wager|structural:18+|structural:responsible gambling,2026-08-09T07:07:24Z
https://24casinos.bet,24casinos.bet,1.0,strong:free spins|strong:live dealer|strong:claim bonus|strong:play now|strong:cashier|strong:curaçao egaming|medium:casino|medium:slots|medium:wager|structural:18+|structural:responsible gambling,2026-08-09T07:07:24Z
https://24playcasino.bet,24playcasino.bet,1.0,strong:free spins|strong:live dealer|strong:register now|strong:sign up now|strong:curaçao egaming|medium:casino|medium:slots|medium:sportsbook|medium:jackpot|medium:betting|structural:responsible gambling,2026-08-09T07:07:45Z
https://24playcasino.bet,24playcasino.bet,1.0,strong:free spins|strong:live dealer|strong:register now|strong:sign up now|strong:curaçao egaming|medium:casino|medium:slots|medium:sportsbook|medium:jackpot|medium:betting|structural:responsible gambling,2026-08-09T07:07:46Z
https://24s.bet,24s.bet,1.0,strong:deposit bonus|strong:live dealer|strong:register now|medium:casino|medium:slots|medium:poker|medium:jackpot|medium:wager|medium:betting,2026-08-09T07:07:49Z
https://24s.bet,24s.bet,1.0,strong:deposit bonus|strong:live dealer|strong:register now|medium:casino|medium:slots|medium:poker|medium:jackpot|medium:wager|medium:betting,2026-08-09T07:07:49Z
https://24pokies-au.bet,24pokies-au.bet,1.0,strong:deposit bonus|strong:free spins|strong:sign up now|strong:claim bonus|strong:play now|medium:casino|medium:slots|medium:jackpot|medium:wager,2026-08-09T07:07:49Z
https://24pokies.bet,24pokies.bet,1.0,strong:deposit bonus|strong:free spins|strong:live dealer|strong:curaçao egaming|medium:casino|medium:slots|medium:poker|medium:jackpot|medium:wager|structural:responsible gambling,2026-08-09T07:07:49Z
https://24pokies.bet,24pokies.bet,1.0,strong:deposit bonus|strong:free spins|strong:live dealer|strong:curaçao egaming|medium:casino|medium:slots|medium:poker|medium:jackpot|medium:wager|structural:responsible gambling,2026-08-09T07:07:50Z
https://24slotoro615.bet,24slotoro615.bet,1.0,strong:deposit bonus|strong:free spins|strong:live dealer|strong:cashier|strong:bet slip|medium:casino|medium:slots|medium:poker|medium:sportsbook|medium:jackpot|medium:wager|medium:betting|structural:gambleaware|structural:responsible gambling|negative:app store,2026-08-09T07:07:52Z
https://24slotoro615.bet,24slotoro615.bet,1.0,strong:deposit bonus|strong:free spins|strong:live dealer|strong:cashier|strong:bet slip|medium:casino|medium:slots|medium:poker|medium:sportsbook|medium:jackpot|medium:wager|medium:betting|structural:gambleaware|structural:responsible gambling|negative:app store,2026-08-09T07:07:52Z
https://24x.bet,24x.bet,0.9,strong:free spins|strong:claim bonus|medium:casino|medium:slots|medium:poker|medium:jackpot,2026-08-09T07:07:55Z
https://24x.bet,24x.bet,0.9,strong:free spins|strong:claim bonus|medium:casino|medium:slots|medium:poker|medium:jackpot,2026-08-09T07:07:55Z
https://24vipcasino.bet,24vipcasino.bet,1.0,strong:deposit bonus|strong:free spins|strong:live dealer|strong:play now|strong:cashier|strong:curaçao egaming|medium:casino|medium:slots|medium:poker|medium:jackpot|medium:wager|medium:betting|structural:18+|structural:responsible gambling,2026-08-09T07:07:55Z
https://250k.bet,250k.bet,0.8,strong:live dealer|strong:cashier|medium:casino|medium:slots|medium:sportsbook,2026-08-09T07:07:59Z
https://2575.bet,2575.bet,1.0,strong:live dealer|strong:register now|medium:casino|medium:slots|medium:sportsbook|medium:wager|medium:betting,2026-08-09T07:08:43Z
https://2575.bet,2575.bet,1.0,strong:live dealer|strong:register now|medium:casino|medium:slots|medium:sportsbook|medium:wager|medium:betting,2026-08-09T07:08:43Z
https://2607.bet,2607.bet,1.0,strong:place a bet|strong:register now|medium:casino|medium:slots|medium:jackpot|medium:wager|medium:betting,2026-08-09T07:09:14Z
https://2607.bet,2607.bet,1.0,strong:place a bet|strong:register now|medium:casino|medium:slots|medium:jackpot|medium:wager|medium:betting,2026-08-09T07:09:14Z
https://2625.bet,2625.bet,1.0,strong:free spins|strong:live dealer|medium:casino|medium:slots|medium:poker|medium:jackpot|medium:betting,2026-08-09T07:09:17Z
https://2625.bet,2625.bet,1.0,strong:free spins|strong:live dealer|medium:casino|medium:slots|medium:poker|medium:jackpot|medium:betting,2026-08-09T07:09:17Z
https://2632.bet,2632.bet,1.0,strong:free spins|strong:live dealer|strong:register now|strong:play now|medium:casino|medium:slots|medium:jackpot|medium:wager|medium:betting|structural:age verification,2026-08-09T07:09:21Z
https://2642.bet,2642.bet,1.0,strong:free spins|strong:live dealer|strong:register now|medium:casino|medium:slots|medium:jackpot|medium:wager|medium:betting,2026-08-09T07:09:24Z
https://2642.bet,2642.bet,1.0,strong:free spins|strong:live dealer|strong:register now|medium:casino|medium:slots|medium:jackpot|medium:wager|medium:betting,2026-08-09T07:09:24Z
https://2646.bet,2646.bet,1.0,strong:live dealer|strong:register now|medium:casino|medium:slots|medium:jackpot|medium:wager|medium:betting,2026-08-09T07:09:24Z
https://2646.bet,2646.bet,1.0,strong:live dealer|strong:register now|medium:casino|medium:slots|medium:jackpot|medium:wager|medium:betting,2026-08-09T07:09:24Z
https://26jlph.bet,26jlph.bet,1.0,strong:free spins|strong:live dealer|strong:sign up now|strong:claim bonus|medium:casino|medium:slots|medium:poker|medium:jackpot|medium:wager|structural:18+,2026-08-09T07:10:16Z
https://26jlph.bet,26jlph.bet,1.0,strong:free spins|strong:live dealer|strong:sign up now|strong:claim bonus|medium:casino|medium:slots|medium:poker|medium:jackpot|medium:wager|structural:18+,2026-08-09T07:10:16Z
https://26slotoro417.bet,26slotoro417.bet,1.0,strong:deposit bonus|strong:free spins|strong:live dealer|strong:cashier|strong:bet slip|medium:casino|medium:slots|medium:poker|medium:sportsbook|medium:jackpot|medium:wager|medium:betting|structural:gambleaware|structural:responsible gambling|negative:app store,2026-08-09T07:11:04Z
https://2717.bet,2717.bet,1.0,strong:live dealer|strong:register now|medium:casino|medium:slots|medium:poker|medium:sportsbook|medium:jackpot|medium:betting,2026-08-09T07:11:13Z
https://2713.bet,2713.bet,0.8,strong:deposit bonus|strong:live dealer|medium:casino|medium:wager|medium:betting,2026-08-09T07:11:14Z
https://2713.bet,2713.bet,1.0,strong:deposit bonus|strong:live dealer|strong:register now|medium:casino|medium:slots|medium:poker|medium:jackpot|medium:wager|medium:betting|structural:age verification,2026-08-09T07:11:14Z
https://2727bd.bet,2727bd.bet,1.0,strong:free spins|strong:live dealer|medium:casino|medium:slots|medium:sportsbook|medium:jackpot|medium:wager|medium:betting|structural:18+,2026-08-09T07:11:16Z
https://2732.bet,2732.bet,1.0,strong:live dealer|strong:register now|strong:play now|medium:casino|medium:slots|medium:poker|medium:sportsbook|medium:jackpot|medium:wager|medium:betting|structural:18+,2026-08-09T07:11:17Z
https://2738.bet,2738.bet,1.0,strong:free spins|strong:register now|strong:sign up now|medium:casino|medium:slots|medium:jackpot|medium:wager|medium:betting,2026-08-09T07:11:18Z
https://2738.bet,2738.bet,1.0,strong:free spins|strong:register now|strong:sign up now|medium:casino|medium:slots|medium:jackpot|medium:wager|medium:betting,2026-08-09T07:11:18Z
https://2741.bet,2741.bet,1.0,strong:free spins|strong:live dealer|strong:register now|medium:casino|medium:slots|medium:jackpot|medium:wager|medium:betting,2026-08-09T07:11:18Z
https://2753.bet,2753.bet,1.0,strong:live dealer|strong:register now|medium:casino|medium:slots|medium:poker|medium:jackpot|medium:wager|medium:betting,2026-08-09T07:11:18Z
https://2741.bet,2741.bet,1.0,strong:free spins|strong:live dealer|strong:register now|medium:casino|medium:slots|medium:jackpot|medium:wager|medium:betting,2026-08-09T07:11:19Z
https://2753.bet,2753.bet,1.0,strong:live dealer|strong:register now|medium:casino|medium:slots|medium:poker|medium:jackpot|medium:wager|medium:betting,2026-08-09T07:11:20Z
https://2774.bet,2774.bet,1.0,strong:deposit bonus|strong:live dealer|medium:casino|medium:slots|medium:poker|medium:sportsbook|medium:jackpot|medium:wager|medium:betting,2026-08-09T07:11:20Z
https://2777betlogin.bet,2777betlogin.bet,1.0,strong:live dealer|strong:register now|medium:casino|medium:slots|medium:sportsbook|medium:jackpot|medium:betting,2026-08-09T07:11:32Z
https://2777cx.bet,2777cx.bet,1.0,strong:free spins|strong:live dealer|strong:withdraw winnings|medium:casino|medium:slots|medium:jackpot|medium:wager|medium:betting|structural:age verification,2026-08-09T07:11:36Z
https://2777cx.bet,2777cx.bet,1.0,strong:free spins|strong:live dealer|strong:withdraw winnings|medium:casino|medium:slots|medium:jackpot|medium:wager|medium:betting|structural:age verification,2026-08-09T07:11:36Z
https://277bdt.bet,277bdt.bet,1.0,strong:free spins|strong:live dealer|strong:play now|medium:casino|medium:slots|medium:poker|medium:jackpot|medium:betting|structural:age verification,2026-08-09T07:11:37Z
https://277bdt.bet,277bdt.bet,1.0,strong:free spins|strong:live dealer|strong:play now|medium:casino|medium:slots|medium:poker|medium:jackpot|medium:betting|structural:age verification,2026-08-09T07:11:37Z
https://2777betlogin.bet,2777betlogin.bet,1.0,strong:live dealer|strong:register now|medium:casino|medium:slots|medium:sportsbook|medium:jackpot|medium:betting,2026-08-09T07:11:38Z
https://277bit.bet,277bit.bet,1.0,strong:live dealer|strong:play now|medium:casino|medium:slots|medium:poker|medium:wager|medium:betting,2026-08-09T07:11:38Z
https://277bit.bet,277bit.bet,1.0,strong:live dealer|strong:play now|medium:casino|medium:slots|medium:poker|medium:wager|medium:betting,2026-08-09T07:11:38Z
https://27ph.bet,27ph.bet,0.9,strong:live dealer|strong:register now|medium:casino|medium:slots|medium:wager|medium:betting,2026-08-09T07:12:01Z
https://27ph.bet,27ph.bet,0.9,strong:live dealer|strong:register now|medium:casino|medium:slots|medium:wager|medium:betting,2026-08-09T07:12:01Z
https://278slotoro.bet,278slotoro.bet,1.0,strong:deposit bonus|strong:free spins|strong:live dealer|strong:cashier|strong:bet slip|medium:casino|medium:slots|medium:poker|medium:sportsbook|medium:jackpot|medium:wager|medium:betting|structural:gambleaware|structural:responsible gambling|negative:app store,2026-08-09T07:12:04Z
https://2806.bet,2806.bet,1.0,strong:live dealer|strong:register now|medium:casino|medium:slots|medium:jackpot|medium:wager|medium:betting|structural:18+|structural:age verification,2026-08-09T07:12:12Z
https://2806.bet,2806.bet,1.0,strong:live dealer|strong:register now|medium:casino|medium:slots|medium:jackpot|medium:wager|medium:betting|structural:18+|structural:age verification,2026-08-09T07:12:13Z
https://2820.bet,2820.bet,1.0,strong:free spins|strong:live dealer|strong:register now|medium:casino|medium:slots|medium:sportsbook|medium:jackpot|medium:wager|medium:betting,2026-08-09T07:12:13Z
https://2821.bet,2821.bet,1.0,strong:free spins|strong:register now|medium:casino|medium:slots|medium:poker|medium:jackpot|medium:wager|medium:betting,2026-08-09T07:12:13Z
https://2821.bet,2821.bet,1.0,strong:free spins|strong:register now|medium:casino|medium:slots|medium:poker|medium:jackpot|medium:wager|medium:betting,2026-08-09T07:12:13Z
https://2820.bet,2820.bet,1.0,strong:free spins|strong:live dealer|strong:register now|medium:casino|medium:slots|medium:sportsbook|medium:jackpot|medium:wager|medium:betting,2026-08-09T07:12:13Z
https://2846.bet,2846.bet,0.95,strong:live dealer|strong:register now|medium:casino|medium:slots|medium:betting|structural:18+,2026-08-09T07:12:18Z
https://2846.bet,2846.bet,0.95,strong:live dealer|strong:register now|medium:casino|medium:slots|medium:betting|structural:18+,2026-08-09T07:12:18Z
https://28marscasino-au.bet,28marscasino-au.bet,1.0,strong:free spins|strong:live dealer|strong:play now|strong:cashier|strong:curaçao egaming|medium:casino|medium:slots|medium:jackpot|medium:wager|structural:responsible gambling,2026-08-09T07:13:39Z
https://28marscasino-au.bet,28marscasino-au.bet,1.0,strong:free spins|strong:live dealer|strong:play now|strong:cashier|strong:curaçao egaming|medium:casino|medium:slots|medium:jackpot|medium:wager|structural:responsible gambling,2026-08-09T07:13:39Z
https://2903.bet,2903.bet,1.0,strong:deposit bonus|strong:register now|medium:casino|medium:slots|medium:jackpot|medium:wager|medium:betting,2026-08-09T07:13:50Z
https://2906.bet,2906.bet,1.0,strong:live dealer|strong:register now|medium:casino|medium:slots|medium:jackpot|medium:wager|medium:betting,2026-08-09T07:13:50Z
https://291lodi.bet,291lodi.bet,0.8,strong:live dealer|strong:register now|medium:casino|medium:slots|medium:wager,2026-08-09T07:13:56Z
https://2920.bet,2920.bet,1.0,strong:free spins|strong:register now|medium:casino|medium:slots|medium:sportsbook|medium:jackpot|medium:wager|medium:betting,2026-08-09T07:13:56Z
https://2920.bet,2920.bet,1.0,strong:free spins|strong:register now|strong:sign up now|medium:casino|medium:slots|medium:sportsbook|medium:jackpot|medium:wager|medium:betting,2026-08-09T07:13:56Z
https://2945.bet,2945.bet,1.0,strong:live dealer|strong:withdraw winnings|strong:register now|medium:casino|medium:slots|medium:jackpot|medium:wager|medium:betting,2026-08-09T07:14:04Z
https://2958.bet,2958.bet,1.0,strong:live dealer|strong:withdraw winnings|strong:register now|medium:casino|medium:slots|medium:poker|medium:jackpot|medium:wager|medium:betting,2026-08-09T07:14:07Z
https://2958.bet,2958.bet,1.0,strong:live dealer|strong:withdraw winnings|strong:register now|medium:casino|medium:slots|medium:poker|medium:jackpot|medium:wager|medium:betting,2026-08-09T07:14:08Z
https://2951.bet,2951.bet,1.0,strong:live dealer|strong:register now|medium:casino|medium:slots|medium:poker|medium:sportsbook|medium:jackpot|medium:wager|medium:betting,2026-08-09T07:14:08Z
https://2951.bet,2951.bet,1.0,strong:live dealer|strong:register now|medium:casino|medium:slots|medium:poker|medium:sportsbook|medium:jackpot|medium:wager|medium:betting,2026-08-09T07:14:09Z
https://2965.bet,2965.bet,1.0,strong:live dealer|strong:withdraw winnings|strong:register now|medium:casino|medium:slots|medium:sportsbook|medium:jackpot|medium:wager|medium:betting,2026-08-09T07:14:09Z
https://2965.bet,2965.bet,1.0,strong:live dealer|strong:withdraw winnings|medium:casino|medium:slots|medium:jackpot|medium:wager|medium:betting,2026-08-09T07:14:10Z
https://29900.bet,29900.bet,1.0,strong:live dealer|strong:register now|medium:casino|medium:slots|medium:poker|medium:jackpot|medium:wager|medium:betting,2026-08-09T07:14:19Z
https://29900.bet,29900.bet,1.0,strong:live dealer|strong:register now|medium:casino|medium:slots|medium:poker|medium:jackpot|medium:wager|medium:betting,2026-08-09T07:14:19Z
https://2999bat.bet,2999bat.bet,0.8,strong:live dealer|strong:register now|medium:casino|medium:slots|medium:betting,2026-08-09T07:14:30Z
https://2999bat.bet,2999bat.bet,0.8,strong:live dealer|strong:register now|medium:casino|medium:slots|medium:betting,2026-08-09T07:14:30Z
https://299betlogin.bet,299betlogin.bet,0.8,strong:live dealer|strong:register now|medium:casino|medium:slots|medium:betting,2026-08-09T07:14:49Z
https://299betlogin.bet,299betlogin.bet,0.8,strong:live dealer|strong:register now|medium:casino|medium:slots|medium:betting,2026-08-09T07:14:52Z
https://299der.bet,299der.bet,1.0,strong:deposit bonus|strong:free spins|strong:live dealer|strong:play now|medium:casino|medium:slots|medium:poker|medium:jackpot|medium:betting,2026-08-09T07:14:54Z
https://299der.bet,299der.bet,1.0,strong:deposit bonus|strong:free spins|strong:live dealer|strong:play now|medium:casino|medium:slots|medium:poker|medium:jackpot|medium:betting,2026-08-09T07:14:54Z
https://29bdt.bet,29bdt.bet,1.0,strong:deposit bonus|strong:live dealer|medium:casino|medium:slots|medium:jackpot|medium:wager|medium:betting|structural:18+,2026-08-09T07:15:00Z
https://29bdt.bet,29bdt.bet,1.0,strong:deposit bonus|strong:live dealer|medium:casino|medium:slots|medium:jackpot|medium:wager|medium:betting|structural:18+,2026-08-09T07:15:00Z
https://29jili.bet,29jili.bet,0.9,strong:live dealer|strong:register now|medium:casino|medium:slots|medium:sportsbook|medium:betting,2026-08-09T07:15:07Z
https://29slotoro864.bet,29slotoro864.bet,1.0,strong:deposit bonus|strong:free spins|strong:live dealer|strong:cashier|strong:bet slip|medium:casino|medium:slots|medium:poker|medium:sportsbook|medium:jackpot|medium:wager|medium:betting|structural:gambleaware|structural:responsible gambling|negative:app store,2026-08-09T07:15:10Z
https://2jbat.bet,2jbat.bet,1.0,strong:deposit bonus|strong:free spins|strong:live dealer|strong:claim bonus|strong:play now|medium:casino|medium:slots|medium:sportsbook|medium:jackpot|medium:wager|medium:betting,2026-08-09T07:16:53Z
https://2jili.bet,2jili.bet,0.8,strong:live dealer|strong:register now|medium:casino|medium:slots|medium:betting,2026-08-09T07:16:55Z
https://2jili.bet,2jili.bet,0.8,strong:live dealer|strong:register now|medium:casino|medium:slots|medium:betting,2026-08-09T07:16:55Z
https://2jbat.bet,2jbat.bet,1.0,strong:deposit bonus|strong:free spins|strong:live dealer|strong:claim bonus|strong:play now|medium:casino|medium:slots|medium:sportsbook|medium:jackpot|medium:wager|medium:betting,2026-08-09T07:16:57Z
https://2kbd.bet,2kbd.bet,1.0,strong:deposit bonus|strong:free spins|medium:casino|medium:slots|medium:jackpot|medium:wager|medium:betting|structural:18+,2026-08-09T07:17:36Z
https://2kbd.bet,2kbd.bet,1.0,strong:deposit bonus|strong:free spins|medium:casino|medium:slots|medium:jackpot|medium:wager|medium:betting|structural:18+,2026-08-09T07:17:36Z
https://2na.bet,2na.bet,1.0,strong:free spins|strong:live dealer|medium:casino|medium:slots|medium:poker|medium:jackpot|medium:wager|medium:betting|structural:18+,2026-08-09T07:17:59Z
https://2na.bet,2na.bet,1.0,strong:free spins|strong:live dealer|medium:casino|medium:slots|medium:poker|medium:jackpot|medium:wager|medium:betting|structural:18+,2026-08-09T07:17:59Z
https://2ph.bet,2ph.bet,1.0,strong:deposit bonus|strong:free spins|strong:sign up now|medium:casino|medium:slots|medium:poker,2026-08-09T07:18:18Z
https://2ph.bet,2ph.bet,1.0,strong:deposit bonus|strong:free spins|strong:sign up now|medium:casino|medium:slots|medium:poker,2026-08-09T07:18:19Z
https://2playergame.bet,2playergame.bet,1.0,strong:live dealer|strong:register now|medium:casino|medium:slots|medium:jackpot|medium:wager|medium:betting|structural:responsible gambling,2026-08-09T07:18:20Z
https://2playergame.bet,2playergame.bet,1.0,strong:live dealer|strong:register now|medium:casino|medium:slots|medium:jackpot|medium:wager|medium:betting|structural:responsible gambling,2026-08-09T07:18:20Z
https://2qcom.bet,2qcom.bet,1.0,strong:free spins|strong:live dealer|medium:casino|medium:slots|medium:poker|medium:jackpot|medium:wager|medium:betting,2026-08-09T07:18:23Z
https://2se.bet,2se.bet,1.0,strong:free spins|strong:live dealer|strong:register now|medium:casino|medium:slots|medium:poker|medium:sportsbook|medium:jackpot|medium:wager|medium:betting,2026-08-09T07:18:26Z
https://2se.bet,2se.bet,1.0,strong:free spins|strong:live dealer|strong:register now|medium:casino|medium:slots|medium:poker|medium:sportsbook|medium:jackpot|medium:wager|medium:betting,2026-08-09T07:18:26Z
https://2sync.bet,2sync.bet,0.8,strong:live dealer|strong:cashier|medium:casino|medium:slots|medium:sportsbook,2026-08-09T07:18:31Z
https://2sync.bet,2sync.bet,0.8,strong:live dealer|strong:cashier|medium:casino|medium:slots|medium:sportsbook,2026-08-09T07:18:31Z
https://2vgame.bet,2vgame.bet,1.0,strong:deposit bonus|strong:live dealer|medium:casino|medium:slots|medium:poker|medium:sportsbook|medium:wager|medium:betting,2026-08-09T07:18:58Z
https://2vgame.bet,2vgame.bet,1.0,strong:deposit bonus|strong:live dealer|medium:casino|medium:slots|medium:poker|medium:sportsbook|medium:wager|medium:betting,2026-08-09T07:18:58Z
https://3004.bet,3004.bet,1.0,strong:place a bet|strong:live dealer|strong:withdraw winnings|strong:register now|medium:casino|medium:slots|medium:poker|medium:jackpot|medium:wager|medium:betting,2026-08-09T07:19:29Z
https://3004.bet,3004.bet,1.0,strong:place a bet|strong:live dealer|strong:withdraw winnings|strong:register now|medium:casino|medium:slots|medium:poker|medium:jackpot|medium:wager|medium:betting,2026-08-09T07:19:29Z
https://3037.bet,3037.bet,0.9,strong:live dealer|strong:register now|medium:casino|medium:poker|medium:wager|medium:betting,2026-08-09T07:20:09Z
https://3049.bet,3049.bet,0.9,strong:live dealer|strong:register now|medium:casino|medium:poker|medium:wager|medium:betting,2026-08-09T07:20:18Z
https://3049.bet,3049.bet,0.9,strong:live dealer|strong:register now|medium:casino|medium:poker|medium:wager|medium:betting,2026-08-09T07:20:18Z
https://3074.bet,3074.bet,1.0,strong:withdraw winnings|strong:register now|medium:casino|medium:slots|medium:poker|medium:jackpot|medium:wager|medium:betting,2026-08-09T07:20:32Z
https://3082.bet,3082.bet,1.0,strong:deposit bonus|strong:live dealer|strong:withdraw winnings|strong:register now|medium:casino|medium:slots|medium:poker|medium:jackpot|medium:wager|medium:betting|structural:age verification,2026-08-09T07:20:34Z
https://3082.bet,3082.bet,1.0,strong:deposit bonus|strong:live dealer|strong:withdraw winnings|strong:register now|medium:casino|medium:slots|medium:poker|medium:jackpot|medium:wager|medium:betting|structural:age verification,2026-08-09T07:20:34Z
https://3068.bet,3068.bet,1.0,strong:live dealer|strong:register now|medium:casino|medium:slots|medium:poker|medium:jackpot|medium:wager|medium:betting|structural:18+,2026-08-09T07:20:34Z
https://30betcasino.bet,30betcasino.bet,1.0,strong:deposit bonus|strong:free spins|strong:live dealer|strong:play now|strong:cashier|medium:casino|medium:slots|medium:sportsbook|medium:jackpot|medium:wager|medium:betting|structural:18+|structural:responsible gambling,2026-08-09T07:20:54Z
https://30jililogin.bet,30jililogin.bet,1.0,strong:live dealer|strong:register now|medium:casino|medium:slots|medium:poker|medium:sportsbook|medium:jackpot|medium:betting,2026-08-09T07:20:54Z
https://30jililogin.bet,30jililogin.bet,1.0,strong:live dealer|strong:register now|medium:casino|medium:slots|medium:poker|medium:sportsbook|medium:jackpot|medium:betting,2026-08-09T07:20:54Z
https://30betcasino.bet,30betcasino.bet,1.0,strong:deposit bonus|strong:free spins|strong:live dealer|strong:play now|strong:cashier|medium:casino|medium:slots|medium:sportsbook|medium:jackpot|medium:wager|medium:betting|structural:18+|structural:responsible gambling,2026-08-09T07:20:55Z
https://3106.bet,3106.bet,1.0,strong:live dealer|strong:register now|medium:casino|medium:slots|medium:poker|medium:sportsbook|medium:jackpot|medium:wager|medium:betting|negative:how to play,2026-08-09T07:21:09Z
https://3109.bet,3109.bet,1.0,strong:deposit bonus|strong:live dealer|strong:register now|medium:casino|medium:slots|medium:poker|medium:jackpot|medium:wager|medium:betting,2026-08-09T07:21:10Z
https://3109.bet,3109.bet,1.0,strong:deposit bonus|strong:live dealer|strong:register now|medium:casino|medium:slots|medium:poker|medium:jackpot|medium:wager|medium:betting,2026-08-09T07:21:10Z
https://311jilipark.bet,311jilipark.bet,0.8,strong:live dealer|strong:register now|medium:casino|medium:slots|medium:betting,2026-08-09T07:21:10Z
https://311jilipark.bet,311jilipark.bet,0.8,strong:live dealer|strong:register now|medium:casino|medium:slots|medium:betting,2026-08-09T07:21:10Z
https://31200.bet,31200.bet,1.0,strong:deposit bonus|strong:free spins|strong:live dealer|strong:register now|medium:casino|medium:slots|medium:poker|medium:sportsbook|medium:jackpot|medium:wager|medium:betting|structural:age verification,2026-08-09T07:21:13Z
https://31200.bet,31200.bet,1.0,strong:deposit bonus|strong:free spins|strong:live dealer|strong:register now|medium:casino|medium:slots|medium:poker|medium:sportsbook|medium:jackpot|medium:wager|medium:betting|structural:age verification,2026-08-09T07:21:13Z
https://3146.bet,3146.bet,1.0,strong:live dealer|strong:register now|medium:casino|medium:slots|medium:poker|medium:sportsbook|medium:jackpot|medium:wager|medium:betting,2026-08-09T07:21:14Z
https://3148.bet,3148.bet,1.0,strong:live dealer|strong:register now|medium:casino|medium:slots|medium:jackpot|medium:wager|medium:betting,2026-08-09T07:21:14Z
https://3148.bet,3148.bet,1.0,strong:live dealer|strong:register now|medium:casino|medium:slots|medium:jackpot|medium:wager|medium:betting,2026-08-09T07:21:23Z
https://3165.bet,3165.bet,1.0,strong:free spins|strong:live dealer|strong:register now|medium:casino|medium:slots|medium:poker|medium:sportsbook|medium:jackpot|medium:wager|medium:betting|structural:responsible gambling,2026-08-09T07:21:24Z
https://3198.bet,3198.bet,1.0,strong:free spins|strong:live dealer|strong:register now|medium:casino|medium:slots|medium:poker|medium:jackpot|medium:wager|medium:betting,2026-08-09T07:21:32Z
https://3198.bet,3198.bet,0.9,strong:live dealer|strong:register now|medium:casino|medium:slots|medium:wager|medium:betting,2026-08-09T07:21:32Z
https://31casino.bet,31casino.bet,1.0,strong:deposit bonus|strong:free spins|strong:live dealer|strong:withdraw winnings|strong:cashier|strong:bet slip|medium:casino|medium:slots|medium:poker|medium:sportsbook|medium:jackpot|medium:wager|medium:betting|structural:18+|structural:responsible gambling,2026-08-09T07:21:42Z
https://31casino.bet,31casino.bet,1.0,strong:deposit bonus|strong:free spins|strong:live dealer|strong:withdraw winnings|strong:cashier|strong:bet slip|medium:casino|medium:slots|medium:poker|medium:sportsbook|medium:jackpot|medium:wager|medium:betting|structural:18+|structural:responsible gambling,2026-08-09T07:21:42Z
https://3213.bet,3213.bet,1.0,strong:free spins|strong:live dealer|medium:casino|medium:slots|medium:jackpot|medium:wager|medium:betting,2026-08-09T07:22:03Z
https://3213.bet,3213.bet,1.0,strong:free spins|strong:live dealer|medium:casino|medium:slots|medium:jackpot|medium:wager|medium:betting,2026-08-09T07:22:03Z
https://3215.bet,3215.bet,1.0,strong:live dealer|strong:claim bonus|medium:casino|medium:slots|medium:poker|medium:jackpot|medium:wager|medium:betting,2026-08-09T07:22:04Z
https://3215.bet,3215.bet,1.0,strong:live dealer|strong:claim bonus|medium:casino|medium:slots|medium:poker|medium:jackpot|medium:wager|medium:betting,2026-08-09T07:22:04Z
https://3259.bet,3259.bet,1.0,strong:live dealer|strong:register now|medium:casino|medium:slots|medium:jackpot|medium:wager|medium:betting,2026-08-09T07:22:32Z
https://3264.bet,3264.bet,1.0,strong:live dealer|strong:register now|medium:casino|medium:slots|medium:poker|medium:jackpot|medium:wager|medium:betting,2026-08-09T07:22:40Z
https://3264.bet,3264.bet,1.0,strong:live dealer|strong:register now|medium:casino|medium:slots|medium:poker|medium:jackpot|medium:wager|medium:betting,2026-08-09T07:22:41Z
https://32700.bet,32700.bet,1.0,strong:live dealer|strong:register now|medium:casino|medium:slots|medium:sportsbook|medium:jackpot|medium:wager|medium:betting,2026-08-09T07:22:41Z
https://3278.bet,3278.bet,1.0,strong:deposit bonus|strong:free spins|strong:live dealer|strong:register now|strong:play now|medium:casino|medium:slots|medium:jackpot|medium:betting,2026-08-09T07:22:47Z
https://3278.bet,3278.bet,1.0,strong:deposit bonus|strong:free spins|strong:live dealer|strong:register now|strong:play now|medium:casino|medium:slots|medium:jackpot|medium:betting,2026-08-09T07:22:48Z
https://32ph.bet,32ph.bet,0.8,strong:live dealer|strong:register now|medium:casino|medium:slots|medium:betting,2026-08-09T07:23:08Z
https://32ph.bet,32ph.bet,0.8,strong:live dealer|strong:register now|medium:casino|medium:slots|medium:betting,2026-08-09T07:23:08Z
https://32redcasino.bet,32redcasino.bet,1.0,strong:deposit bonus|strong:free spins|strong:live dealer|strong:play now|strong:cashier|medium:casino|medium:slots|medium:poker|medium:sportsbook|medium:jackpot|medium:wager|medium:betting|structural:18+|structural:responsible gambling,2026-08-09T07:23:10Z
https://32redcasino.bet,32redcasino.bet,1.0,strong:deposit bonus|strong:free spins|strong:live dealer|strong:play now|strong:cashier|medium:casino|medium:slots|medium:poker|medium:sportsbook|medium:jackpot|medium:wager|medium:betting|structural:18+|structural:responsible gambling,2026-08-09T07:23:11Z
https://32wjn.bet,32wjn.bet,0.8,strong:free spins|strong:live dealer|medium:casino|medium:jackpot|medium:wager,2026-08-09T07:23:24Z
https://32wjn.bet,32wjn.bet,0.8,strong:free spins|strong:live dealer|medium:casino|medium:jackpot|medium:wager,2026-08-09T07:23:27Z
https://3301.bet,3301.bet,1.0,strong:live dealer|strong:register now|medium:casino|medium:slots|medium:poker|medium:jackpot|medium:wager|medium:betting,2026-08-09T07:23:28Z
https://3301.bet,3301.bet,1.0,strong:live dealer|strong:register now|medium:casino|medium:slots|medium:poker|medium:jackpot|medium:wager|medium:betting,2026-08-09T07:23:28Z
https://3302.bet,3302.bet,1.0,strong:free spins|strong:withdraw winnings|medium:casino|medium:slots|medium:jackpot|medium:wager|medium:betting|structural:responsible gambling,2026-08-09T07:23:29Z
https://3302.bet,3302.bet,1.0,strong:free spins|strong:withdraw winnings|medium:casino|medium:slots|medium:jackpot|medium:wager|medium:betting,2026-08-09T07:23:29Z
https://3315.bet,3315.bet,1.0,strong:live dealer|strong:register now|medium:casino|medium:slots|medium:poker|medium:sportsbook|medium:jackpot|medium:wager|medium:betting,2026-08-09T07:23:38Z
https://3315.bet,3315.bet,1.0,strong:live dealer|strong:register now|medium:casino|medium:slots|medium:poker|medium:sportsbook|medium:jackpot|medium:wager|medium:betting,2026-08-09T07:23:38Z
https://3333ba.bet,3333ba.bet,1.0,strong:deposit bonus|strong:live dealer|strong:claim bonus|strong:play now|medium:casino|medium:slots|medium:poker|medium:jackpot|medium:wager|medium:betting|structural:responsible gambling,2026-08-09T07:24:27Z
https://3333bd.bet,3333bd.bet,1.0,strong:free spins|strong:live dealer|strong:register now|strong:claim bonus|strong:bet slip|medium:casino|medium:slots|medium:sportsbook|medium:jackpot|medium:wager|medium:betting|structural:18+,2026-08-09T07:24:28Z
https://3333bd.bet,3333bd.bet,1.0,strong:free spins|strong:live dealer|strong:register now|strong:claim bonus|strong:bet slip|medium:casino|medium:slots|medium:sportsbook|medium:jackpot|medium:wager|medium:betting|structural:18+,2026-08-09T07:24:28Z
https://3333bk.bet,3333bk.bet,1.0,strong:free spins|strong:place a bet|strong:live dealer|strong:play now|medium:casino|medium:slots|medium:poker|medium:jackpot|medium:wager|medium:betting,2026-08-09T07:24:33Z
https://3333bk.bet,3333bk.bet,1.0,strong:free spins|strong:place a bet|strong:live dealer|strong:play now|medium:casino|medium:slots|medium:poker|medium:jackpot|medium:wager|medium:betting,2026-08-09T07:24:33Z
https://333bde.bet,333bde.bet,1.0,strong:live dealer|strong:play now|medium:casino|medium:slots|medium:poker|medium:jackpot|medium:wager|medium:betting,2026-08-09T07:24:51Z
https://333com.bet,333com.bet,1.0,strong:deposit bonus|strong:free spins|strong:live dealer|strong:play now|medium:casino|medium:slots|medium:poker|medium:jackpot|medium:wager|medium:betting|negative:how to play,2026-08-09T07:25:36Z
https://333dd.bet,333dd.bet,1.0,strong:free spins|strong:live dealer|medium:casino|medium:slots|medium:poker|medium:sportsbook|medium:wager|medium:betting|structural:18+|structural:responsible gambling,2026-08-09T07:25:38Z
https://333dhk.bet,333dhk.bet,1.0,strong:free spins|strong:live dealer|strong:play now|medium:casino|medium:slots|medium:poker|medium:jackpot|medium:wager|medium:betting,2026-08-09T07:25:39Z
https://333dhk.bet,333dhk.bet,1.0,strong:free spins|strong:live dealer|strong:play now|medium:casino|medium:slots|medium:poker|medium:jackpot|medium:wager|medium:betting,2026-08-09T07:25:39Z
https://333com.bet,333com.bet,1.0,strong:deposit bonus|strong:free spins|strong:live dealer|strong:play now|medium:casino|medium:slots|medium:poker|medium:jackpot|medium:wager|medium:betting|negative:how to play,2026-08-09T07:25:39Z
https://333kk.bet,333kk.bet,1.0,strong:free spins|strong:live dealer|strong:cashier|medium:casino|medium:slots|medium:poker|medium:jackpot|medium:wager|medium:betting|structural:18+,2026-08-09T07:25:42Z
https://333kk.bet,333kk.bet,1.0,strong:free spins|strong:live dealer|strong:cashier|medium:casino|medium:slots|medium:poker|medium:jackpot|medium:wager|medium:betting|structural:18+,2026-08-09T07:25:42Z
https://333okapp.bet,333okapp.bet,0.8,strong:live dealer|strong:register now|medium:casino|medium:slots|medium:betting,2026-08-09T07:25:43Z
https://333okapp.bet,333okapp.bet,0.8,strong:live dealer|strong:register now|medium:casino|medium:slots|medium:betting,2026-08-09T07:25:43Z
https://333oj.bet,333oj.bet,1.0,strong:deposit bonus|strong:free spins|medium:casino|medium:slots|medium:sportsbook|medium:jackpot|medium:wager|medium:betting|structural:18+,2026-08-09T07:25:43Z
https://334bd.bet,334bd.bet,1.0,strong:free spins|strong:live dealer|medium:casino|medium:slots|medium:sportsbook|medium:jackpot|medium:wager|medium:betting|structural:18+|structural:age verification,2026-08-09T07:26:31Z
https://334bd.bet,334bd.bet,1.0,strong:free spins|strong:live dealer|medium:casino|medium:slots|medium:sportsbook|medium:jackpot|medium:wager|medium:betting|structural:18+|structural:age verification,2026-08-09T07:26:31Z
https://33500.bet,33500.bet,1.0,strong:deposit bonus|strong:free spins|strong:register now|strong:claim bonus|medium:casino|medium:slots|medium:poker|medium:jackpot|medium:wager|medium:betting,2026-08-09T07:26:32Z
https://3375.bet,3375.bet,1.0,strong:live dealer|strong:register now|medium:casino|medium:slots|medium:sportsbook|medium:jackpot|medium:wager|medium:betting|structural:age verification,2026-08-09T07:27:00Z
https://3375.bet,3375.bet,1.0,strong:live dealer|strong:register now|medium:casino|medium:slots|medium:sportsbook|medium:jackpot|medium:wager|medium:betting|structural:age verification,2026-08-09T07:27:00Z
https://3380.bet,3380.bet,1.0,strong:live dealer|strong:register now|strong:sign up now|medium:casino|medium:slots|medium:poker|medium:jackpot|medium:wager|medium:betting,2026-08-09T07:27:07Z
https://3396.bet,3396.bet,1.0,strong:withdraw winnings|strong:register now|medium:casino|medium:slots|medium:poker|medium:jackpot|medium:wager|medium:betting,2026-08-09T07:27:32Z
https://33cb.bet,33cb.bet,1.0,strong:free spins|strong:live dealer|strong:withdraw winnings|medium:casino|medium:slots|medium:jackpot|medium:wager|medium:betting|structural:18+|structural:age verification,2026-08-09T07:28:00Z
https://33dd.bet,33dd.bet,1.0,strong:live dealer|strong:cashier|medium:casino|medium:slots|medium:sportsbook|medium:wager|medium:betting,2026-08-09T07:28:03Z
https://33dd.bet,33dd.bet,1.0,strong:live dealer|strong:cashier|medium:casino|medium:slots|medium:sportsbook|medium:wager|medium:betting,2026-08-09T07:28:03Z
https://33gd.bet,33gd.bet,1.0,strong:free spins|strong:live dealer|medium:casino|medium:slots|medium:jackpot|medium:wager|medium:betting|structural:18+|structural:responsible gambling|structural:age verification,2026-08-09T07:28:10Z
https://33jl.bet,33jl.bet,1.0,strong:deposit bonus|strong:free spins|strong:sign up now|medium:casino|medium:slots|medium:poker,2026-08-09T07:28:12Z
https://33jl.bet,33jl.bet,1.0,strong:deposit bonus|strong:free spins|strong:sign up now|medium:casino|medium:slots|medium:poker,2026-08-09T07:28:12Z
https://33phdream.bet,33phdream.bet,1.0,strong:live dealer|strong:register now|medium:casino|medium:slots|medium:wager|medium:betting|structural:18+,2026-08-09T07:28:32Z
https://33ph.bet,33ph.bet,0.9,strong:live dealer|strong:register now|medium:casino|medium:slots|medium:wager|medium:betting,2026-08-09T07:28:33Z
https://33ph.bet,33ph.bet,0.9,strong:live dealer|strong:register now|medium:casino|medium:slots|medium:wager|medium:betting,2026-08-09T07:28:33Z
https://3421.bet,3421.bet,1.0,strong:free spins|strong:live dealer|strong:register now|medium:casino|medium:slots|medium:poker|medium:sportsbook|medium:jackpot|medium:wager|medium:betting,2026-08-09T07:29:19Z
https://3446.bet,3446.bet,0.9,strong:deposit bonus|strong:live dealer|medium:casino|medium:slots|medium:sportsbook|medium:wager,2026-08-09T07:29:23Z
https://345e.bet,345e.bet,0.9,strong:deposit bonus|strong:free spins|medium:casino|medium:slots|medium:jackpot|medium:betting,2026-08-09T07:29:29Z
https://345e.bet,345e.bet,0.9,strong:deposit bonus|strong:free spins|medium:casino|medium:slots|medium:jackpot|medium:betting,2026-08-09T07:29:29Z
https://3471.bet,3471.bet,0.9,strong:register now|strong:play now|medium:casino|medium:slots|medium:jackpot|medium:betting,2026-08-09T07:29:34Z
https://3471.bet,3471.bet,1.0,strong:free spins|strong:live dealer|strong:register now|strong:play now|medium:casino|medium:slots|medium:poker|medium:jackpot|medium:wager|medium:betting,2026-08-09T07:29:34Z
https://3480.bet,3480.bet,1.0,strong:free spins|strong:live dealer|strong:register now|strong:bet slip|medium:casino|medium:slots|medium:jackpot|medium:wager|medium:betting|structural:age verification,2026-08-09T07:29:36Z
https://349slotoro.bet,349slotoro.bet,1.0,strong:deposit bonus|strong:free spins|strong:live dealer|strong:cashier|strong:bet slip|medium:casino|medium:slots|medium:poker|medium:sportsbook|medium:jackpot|medium:wager|medium:betting|structural:gambleaware|structural:responsible gambling|negative:app store,2026-08-09T07:29:44Z
https://34ok.bet,34ok.bet,1.0,strong:live dealer|strong:play now|strong:cashier|medium:casino|medium:slots|medium:poker|medium:sportsbook|medium:jackpot|medium:wager|medium:betting|structural:18+,2026-08-09T07:29:48Z
https://34ok.bet,34ok.bet,1.0,strong:live dealer|strong:play now|strong:cashier|medium:casino|medium:slots|medium:poker|medium:sportsbook|medium:jackpot|medium:wager|medium:betting|structural:18+,2026-08-09T07:29:48Z
https://3563.bet,3563.bet,1.0,strong:live dealer|strong:register now|strong:sign up now|medium:casino|medium:slots|medium:jackpot|medium:wager|medium:betting,2026-08-09T07:30:39Z
https://357pk.bet,357pk.bet,1.0,strong:free spins|strong:live dealer|strong:withdraw winnings|strong:claim bonus|strong:cashier|medium:casino|medium:slots|medium:poker|medium:sportsbook|medium:jackpot|medium:wager|medium:betting|structural:18+,2026-08-09T07:30:57Z
https://3582.bet,3582.bet,1.0,strong:live dealer|strong:register now|medium:casino|medium:slots|medium:poker|medium:sportsbook|medium:jackpot|medium:wager|medium:betting|structural:18+,2026-08-09T07:30:58Z
https://3584.bet,3584.bet,1.0,strong:deposit bonus|strong:free spins|strong:register now|medium:casino|medium:slots|medium:poker|medium:jackpot|medium:wager|medium:betting|structural:age verification,2026-08-09T07:31:00Z
https://35bdapp.bet,35bdapp.bet,1.0,strong:free spins|strong:live dealer|strong:bet slip|medium:casino|medium:slots|medium:poker|medium:sportsbook|medium:jackpot|medium:wager|medium:betting|structural:18+,2026-08-09T07:31:17Z
https://35bdapp.bet,35bdapp.bet,1.0,strong:free spins|strong:live dealer|strong:bet slip|medium:casino|medium:slots|medium:poker|medium:sportsbook|medium:jackpot|medium:wager|medium:betting|structural:18+,2026-08-09T07:31:18Z
https://3622.bet,3622.bet,1.0,strong:live dealer|strong:register now|strong:play now|medium:casino|medium:slots|medium:jackpot|medium:wager|medium:betting|negative:how to play,2026-08-09T07:31:51Z
https://3620.bet,3620.bet,1.0,strong:live dealer|strong:register now|medium:casino|medium:slots|medium:poker|medium:jackpot|medium:wager|medium:betting,2026-08-09T07:31:52Z
https://3620.bet,3620.bet,1.0,strong:live dealer|strong:register now|medium:casino|medium:slots|medium:poker|medium:jackpot|medium:wager|medium:betting,2026-08-09T07:31:52Z
https://3622.bet,3622.bet,1.0,strong:live dealer|strong:register now|strong:play now|medium:casino|medium:slots|medium:jackpot|medium:wager|medium:betting|negative:how to play,2026-08-09T07:31:52Z
https://3645.bet,3645.bet,1.0,strong:free spins|strong:withdraw winnings|strong:register now|strong:claim bonus|medium:casino|medium:slots|medium:poker|medium:sportsbook|medium:jackpot|medium:wager|medium:betting|negative:how to play,2026-08-09T07:31:57Z
https://365-ace.bet,365-ace.bet,1.0,strong:free spins|strong:live dealer|strong:claim bonus|medium:casino|medium:slots|medium:sportsbook|medium:wager|medium:betting|structural:18+,2026-08-09T07:32:06Z
https://365-ace.bet,365-ace.bet,1.0,strong:free spins|strong:live dealer|strong:claim bonus|medium:casino|medium:slots|medium:sportsbook|medium:wager|medium:betting|structural:18+,2026-08-09T07:32:06Z
https://365age.bet,365age.bet,1.0,strong:free spins|strong:place a bet|strong:live dealer|strong:play now|medium:casino|medium:slots|medium:jackpot|medium:betting|negative:how to play,2026-08-09T07:33:26Z
https://365age.bet,365age.bet,1.0,strong:free spins|strong:place a bet|strong:live dealer|strong:play now|medium:casino|medium:slots|medium:jackpot|medium:betting|negative:how to play,2026-08-09T07:33:26Z
https://365bdt.bet,365bdt.bet,1.0,strong:free spins|strong:live dealer|medium:casino|medium:slots|medium:sportsbook|medium:jackpot|medium:wager|medium:betting|structural:18+,2026-08-09T07:33:30Z
https://365bdt.bet,365bdt.bet,1.0,strong:free spins|strong:live dealer|medium:casino|medium:slots|medium:sportsbook|medium:jackpot|medium:wager|medium:betting|structural:18+,2026-08-09T07:33:30Z
https://365jlpg.bet,365jlpg.bet,0.9,strong:live dealer|strong:register now|medium:casino|medium:slots|medium:jackpot|medium:betting,2026-08-09T07:34:11Z
https://365jlpg.bet,365jlpg.bet,0.9,strong:live dealer|strong:register now|medium:casino|medium:slots|medium:jackpot|medium:betting,2026-08-09T07:34:11Z
https://365maung.bet,365maung.bet,1.0,strong:deposit bonus|strong:free spins|medium:casino|medium:slots|medium:sportsbook|medium:jackpot|medium:betting,2026-08-09T07:34:21Z
https://365pak.bet,365pak.bet,1.0,strong:live dealer|strong:cashier|medium:casino|medium:slots|medium:jackpot|medium:wager|medium:betting|structural:responsible gambling,2026-08-09T07:34:28Z
https://365pkr.bet,365pkr.bet,1.0,strong:free spins|strong:live dealer|strong:play now|strong:cashier|medium:casino|medium:slots|medium:poker|medium:sportsbook|medium:jackpot|medium:wager|medium:betting,2026-08-09T07:34:36Z
https://365raja.bet,365raja.bet,1.0,strong:deposit bonus|strong:free spins|strong:live dealer|medium:casino|medium:slots|medium:sportsbook|medium:jackpot|medium:wager|medium:betting,2026-08-09T07:34:36Z
https://365raja.bet,365raja.bet,1.0,strong:deposit bonus|strong:free spins|strong:live dealer|medium:casino|medium:slots|medium:sportsbook|medium:jackpot|medium:wager|medium:betting,2026-08-09T07:34:36Z
https://366bdt.bet,366bdt.bet,1.0,strong:free spins|strong:live dealer|medium:casino|medium:slots|medium:jackpot|medium:wager|medium:betting|structural:18+|structural:responsible gambling|structural:age verification,2026-08-09T07:35:06Z
https://366bdt.bet,366bdt.bet,1.0,strong:free spins|strong:live dealer|medium:casino|medium:slots|medium:jackpot|medium:wager|medium:betting|structural:18+|structural:responsible gambling|structural:age verification,2026-08-09T07:35:06Z
https://3670.bet,3670.bet,1.0,strong:live dealer|strong:register now|strong:sign up now|medium:casino|medium:slots|medium:poker|medium:sportsbook|medium:jackpot|medium:wager|medium:betting,2026-08-09T07:35:09Z
https://3670.bet,3670.bet,1.0,strong:live dealer|strong:register now|strong:sign up now|medium:casino|medium:slots|medium:poker|medium:sportsbook|medium:jackpot|medium:wager|medium:betting,2026-08-09T07:35:11Z
https://368bd.bet,368bd.bet,1.0,strong:deposit bonus|strong:free spins|strong:live dealer|strong:claim bonus|strong:play now|medium:casino|medium:slots|medium:poker|medium:jackpot|medium:wager|medium:betting|structural:18+,2026-08-09T07:35:24Z
https://368bd.bet,368bd.bet,1.0,strong:deposit bonus|strong:free spins|strong:live dealer|strong:claim bonus|strong:play now|medium:casino|medium:slots|medium:poker|medium:jackpot|medium:wager|medium:betting|structural:18+|structural:age verification,2026-08-09T07:35:24Z
https://3706.bet,3706.bet,1.0,strong:free spins|strong:live dealer|strong:register now|medium:casino|medium:slots|medium:poker|medium:sportsbook|medium:jackpot|medium:wager|medium:betting,2026-08-09T07:36:38Z
https://3706.bet,3706.bet,1.0,strong:free spins|strong:live dealer|strong:register now|medium:casino|medium:slots|medium:poker|medium:sportsbook|medium:jackpot|medium:wager|medium:betting,2026-08-09T07:36:38Z
https://3718.bet,3718.bet,1.0,strong:place a bet|strong:register now|medium:casino|medium:slots|medium:poker|medium:jackpot|medium:wager|medium:betting,2026-08-09T07:36:40Z
https://3718.bet,3718.bet,1.0,strong:place a bet|strong:register now|medium:casino|medium:slots|medium:poker|medium:jackpot|medium:wager|medium:betting,2026-08-09T07:36:40Z
https://3725.bet,3725.bet,1.0,strong:free spins|strong:live dealer|strong:register now|strong:bet slip|medium:casino|medium:slots|medium:sportsbook|medium:jackpot|medium:wager|medium:betting,2026-08-09T07:36:44Z
https://3725.bet,3725.bet,1.0,strong:free spins|strong:live dealer|strong:register now|strong:bet slip|medium:casino|medium:slots|medium:sportsbook|medium:jackpot|medium:wager|medium:betting,2026-08-09T07:36:44Z
https://3777apk.bet,3777apk.bet,0.8,strong:place a bet|strong:live dealer|medium:casino|medium:slots|medium:betting,2026-08-09T07:36:53Z
https://3777apk.bet,3777apk.bet,0.8,strong:place a bet|strong:live dealer|medium:casino|medium:slots|medium:betting,2026-08-09T07:36:53Z
https://377bat.bet,377bat.bet,1.0,strong:free spins|strong:live dealer|medium:casino|medium:slots|medium:poker|medium:sportsbook|medium:jackpot|medium:wager|medium:betting|structural:18+,2026-08-09T07:37:06Z
https://377bat.bet,377bat.bet,1.0,strong:free spins|strong:live dealer|strong:cashier|medium:casino|medium:slots|medium:poker|medium:sportsbook|medium:jackpot|medium:wager|medium:betting|structural:18+|structural:age verification,2026-08-09T07:37:06Z
https://377bed.bet,377bed.bet,1.0,strong:free spins|strong:live dealer|strong:play now|medium:casino|medium:slots|medium:poker|medium:jackpot|medium:wager|medium:betting,2026-08-09T07:37:08Z
https://3805.bet,3805.bet,1.0,strong:place a bet|strong:register now|medium:casino|medium:slots|medium:jackpot|medium:betting|structural:age verification,2026-08-09T07:37:51Z
https://3810.bet,3810.bet,1.0,strong:free spins|strong:live dealer|strong:register now|medium:casino|medium:slots|medium:jackpot|medium:wager|medium:betting,2026-08-09T07:37:54Z
https://3810.bet,3810.bet,1.0,strong:free spins|strong:live dealer|strong:register now|medium:casino|medium:slots|medium:jackpot|medium:wager|medium:betting,2026-08-09T07:37:54Z
https://3870.bet,3870.bet,1.0,strong:live dealer|strong:register now|medium:casino|medium:slots|medium:jackpot|medium:wager|medium:betting,2026-08-09T07:38:07Z
https://3870.bet,3870.bet,1.0,strong:live dealer|strong:register now|medium:casino|medium:slots|medium:jackpot|medium:wager|medium:betting,2026-08-09T07:38:07Z
https://388k.bet,388k.bet,1.0,strong:free spins|strong:live dealer|strong:withdraw winnings|strong:play now|medium:casino|medium:slots|medium:jackpot|medium:wager|medium:betting|structural:18+|structural:age verification,2026-08-09T07:38:32Z
https://388k.bet,388k.bet,1.0,strong:free spins|strong:live dealer|strong:withdraw winnings|strong:play now|medium:casino|medium:slots|medium:jackpot|medium:wager|medium:betting|structural:18+|structural:age verification,2026-08-09T07:38:33Z
https://388vin.bet,388vin.bet,1.0,strong:free spins|strong:live dealer|medium:casino|medium:slots|medium:sportsbook|medium:jackpot|medium:wager|medium:betting,2026-08-09T07:38:34Z
https://388wi.bet,388wi.bet,1.0,strong:deposit bonus|strong:live dealer|strong:play now|medium:casino|medium:slots|medium:poker|medium:sportsbook|medium:jackpot|medium:wager|medium:betting,2026-08-09T07:38:34Z
https://388vin.bet,388vin.bet,1.0,strong:free spins|strong:live dealer|medium:casino|medium:slots|medium:sportsbook|medium:jackpot|medium:wager|medium:betting,2026-08-09T07:38:35Z
https://38bd.bet,38bd.bet,1.0,strong:free spins|strong:live dealer|medium:casino|medium:slots|medium:poker|medium:jackpot|medium:wager|medium:betting|structural:18+|structural:responsible gambling,2026-08-09T07:38:42Z
https://38bd.bet,38bd.bet,1.0,strong:free spins|strong:live dealer|medium:casino|medium:slots|medium:poker|medium:jackpot|medium:wager|medium:betting|structural:18+|structural:responsible gambling,2026-08-09T07:38:42Z
https://39-bd.bet,39-bd.bet,0.95,strong:free spins|strong:live dealer|medium:casino|medium:slots|medium:betting|structural:18+,2026-08-09T07:39:08Z
https://3905.bet,3905.bet,1.0,strong:live dealer|strong:register now|medium:casino|medium:slots|medium:jackpot|medium:wager|medium:betting,2026-08-09T07:39:09Z
https://3905.bet,3905.bet,1.0,strong:live dealer|strong:register now|medium:casino|medium:slots|medium:jackpot|medium:wager|medium:betting,2026-08-09T07:39:09Z
https://3911.bet,3911.bet,1.0,strong:deposit bonus|strong:live dealer|strong:register now|medium:casino|medium:slots|medium:poker|medium:jackpot|medium:wager|medium:betting|structural:age verification,2026-08-09T07:39:10Z
https://3909.bet,3909.bet,1.0,strong:register now|strong:play now|medium:casino|medium:slots|medium:jackpot|medium:wager|medium:betting,2026-08-09T07:39:10Z
https://3909.bet,3909.bet,1.0,strong:register now|strong:play now|medium:casino|medium:slots|medium:jackpot|medium:wager|medium:betting,2026-08-09T07:39:10Z
https://38th.bet,38th.bet,1.0,strong:deposit bonus|strong:live dealer|strong:play now|medium:casino|medium:poker|medium:sportsbook|medium:betting,2026-08-09T07:39:12Z
https://3926.bet,3926.bet,1.0,strong:live dealer|strong:withdraw winnings|strong:register now|medium:casino|medium:slots|medium:sportsbook|medium:wager|medium:betting|structural:age verification,2026-08-09T07:39:13Z
https://3926.bet,3926.bet,1.0,strong:live dealer|strong:withdraw winnings|strong:register now|medium:casino|medium:slots|medium:sportsbook|medium:wager|medium:betting|structural:age verification,2026-08-09T07:39:13Z
https://3997.bet,3997.bet,1.0,strong:live dealer|strong:register now|strong:play now|medium:casino|medium:poker|medium:jackpot|medium:wager|medium:betting,2026-08-09T07:39:25Z
https://3997.bet,3997.bet,1.0,strong:live dealer|strong:register now|strong:play now|medium:casino|medium:poker|medium:jackpot|medium:wager|medium:betting,2026-08-09T07:39:25Z
https://3999det.bet,3999det.bet,0.8,strong:live dealer|strong:register now|medium:casino|medium:jackpot|medium:betting,2026-08-09T07:39:33Z
https://3999det.bet,3999det.bet,0.8,strong:live dealer|strong:register now|medium:casino|medium:jackpot|medium:betting,2026-08-09T07:39:33Z
https://39jl.bet,39jl.bet,1.0,strong:deposit bonus|strong:free spins|strong:sign up now|medium:casino|medium:slots|medium:poker,2026-08-09T07:40:35Z
https://39t.bet,39t.bet,1.0,strong:deposit bonus|strong:place a bet|strong:live dealer|medium:casino|medium:slots|medium:poker|medium:wager|medium:betting|structural:age verification,2026-08-09T07:40:56Z
https://39t.bet,39t.bet,1.0,strong:deposit bonus|strong:place a bet|strong:live dealer|strong:register now|strong:play now|medium:casino|medium:slots|medium:poker|medium:jackpot|medium:wager|medium:betting|structural:age verification,2026-08-09T07:40:56Z
https://3axis.bet,3axis.bet,0.8,strong:cashier|strong:bet slip|medium:casino|medium:slots|medium:sportsbook,2026-08-09T07:41:12Z
https://3axis.bet,3axis.bet,0.8,strong:cashier|strong:bet slip|medium:casino|medium:slots|medium:sportsbook,2026-08-09T07:41:13Z
https://3bdd.bet,3bdd.bet,1.0,strong:deposit bonus|strong:free spins|strong:live dealer|strong:play now|medium:casino|medium:slots|medium:poker|medium:sportsbook|medium:jackpot|medium:wager|medium:betting|structural:18+,2026-08-09T07:41:14Z
https://3bdd.bet,3bdd.bet,1.0,strong:deposit bonus|strong:free spins|strong:live dealer|strong:play now|medium:casino|medium:slots|medium:poker|medium:sportsbook|medium:jackpot|medium:wager|medium:betting|structural:18+,2026-08-09T07:41:14Z
https://3bed.bet,3bed.bet,0.8,strong:live dealer|strong:register now|medium:casino|medium:jackpot|medium:betting,2026-08-09T07:41:15Z
https://3bed.bet,3bed.bet,0.8,strong:live dealer|strong:register now|medium:casino|medium:jackpot|medium:betting,2026-08-09T07:41:15Z
https://3be.bet,3be.bet,0.9,strong:live dealer|strong:register now|medium:casino|medium:slots|medium:poker|medium:betting,2026-08-09T07:41:15Z
https://3dwin.bet,3dwin.bet,0.8,strong:register now|strong:play now|medium:casino|medium:slots|medium:betting,2026-08-09T07:41:58Z
https://3dwin.bet,3dwin.bet,0.8,strong:register now|strong:play now|medium:casino|medium:slots|medium:betting,2026-08-09T07:41:58Z
https://3kvip.bet,3kvip.bet,1.0,strong:free spins|strong:live dealer|strong:play now|strong:cashier|medium:casino|medium:slots|medium:poker|medium:jackpot|medium:wager|medium:betting,2026-08-09T07:42:34Z
https://3kvip.bet,3kvip.bet,1.0,strong:free spins|strong:live dealer|strong:play now|strong:cashier|medium:casino|medium:slots|medium:poker|medium:jackpot|medium:wager|medium:betting,2026-08-09T07:42:34Z
https://3mtoto.bet,3mtoto.bet,0.8,strong:live dealer|strong:cashier|medium:casino|medium:slots|medium:sportsbook,2026-08-09T07:42:49Z
https://3mtoto.bet,3mtoto.bet,0.8,strong:live dealer|strong:cashier|medium:casino|medium:slots|medium:sportsbook,2026-08-09T07:42:49Z
https://3patte.bet,3patte.bet,1.0,strong:free spins|strong:live dealer|strong:withdraw winnings|medium:casino|medium:slots|medium:wager|medium:betting,2026-08-09T07:43:01Z
https://3patte.bet,3patte.bet,1.0,strong:free spins|strong:live dealer|strong:withdraw winnings|medium:casino|medium:slots|medium:jackpot|medium:wager|medium:betting|structural:age verification,2026-08-09T07:43:01Z
https://3rr.bet,3rr.bet,0.9,strong:deposit bonus|strong:free spins|medium:casino|medium:slots|medium:jackpot|medium:betting,2026-08-09T07:43:17Z
https://3rr.bet,3rr.bet,0.9,strong:deposit bonus|strong:free spins|medium:casino|medium:slots|medium:jackpot|medium:betting,2026-08-09T07:43:17Z
https://3sgame.bet,3sgame.bet,1.0,strong:deposit bonus|strong:live dealer|medium:casino|medium:slots|medium:sportsbook|medium:jackpot|medium:wager|medium:betting|structural:age verification,2026-08-09T07:43:21Z
https://3sgame.bet,3sgame.bet,1.0,strong:deposit bonus|strong:live dealer|medium:casino|medium:slots|medium:sportsbook|medium:jackpot|medium:wager|medium:betting|structural:age verification,2026-08-09T07:43:21Z
https://3we.bet,3we.bet,1.0,strong:deposit bonus|strong:register now|medium:casino|medium:slots|medium:poker|medium:sportsbook|medium:betting,2026-08-09T07:43:37Z
https://3we.bet,3we.bet,1.0,strong:deposit bonus|strong:register now|medium:casino|medium:slots|medium:poker|medium:sportsbook|medium:betting,2026-08-09T07:43:38Z
https://3xd.bet,3xd.bet,1.0,strong:free spins|strong:register now|medium:casino|medium:slots|medium:sportsbook|medium:jackpot|medium:wager|medium:betting,2026-08-09T07:43:53Z
https://3xp.bet,3xp.bet,1.0,strong:deposit bonus|strong:live dealer|medium:casino|medium:poker|medium:jackpot|medium:wager|medium:betting|structural:age verification,2026-08-09T07:43:54Z
https://3xd.bet,3xd.bet,1.0,strong:free spins|strong:register now|medium:casino|medium:slots|medium:sportsbook|medium:jackpot|medium:wager|medium:betting,2026-08-09T07:43:54Z
https://3xp.bet,3xp.bet,1.0,strong:deposit bonus|strong:live dealer|medium:casino|medium:poker|medium:jackpot|medium:wager|medium:betting|structural:age verification,2026-08-09T07:43:54Z
https://3you.bet,3you.bet,0.8,strong:live dealer|strong:bet slip|medium:casino|medium:slots|medium:sportsbook,2026-08-09T07:43:59Z
https://4012.bet,4012.bet,1.0,strong:free spins|strong:live dealer|strong:register now|medium:casino|medium:slots|medium:poker|medium:jackpot|medium:wager|medium:betting,2026-08-09T07:44:16Z
https://4012.bet,4012.bet,1.0,strong:free spins|strong:live dealer|strong:register now|medium:casino|medium:slots|medium:poker|medium:jackpot|medium:wager|medium:betting,2026-08-09T07:44:16Z
https://4018.bet,4018.bet,1.0,strong:free spins|strong:live dealer|medium:casino|medium:slots|medium:poker|medium:jackpot|medium:wager|medium:betting,2026-08-09T07:44:17Z
https://4018.bet,4018.bet,1.0,strong:free spins|strong:live dealer|medium:casino|medium:slots|medium:poker|medium:jackpot|medium:wager|medium:betting,2026-08-09T07:44:17Z
https://4025.bet,4025.bet,1.0,strong:deposit bonus|strong:withdraw winnings|strong:register now|medium:casino|medium:slots|medium:jackpot|medium:wager|medium:betting|structural:responsible gambling,2026-08-09T07:44:19Z
https://4025.bet,4025.bet,1.0,strong:deposit bonus|strong:withdraw winnings|strong:register now|medium:casino|medium:slots|medium:jackpot|medium:wager|medium:betting|structural:responsible gambling,2026-08-09T07:44:20Z
https://4026.bet,4026.bet,1.0,strong:live dealer|strong:withdraw winnings|strong:sign up now|medium:casino|medium:slots|medium:poker|medium:jackpot|medium:wager|medium:betting,2026-08-09T07:44:20Z
https://4028.bet,4028.bet,1.0,strong:deposit bonus|strong:register now|strong:sign up now|medium:casino|medium:slots|medium:poker|medium:jackpot|medium:wager|medium:betting,2026-08-09T07:44:20Z
https://4028.bet,4028.bet,1.0,strong:deposit bonus|strong:register now|strong:sign up now|medium:casino|medium:slots|medium:poker|medium:jackpot|medium:wager|medium:betting,2026-08-09T07:44:20Z
https://4026.bet,4026.bet,1.0,strong:live dealer|strong:withdraw winnings|strong:sign up now|medium:casino|medium:slots|medium:poker|medium:jackpot|medium:wager|medium:betting,2026-08-09T07:44:20Z
https://4048.bet,4048.bet,1.0,strong:free spins|strong:live dealer|strong:register now|medium:casino|medium:slots|medium:sportsbook|medium:jackpot|medium:wager|medium:betting,2026-08-09T07:44:21Z
https://4048.bet,4048.bet,1.0,strong:free spins|strong:live dealer|strong:register now|medium:casino|medium:slots|medium:sportsbook|medium:jackpot|medium:wager|medium:betting,2026-08-09T07:44:22Z
https://4049.bet,4049.bet,1.0,strong:live dealer|strong:register now|medium:casino|medium:slots|medium:poker|medium:sportsbook|medium:jackpot|medium:wager|medium:betting,2026-08-09T07:44:24Z
https://40b.bet,40b.bet,1.0,strong:live dealer|strong:register now|medium:casino|medium:slots|medium:poker|medium:jackpot|medium:wager|medium:betting,2026-08-09T07:44:31Z
https://4163.bet,4163.bet,1.0,strong:live dealer|strong:register now|medium:casino|medium:slots|medium:poker|medium:jackpot|medium:betting,2026-08-09T07:44:51Z
https://4163.bet,4163.bet,0.8,strong:live dealer|strong:register now|medium:casino|medium:slots|medium:jackpot,2026-08-09T07:44:52Z
https://4164.bet,4164.bet,0.95,strong:live dealer|strong:register now|medium:casino|medium:slots|medium:poker|medium:jackpot|medium:wager|medium:betting|negative:how to play,2026-08-09T07:44:53Z
https://41slotoro753.bet,41slotoro753.bet,1.0,strong:deposit bonus|strong:free spins|strong:live dealer|strong:cashier|strong:bet slip|medium:casino|medium:slots|medium:poker|medium:sportsbook|medium:jackpot|medium:wager|medium:betting|structural:responsible gambling|negative:app store,2026-08-09T07:45:13Z
https://4215.bet,4215.bet,1.0,strong:free spins|strong:live dealer|strong:register now|medium:casino|medium:slots|medium:jackpot|medium:wager|medium:betting,2026-08-09T07:45:17Z
https://4215.bet,4215.bet,1.0,strong:free spins|strong:live dealer|strong:register now|medium:casino|medium:slots|medium:jackpot|medium:wager|medium:betting,2026-08-09T07:45:17Z
https://4292.bet,4292.bet,1.0,strong:live dealer|strong:withdraw winnings|strong:register now|medium:casino|medium:slots|medium:poker|medium:jackpot|medium:betting,2026-08-09T07:45:32Z
https://4292.bet,4292.bet,1.0,strong:live dealer|strong:withdraw winnings|strong:register now|medium:casino|medium:slots|medium:poker|medium:jackpot|medium:betting,2026-08-09T07:45:33Z
https://4299.bet,4299.bet,1.0,strong:deposit bonus|strong:register now|medium:casino|medium:slots|medium:poker|medium:jackpot|medium:wager|medium:betting,2026-08-09T07:45:33Z
https://4299.bet,4299.bet,1.0,strong:deposit bonus|strong:register now|medium:casino|medium:slots|medium:poker|medium:jackpot|medium:wager|medium:betting,2026-08-09T07:45:33Z
https://43210.bet,43210.bet,1.0,strong:free spins|strong:register now|medium:casino|medium:slots|medium:poker|medium:sportsbook|medium:jackpot|medium:wager|medium:betting|structural:18+|structural:age verification,2026-08-09T07:45:46Z
https://43210.bet,43210.bet,1.0,strong:free spins|strong:register now|medium:casino|medium:slots|medium:poker|medium:sportsbook|medium:jackpot|medium:wager|medium:betting,2026-08-09T07:45:46Z
https://4402.bet,4402.bet,1.0,strong:live dealer|strong:register now|medium:casino|medium:slots|medium:sportsbook|medium:wager|medium:betting|structural:age verification,2026-08-09T07:46:08Z
https://4402.bet,4402.bet,1.0,strong:live dealer|strong:register now|medium:casino|medium:slots|medium:sportsbook|medium:wager|medium:betting|structural:age verification,2026-08-09T07:46:08Z
https://4403.bet,4403.bet,1.0,strong:free spins|strong:live dealer|strong:register now|medium:casino|medium:slots|medium:jackpot|medium:wager|medium:betting,2026-08-09T07:46:09Z
https://4404.bet,4404.bet,1.0,strong:live dealer|strong:register now|medium:casino|medium:slots|medium:poker|medium:sportsbook|medium:jackpot|medium:wager|medium:betting,2026-08-09T07:46:09Z
https://4405.bet,4405.bet,1.0,strong:free spins|strong:live dealer|strong:register now|strong:play now|medium:casino|medium:slots|medium:poker|medium:jackpot|medium:wager|medium:betting|structural:age verification,2026-08-09T07:46:09Z
https://4404.bet,4404.bet,1.0,strong:live dealer|strong:register now|medium:casino|medium:slots|medium:poker|medium:sportsbook|medium:jackpot|medium:wager|medium:betting,2026-08-09T07:46:09Z
https://4405.bet,4405.bet,1.0,strong:free spins|strong:live dealer|strong:register now|strong:play now|medium:casino|medium:slots|medium:poker|medium:jackpot|medium:wager|medium:betting|structural:age verification,2026-08-09T07:46:09Z
https://4419.bet,4419.bet,1.0,strong:live dealer|strong:register now|medium:casino|medium:slots|medium:poker|medium:jackpot|medium:wager|medium:betting|structural:18+|structural:age verification|negative:how to play,2026-08-09T07:46:11Z
https://4447bd.bet,4447bd.bet,1.0,strong:free spins|strong:live dealer|strong:play now|medium:casino|medium:slots|medium:poker|medium:jackpot|medium:wager|medium:betting,2026-08-09T07:47:20Z
https://4447bd.bet,4447bd.bet,1.0,strong:free spins|strong:live dealer|strong:play now|medium:casino|medium:slots|medium:poker|medium:jackpot|medium:wager|medium:betting,2026-08-09T07:47:20Z
https://444com.bet,444com.bet,0.8,strong:deposit bonus|strong:live dealer|medium:casino|medium:slots|medium:betting,2026-08-09T07:47:47Z
https://4454.bet,4454.bet,1.0,strong:live dealer|strong:register now|strong:sign up now|medium:casino|medium:slots|medium:poker|medium:jackpot|medium:wager|medium:betting,2026-08-09T07:48:00Z
https://4454.bet,4454.bet,1.0,strong:live dealer|strong:register now|strong:sign up now|medium:casino|medium:slots|medium:poker|medium:jackpot|medium:wager|medium:betting,2026-08-09T07:48:00Z
https://44ok.bet,44ok.bet,1.0,strong:free spins|strong:live dealer|medium:casino|medium:slots|medium:poker|medium:wager|medium:betting|structural:18+|structural:age verification,2026-08-09T07:49:15Z
https://44ok.bet,44ok.bet,1.0,strong:free spins|strong:live dealer|medium:casino|medium:slots|medium:poker|medium:wager|medium:betting|structural:18+|structural:age verification,2026-08-09T07:49:17Z
https://44phdream.bet,44phdream.bet,0.9,strong:live dealer|strong:register now|medium:casino|medium:slots|medium:sportsbook|medium:betting,2026-08-09T07:49:17Z
https://4503.bet,4503.bet,1.0,strong:deposit bonus|strong:free spins|strong:live dealer|strong:register now|medium:casino|medium:slots|medium:poker|medium:jackpot|medium:wager|medium:betting,2026-08-09T07:49:29Z
https://4503.bet,4503.bet,1.0,strong:deposit bonus|strong:free spins|strong:live dealer|strong:register now|medium:casino|medium:slots|medium:poker|medium:jackpot|medium:wager|medium:betting,2026-08-09T07:49:30Z
https://4566bd.bet,4566bd.bet,1.0,strong:free spins|strong:live dealer|strong:play now|medium:casino|medium:slots|medium:poker|medium:jackpot|medium:wager|medium:betting|structural:responsible gambling,2026-08-09T07:49:42Z
https://4566bd.bet,4566bd.bet,1.0,strong:free spins|strong:live dealer|strong:play now|medium:casino|medium:slots|medium:poker|medium:jackpot|medium:wager|medium:betting|structural:responsible gambling,2026-08-09T07:49:43Z
https://456ba.bet,456ba.bet,1.0,strong:live dealer|strong:cashier|medium:casino|medium:slots|medium:jackpot|medium:wager|medium:betting|structural:18+,2026-08-09T07:49:51Z
https://456ba.bet,456ba.bet,1.0,strong:live dealer|strong:cashier|medium:casino|medium:slots|medium:jackpot|medium:wager|medium:betting|structural:18+,2026-08-09T07:49:52Z
https://456bdo.bet,456bdo.bet,1.0,strong:live dealer|strong:play now|medium:casino|medium:slots|medium:poker|medium:jackpot|medium:betting,2026-08-09T07:49:59Z
https://456bdo.bet,456bdo.bet,1.0,strong:live dealer|strong:play now|medium:casino|medium:slots|medium:poker|medium:jackpot|medium:wager|medium:betting,2026-08-09T07:49:59Z
https://456db0.bet,456db0.bet,1.0,strong:deposit bonus|strong:free spins|strong:live dealer|strong:play now|medium:casino|medium:slots|medium:jackpot|medium:wager|medium:betting,2026-08-09T07:50:01Z
https://456db0.bet,456db0.bet,1.0,strong:deposit bonus|strong:free spins|strong:live dealer|strong:play now|medium:casino|medium:slots|medium:jackpot|medium:wager|medium:betting,2026-08-09T07:50:01Z
https://459bd.bet,459bd.bet,1.0,strong:live dealer|strong:claim bonus|medium:casino|medium:slots|medium:jackpot|medium:wager|medium:betting|structural:18+,2026-08-09T07:50:11Z
https://459bd.bet,459bd.bet,1.0,strong:live dealer|strong:claim bonus|medium:casino|medium:slots|medium:jackpot|medium:wager|medium:betting|structural:18+|structural:age verification,2026-08-09T07:50:11Z
https://45ph.bet,45ph.bet,1.0,strong:live dealer|strong:register now|medium:casino|medium:slots|medium:jackpot|medium:wager|medium:betting,2026-08-09T07:50:23Z
https://4605.bet,4605.bet,1.0,strong:live dealer|strong:register now|medium:casino|medium:slots|medium:poker|medium:jackpot|medium:betting,2026-08-09T07:50:28Z
https://4625.bet,4625.bet,1.0,strong:free spins|strong:live dealer|strong:register now|medium:casino|medium:slots|medium:jackpot|medium:wager|medium:betting,2026-08-09T07:50:30Z
https://4625.bet,4625.bet,1.0,strong:free spins|strong:live dealer|strong:register now|medium:casino|medium:slots|medium:jackpot|medium:wager|medium:betting,2026-08-09T07:50:30Z
https://465bd.bet,465bd.bet,0.85,strong:live dealer|strong:register now|medium:casino|medium:betting|structural:age verification,2026-08-09T07:50:43Z
https://465bd.bet,465bd.bet,0.85,strong:live dealer|strong:register now|medium:casino|medium:betting|structural:age verification,2026-08-09T07:50:43Z
https://4666bd.bet,4666bd.bet,1.0,strong:free spins|strong:live dealer|strong:play now|medium:casino|medium:slots|medium:poker|medium:jackpot|medium:wager|medium:betting,2026-08-09T07:50:44Z
https://4666bd.bet,4666bd.bet,1.0,strong:free spins|strong:live dealer|strong:play now|medium:casino|medium:slots|medium:poker|medium:jackpot|medium:wager|medium:betting,2026-08-09T07:50:45Z
https://4721.bet,4721.bet,1.0,strong:live dealer|strong:register now|medium:casino|medium:slots|medium:poker|medium:jackpot|medium:wager|medium:betting|structural:18+,2026-08-09T07:51:06Z
https://4721.bet,4721.bet,1.0,strong:live dealer|strong:register now|medium:casino|medium:slots|medium:poker|medium:jackpot|medium:wager|medium:betting|structural:18+,2026-08-09T07:51:06Z
https://476bd.bet,476bd.bet,1.0,strong:deposit bonus|strong:free spins|strong:live dealer|strong:cashier|medium:casino|medium:slots|medium:poker|medium:wager|medium:betting|structural:18+|structural:age verification,2026-08-09T07:51:09Z
https://476bd.bet,476bd.bet,1.0,strong:deposit bonus|strong:free spins|strong:live dealer|strong:cashier|medium:casino|medium:slots|medium:poker|medium:wager|medium:betting|structural:18+|structural:age verification,2026-08-09T07:51:09Z
https://476slotoro.bet,476slotoro.bet,1.0,strong:deposit bonus|strong:free spins|strong:live dealer|strong:cashier|strong:bet slip|medium:casino|medium:slots|medium:poker|medium:sportsbook|medium:jackpot|medium:wager|medium:betting|structural:gambleaware|structural:responsible gambling|negative:app store,2026-08-09T07:51:11Z
https://4777b.bet,4777b.bet,0.8,strong:live dealer|strong:register now|medium:casino|medium:sportsbook|medium:betting,2026-08-09T07:51:33Z
https://4777b.bet,4777b.bet,0.8,strong:live dealer|strong:register now|medium:casino|medium:sportsbook|medium:betting,2026-08-09T07:51:33Z
https://4777com.bet,4777com.bet,1.0,strong:deposit bonus|strong:free spins|strong:live dealer|medium:casino|medium:slots|medium:poker|medium:sportsbook|medium:wager|medium:betting|structural:18+|structural:responsible gambling|structural:age verification,2026-08-09T07:51:47Z
https://4777com.bet,4777com.bet,1.0,strong:deposit bonus|strong:free spins|strong:live dealer|medium:casino|medium:slots|medium:poker|medium:sportsbook|medium:wager|medium:betting|structural:18+|structural:responsible gambling|structural:age verification,2026-08-09T07:51:47Z
https://4777cx.bet,4777cx.bet,1.0,strong:live dealer|strong:register now|strong:cashier|medium:casino|medium:slots|medium:poker|medium:sportsbook|medium:jackpot|medium:wager|medium:betting|structural:age verification,2026-08-09T07:51:49Z
https://4777cx.bet,4777cx.bet,1.0,strong:live dealer|strong:register now|strong:cashier|medium:casino|medium:slots|medium:poker|medium:sportsbook|medium:jackpot|medium:wager|medium:betting|structural:age verification,2026-08-09T07:51:49Z
https://477bit.bet,477bit.bet,1.0,strong:free spins|strong:place a bet|strong:live dealer|strong:play now|medium:casino|medium:slots|medium:poker|medium:sportsbook|medium:jackpot|medium:wager|medium:betting,2026-08-09T07:51:53Z
https://477bit.bet,477bit.bet,1.0,strong:free spins|strong:place a bet|strong:live dealer|strong:play now|medium:casino|medium:slots|medium:poker|medium:sportsbook|medium:jackpot|medium:wager|medium:betting,2026-08-09T07:51:54Z
https://477det.bet,477det.bet,1.0,strong:free spins|strong:live dealer|strong:play now|medium:casino|medium:slots|medium:poker|medium:jackpot|medium:wager|medium:betting|structural:age verification|negative:how to play,2026-08-09T07:51:54Z
https://477det.bet,477det.bet,1.0,strong:free spins|strong:live dealer|strong:play now|medium:casino|medium:slots|medium:poker|medium:jackpot|medium:wager|medium:betting|structural:age verification|negative:how to play,2026-08-09T07:51:54Z
https://4791.bet,4791.bet,1.0,strong:place a bet|strong:register now|strong:bet slip|medium:casino|medium:slots|medium:poker|medium:jackpot|medium:wager|medium:betting,2026-08-09T07:51:54Z
https://47bd.bet,47bd.bet,1.0,strong:free spins|strong:place a bet|strong:live dealer|strong:withdraw winnings|medium:casino|medium:slots|medium:poker|medium:sportsbook|medium:jackpot|medium:wager|medium:betting|structural:18+,2026-08-09T07:52:05Z
https://47bd.bet,47bd.bet,1.0,strong:free spins|strong:place a bet|strong:live dealer|strong:withdraw winnings|medium:casino|medium:slots|medium:poker|medium:sportsbook|medium:jackpot|medium:wager|medium:betting|structural:18+,2026-08-09T07:52:09Z
https://4804.bet,4804.bet,1.0,strong:live dealer|strong:register now|medium:casino|medium:slots|medium:poker|medium:jackpot|medium:wager|medium:betting,2026-08-09T07:52:16Z
https://4804.bet,4804.bet,1.0,strong:live dealer|strong:register now|medium:casino|medium:slots|medium:poker|medium:jackpot|medium:wager|medium:betting,2026-08-09T07:52:17Z
https://4814.bet,4814.bet,1.0,strong:free spins|strong:live dealer|strong:register now|medium:casino|medium:slots|medium:poker|medium:jackpot|medium:wager|medium:betting,2026-08-09T07:52:35Z
https://4814.bet,4814.bet,1.0,strong:free spins|strong:live dealer|strong:register now|medium:casino|medium:slots|medium:poker|medium:jackpot|medium:wager|medium:betting,2026-08-09T07:52:36Z
https://4822.bet,4822.bet,0.9,strong:live dealer|strong:register now|medium:casino|medium:slots|medium:wager|medium:betting,2026-08-09T07:52:40Z
https://4822.bet,4822.bet,0.9,strong:live dealer|strong:register now|medium:casino|medium:slots|medium:wager|medium:betting,2026-08-09T07:52:43Z
https://4850.bet,4850.bet,1.0,strong:free spins|strong:live dealer|strong:register now|medium:casino|medium:slots|medium:poker|medium:jackpot|medium:wager|medium:betting,2026-08-09T07:52:52Z
https://4880.bet,4880.bet,1.0,strong:deposit bonus|strong:free spins|strong:live dealer|strong:withdraw winnings|strong:register now|medium:casino|medium:slots|medium:jackpot|medium:wager|medium:betting,2026-08-09T07:52:56Z
https://4880.bet,4880.bet,1.0,strong:deposit bonus|strong:free spins|strong:live dealer|strong:withdraw winnings|strong:register now|medium:casino|medium:slots|medium:jackpot|medium:wager|medium:betting,2026-08-09T07:52:56Z
https://499bd.bet,499bd.bet,1.0,strong:deposit bonus|strong:free spins|strong:place a bet|strong:live dealer|strong:bet slip|medium:casino|medium:slots|medium:sportsbook|medium:wager|medium:betting|structural:18+,2026-08-09T07:56:10Z
https://499bde.bet,499bde.bet,1.0,strong:live dealer|strong:play now|medium:casino|medium:slots|medium:poker|medium:jackpot|medium:wager|medium:betting|structural:responsible gambling,2026-08-09T07:56:11Z
https://499bd.bet,499bd.bet,1.0,strong:deposit bonus|strong:free spins|strong:place a bet|strong:live dealer|strong:bet slip|medium:casino|medium:slots|medium:sportsbook|medium:wager|medium:betting|structural:18+,2026-08-09T07:56:11Z
https://4999betapk.bet,4999betapk.bet,0.8,strong:live dealer|strong:register now|medium:casino|medium:jackpot|medium:betting,2026-08-09T07:56:11Z
https://499bde.bet,499bde.bet,1.0,strong:live dealer|strong:play now|medium:casino|medium:slots|medium:poker|medium:jackpot|medium:wager|medium:betting|structural:responsible gambling,2026-08-09T07:56:12Z
https://499bad.bet,499bad.bet,0.95,strong:live dealer|strong:claim bonus|medium:casino|medium:slots|medium:betting|structural:18+,2026-08-09T07:56:14Z
https://499bad.bet,499bad.bet,0.95,strong:live dealer|strong:claim bonus|medium:casino|medium:slots|medium:betting|structural:18+,2026-08-09T07:56:25Z
https://499bett.bet,499bett.bet,1.0,strong:live dealer|strong:claim bonus|strong:bet slip|medium:casino|medium:slots|medium:sportsbook|medium:jackpot|medium:wager|medium:betting|structural:18+,2026-08-09T07:57:09Z
https://499bett.bet,499bett.bet,1.0,strong:live dealer|strong:claim bonus|strong:bet slip|medium:casino|medium:slots|medium:sportsbook|medium:jackpot|medium:wager|medium:betting|structural:18+,2026-08-09T07:57:09Z
https://499net.bet,499net.bet,1.0,strong:free spins|strong:live dealer|strong:play now|medium:casino|medium:slots|medium:sportsbook|medium:jackpot|medium:wager|medium:betting|structural:age verification,2026-08-09T07:57:12Z
https://499net.bet,499net.bet,1.0,strong:free spins|strong:live dealer|strong:play now|medium:casino|medium:slots|medium:sportsbook|medium:jackpot|medium:wager|medium:betting|structural:age verification,2026-08-09T07:57:12Z
https://499bef.bet,499bef.bet,1.0,strong:deposit bonus|strong:live dealer|strong:claim bonus|strong:play now|medium:casino|medium:slots|medium:poker|medium:jackpot|medium:wager|medium:betting,2026-08-09T07:57:31Z
https://499bef.bet,499bef.bet,1.0,strong:deposit bonus|strong:live dealer|strong:claim bonus|strong:play now|medium:casino|medium:slots|medium:poker|medium:jackpot|medium:wager|medium:betting,2026-08-09T07:57:31Z
https://499betapk.bet,499betapk.bet,0.9,strong:live dealer|strong:register now|medium:casino|medium:slots|medium:jackpot|medium:betting,2026-08-09T07:57:31Z
https://499betapk.bet,499betapk.bet,0.9,strong:live dealer|strong:register now|medium:casino|medium:slots|medium:jackpot|medium:betting,2026-08-09T07:57:32Z
https://4bdt99.bet,4bdt99.bet,1.0,strong:deposit bonus|strong:free spins|strong:live dealer|strong:play now|medium:casino|medium:slots|medium:poker|medium:jackpot|medium:wager|medium:betting|negative:app store,2026-08-09T07:58:59Z
https://4betcasino.bet,4betcasino.bet,1.0,strong:deposit bonus|strong:free spins|strong:live dealer|strong:claim bonus|strong:play now|strong:curaçao egaming|medium:casino|medium:slots|medium:jackpot|medium:wager|medium:betting|structural:18+|structural:responsible gambling,2026-08-09T07:59:03Z
https://4betcasino.bet,4betcasino.bet,1.0,strong:deposit bonus|strong:free spins|strong:live dealer|strong:claim bonus|strong:play now|strong:curaçao egaming|medium:casino|medium:slots|medium:jackpot|medium:wager|medium:betting|structural:18+|structural:responsible gambling,2026-08-09T07:59:04Z
https://4bdt99.bet,4bdt99.bet,1.0,strong:deposit bonus|strong:free spins|strong:live dealer|strong:play now|medium:casino|medium:slots|medium:poker|medium:jackpot|medium:wager|medium:betting|negative:app store,2026-08-09T07:59:09Z
https://4bet-in.bet,4bet-in.bet,1.0,strong:place a bet|strong:live dealer|strong:play now|medium:casino|medium:slots|medium:poker|medium:sportsbook|medium:betting,2026-08-09T07:59:09Z
https://4bet-in.bet,4bet-in.bet,1.0,strong:place a bet|strong:live dealer|strong:play now|strong:cashier|medium:casino|medium:slots|medium:poker|medium:sportsbook|medium:wager|medium:betting|structural:responsible gambling|negative:app store,2026-08-09T07:59:09Z
https://4crownscasino.bet,4crownscasino.bet,0.95,strong:free spins|strong:mga/|medium:casino|medium:slots|medium:jackpot|structural:18+,2026-08-09T07:59:09Z
https://4crownscasino.bet,4crownscasino.bet,0.95,strong:free spins|strong:mga/|medium:casino|medium:slots|medium:jackpot|structural:18+,2026-08-09T07:59:09Z
https://4dlover.bet,4dlover.bet,0.8,strong:deposit bonus|strong:live dealer|medium:casino|medium:sportsbook|medium:wager,2026-08-09T07:59:17Z
https://4dlover.bet,4dlover.bet,0.8,strong:deposit bonus|strong:live dealer|medium:casino|medium:sportsbook|medium:wager,2026-08-09T07:59:18Z
https://4dprize.bet,4dprize.bet,1.0,strong:deposit bonus|strong:place a bet|strong:live dealer|medium:casino|medium:slots|medium:poker|medium:sportsbook|medium:betting,2026-08-09T07:59:20Z
https://4dslot.bet,4dslot.bet,1.0,strong:deposit bonus|strong:free spins|strong:place a bet|strong:live dealer|medium:casino|medium:sportsbook|medium:jackpot|medium:wager|medium:betting,2026-08-09T07:59:20Z
https://4dslot.bet,4dslot.bet,1.0,strong:deposit bonus|strong:free spins|strong:place a bet|strong:live dealer|medium:casino|medium:slots|medium:sportsbook|medium:jackpot|medium:wager|medium:betting|negative:google play,2026-08-09T07:59:20Z
https://4ds.bet,4ds.bet,1.0,strong:live dealer|strong:register now|medium:casino|medium:slots|medium:poker|medium:jackpot|medium:wager|medium:betting|structural:responsible gambling,2026-08-09T07:59:21Z
https://4ds.bet,4ds.bet,1.0,strong:live dealer|strong:register now|medium:casino|medium:slots|medium:poker|medium:jackpot|medium:wager|medium:betting|structural:responsible gambling,2026-08-09T07:59:21Z
https://4kasino.bet,4kasino.bet,1.0,strong:deposit bonus|strong:free spins|strong:live dealer|strong:play now|strong:cashier|strong:curacao egaming|medium:casino|medium:slots|medium:sportsbook|medium:jackpot|medium:wager|medium:betting|structural:responsible gambling,2026-08-09T07:59:32Z
https://4kasino.bet,4kasino.bet,1.0,strong:deposit bonus|strong:free spins|strong:live dealer|strong:play now|strong:cashier|strong:curacao egaming|medium:casino|medium:slots|medium:sportsbook|medium:jackpot|medium:wager|medium:betting|structural:responsible gambling,2026-08-09T07:59:32Z
https://4k44.bet,4k44.bet,1.0,strong:live dealer|strong:bet slip|medium:casino|medium:slots|medium:sportsbook|medium:jackpot|medium:wager|medium:betting|structural:18+,2026-08-09T07:59:32Z
https://4rabetcasino.bet,4rabetcasino.bet,1.0,strong:deposit bonus|strong:live dealer|strong:register now|medium:casino|medium:slots|medium:poker,2026-08-09T08:00:51Z
https://4rabetindia.bet,4rabetindia.bet,1.0,strong:live dealer|strong:register now|strong:claim bonus|medium:casino|medium:slots|medium:poker|medium:jackpot|medium:wager|medium:betting|negative:app store,2026-08-09T08:01:09Z
https://4y4.bet,4y4.bet,0.8,strong:live dealer|strong:register now|medium:casino|medium:slots|medium:betting,2026-08-09T08:02:11Z
https://4y4.bet,4y4.bet,1.0,strong:live dealer|strong:register now|medium:casino|medium:slots|medium:jackpot|medium:wager|medium:betting,2026-08-09T08:02:12Z
https://5-gringos.bet,5-gringos.bet,1.0,strong:deposit bonus|strong:free spins|strong:curaçao egaming|medium:casino|medium:slots|structural:responsible gambling,2026-08-09T08:02:23Z
https://5-gringos.bet,5-gringos.bet,1.0,strong:deposit bonus|strong:free spins|strong:live dealer|strong:play now|strong:cashier|strong:curaçao egaming|medium:casino|medium:slots|medium:jackpot|medium:wager|medium:betting|structural:18+|structural:responsible gambling,2026-08-09T08:02:24Z
https://500-casino.bet,500-casino.bet,1.0,strong:deposit bonus|strong:free spins|strong:curaçao egaming|medium:casino|medium:slots|medium:poker|medium:jackpot|medium:betting|structural:18+,2026-08-09T08:02:35Z
https://500casinoipl.bet,500casinoipl.bet,0.75,strong:claim bonus|strong:ukgc|medium:casino|structural:18+,2026-08-09T08:02:52Z
https://500casinoipl.bet,500casinoipl.bet,0.75,strong:claim bonus|strong:ukgc|medium:casino|structural:18+,2026-08-09T08:02:54Z
https://5014.bet,5014.bet,1.0,strong:free spins|strong:live dealer|strong:withdraw winnings|strong:register now|medium:casino|medium:slots|medium:poker|medium:jackpot|medium:wager|medium:betting|structural:responsible gambling,2026-08-09T08:03:03Z
https://5014.bet,5014.bet,1.0,strong:live dealer|strong:register now|medium:casino|medium:slots|medium:poker|medium:jackpot|medium:wager|medium:betting,2026-08-09T08:03:03Z
https://5019.bet,5019.bet,1.0,strong:free spins|strong:live dealer|strong:sign up now|medium:casino|medium:slots|medium:jackpot|medium:wager|medium:betting,2026-08-09T08:03:03Z
https://5017.bet,5017.bet,1.0,strong:live dealer|strong:withdraw winnings|strong:register now|medium:casino|medium:poker|medium:jackpot|medium:wager|medium:betting,2026-08-09T08:03:05Z
https://5027.bet,5027.bet,1.0,strong:free spins|strong:live dealer|medium:casino|medium:slots|medium:jackpot|medium:wager|medium:betting,2026-08-09T08:03:06Z
https://5028.bet,5028.bet,1.0,strong:place a bet|strong:live dealer|strong:bet slip|medium:casino|medium:slots|medium:sportsbook|medium:jackpot|medium:wager|medium:betting,2026-08-09T08:03:13Z
https://5022.bet,5022.bet,1.0,strong:free spins|strong:register now|medium:casino|medium:slots|medium:sportsbook|medium:jackpot|medium:wager|medium:betting,2026-08-09T08:03:14Z
https://5022.bet,5022.bet,1.0,strong:free spins|strong:register now|medium:casino|medium:slots|medium:sportsbook|medium:jackpot|medium:wager|medium:betting,2026-08-09T08:03:14Z
https://5030.bet,5030.bet,1.0,strong:deposit bonus|strong:register now|medium:casino|medium:slots|medium:poker|medium:sportsbook|medium:jackpot|medium:wager|medium:betting,2026-08-09T08:03:14Z
https://5035.bet,5035.bet,0.9,strong:live dealer|strong:register now|medium:casino|medium:poker|medium:wager|medium:betting,2026-08-09T08:03:17Z
https://5045.bet,5045.bet,1.0,strong:place a bet|strong:live dealer|strong:register now|medium:casino|medium:slots|medium:jackpot|medium:betting|structural:age verification,2026-08-09T08:03:18Z
https://5045.bet,5045.bet,1.0,strong:place a bet|strong:live dealer|strong:register now|medium:casino|medium:slots|medium:jackpot|medium:betting|structural:age verification,2026-08-09T08:03:18Z
https://5035.bet,5035.bet,0.9,strong:live dealer|strong:register now|medium:casino|medium:poker|medium:wager|medium:betting,2026-08-09T08:03:18Z
https://5-euro-casino.bet,5-euro-casino.bet,1.0,strong:deposit bonus|strong:free spins|medium:casino|medium:slots|medium:jackpot|medium:wager|structural:18+,2026-08-09T08:03:37Z
https://5-euro-casino.bet,5-euro-casino.bet,1.0,strong:deposit bonus|strong:free spins|medium:casino|medium:slots|medium:jackpot|medium:wager|structural:18+,2026-08-09T08:03:37Z
https://5084.bet,5084.bet,1.0,strong:live dealer|strong:register now|medium:casino|medium:slots|medium:poker|medium:sportsbook|medium:jackpot|medium:wager|medium:betting|structural:age verification|negative:how to play,2026-08-09T08:03:38Z
https://5085.bet,5085.bet,1.0,strong:live dealer|strong:register now|medium:casino|medium:slots|medium:poker|medium:jackpot|medium:wager|medium:betting|structural:age verification,2026-08-09T08:03:38Z
https://5085.bet,5085.bet,1.0,strong:live dealer|strong:register now|medium:casino|medium:slots|medium:poker|medium:jackpot|medium:wager|medium:betting|structural:age verification,2026-08-09T08:03:38Z
https://50crownscasino.bet,50crownscasino.bet,0.9,strong:deposit bonus|strong:free spins|medium:casino|medium:slots|medium:sportsbook|medium:betting,2026-08-09T08:03:45Z
https://50q.bet,50q.bet,1.0,strong:free spins|strong:live dealer|strong:play now|medium:casino|medium:slots|medium:poker|medium:jackpot|medium:wager|medium:betting,2026-08-09T08:03:51Z
https://50q.bet,50q.bet,1.0,strong:free spins|strong:live dealer|strong:play now|medium:casino|medium:slots|medium:poker|medium:jackpot|medium:wager|medium:betting,2026-08-09T08:03:51Z
https://50s.bet,50s.bet,0.95,strong:free spins|strong:live dealer|medium:casino|medium:poker|medium:jackpot|structural:18+,2026-08-09T08:03:52Z
https://5108.bet,5108.bet,1.0,strong:deposit bonus|strong:withdraw winnings|strong:register now|medium:casino|medium:slots|medium:poker|medium:sportsbook|medium:jackpot|medium:wager|medium:betting,2026-08-09T08:03:55Z
https://5108.bet,5108.bet,1.0,strong:deposit bonus|strong:withdraw winnings|strong:register now|medium:casino|medium:slots|medium:poker|medium:sportsbook|medium:jackpot|medium:wager|medium:betting,2026-08-09T08:03:56Z
https://512slots.bet,512slots.bet,0.8,strong:free spins|strong:live dealer|medium:casino|medium:slots|medium:jackpot,2026-08-09T08:04:02Z
https://512slots.bet,512slots.bet,0.8,strong:free spins|strong:live dealer|medium:casino|medium:slots|medium:jackpot,2026-08-09T08:04:02Z
https://5130.bet,5130.bet,1.0,strong:free spins|strong:live dealer|strong:register now|medium:casino|medium:slots|medium:sportsbook|medium:jackpot|medium:wager|medium:betting,2026-08-09T08:04:03Z
https://5130.bet,5130.bet,1.0,strong:free spins|strong:live dealer|strong:register now|medium:casino|medium:slots|medium:sportsbook|medium:jackpot|medium:wager|medium:betting,2026-08-09T08:04:03Z
https://5175.bet,5175.bet,1.0,strong:free spins|strong:live dealer|medium:casino|medium:slots|medium:sportsbook|medium:jackpot|medium:wager|medium:betting|structural:age verification,2026-08-09T08:04:55Z
https://5176.bet,5176.bet,1.0,strong:free spins|strong:live dealer|strong:register now|strong:sign up now|strong:claim bonus|medium:casino|medium:slots|medium:poker|medium:jackpot|medium:betting,2026-08-09T08:04:57Z
https://5180.bet,5180.bet,1.0,strong:live dealer|strong:register now|medium:casino|medium:slots|medium:poker|medium:jackpot|medium:wager|medium:betting,2026-08-09T08:05:00Z
https://5180.bet,5180.bet,1.0,strong:live dealer|strong:register now|medium:casino|medium:slots|medium:poker|medium:jackpot|medium:wager|medium:betting,2026-08-09T08:05:01Z
https://5191.bet,5191.bet,1.0,strong:deposit bonus|strong:free spins|strong:register now|medium:casino|medium:slots|medium:poker|medium:jackpot|medium:wager|medium:betting|structural:age verification,2026-08-09T08:05:05Z
https://5191.bet,5191.bet,1.0,strong:deposit bonus|strong:free spins|strong:register now|medium:casino|medium:slots|medium:poker|medium:jackpot|medium:wager|medium:betting|structural:age verification,2026-08-09T08:05:06Z
https://520jl.bet,520jl.bet,0.95,strong:free spins|strong:claim bonus|medium:casino|medium:slots|medium:jackpot|structural:18+,2026-08-09T08:05:50Z
https://520jl.bet,520jl.bet,0.95,strong:free spins|strong:claim bonus|medium:casino|medium:slots|medium:jackpot|structural:18+,2026-08-09T08:05:50Z
https://5219.bet,5219.bet,1.0,strong:live dealer|strong:register now|medium:casino|medium:slots|medium:poker|medium:jackpot|medium:wager|medium:betting,2026-08-09T08:05:54Z
https://5222bd.bet,5222bd.bet,1.0,strong:free spins|strong:live dealer|strong:play now|medium:casino|medium:slots|medium:poker|medium:jackpot|medium:wager|medium:betting,2026-08-09T08:06:18Z
https://5230.bet,5230.bet,1.0,strong:live dealer|strong:register now|strong:bet slip|medium:casino|medium:slots|medium:poker|medium:jackpot|medium:wager|medium:betting,2026-08-09T08:06:18Z
https://5238.bet,5238.bet,1.0,strong:live dealer|strong:register now|medium:casino|medium:slots|medium:jackpot|medium:wager|medium:betting,2026-08-09T08:06:18Z
https://5222bd.bet,5222bd.bet,1.0,strong:free spins|strong:live dealer|strong:play now|medium:casino|medium:slots|medium:poker|medium:jackpot|medium:wager|medium:betting,2026-08-09T08:06:18Z
https://5233.bet,5233.bet,1.0,strong:free spins|strong:live dealer|strong:register now|strong:play now|medium:casino|medium:slots|medium:poker|medium:jackpot|medium:wager|medium:betting,2026-08-09T08:06:19Z
https://5238.bet,5238.bet,1.0,strong:live dealer|strong:register now|medium:casino|medium:slots|medium:jackpot|medium:wager|medium:betting,2026-08-09T08:06:19Z
https://5233.bet,5233.bet,1.0,strong:free spins|strong:live dealer|strong:register now|strong:play now|medium:casino|medium:slots|medium:poker|medium:jackpot|medium:wager|medium:betting,2026-08-09T08:06:20Z
https://5230.bet,5230.bet,1.0,strong:live dealer|strong:register now|medium:casino|medium:slots|medium:poker|medium:jackpot|medium:wager|medium:betting,2026-08-09T08:06:20Z
https://5259.bet,5259.bet,1.0,strong:free spins|strong:live dealer|strong:register now|strong:claim bonus|medium:casino|medium:slots|medium:poker|medium:jackpot|medium:wager|medium:betting,2026-08-09T08:06:23Z
https://5259.bet,5259.bet,0.8,strong:live dealer|strong:claim bonus|medium:casino|medium:poker|medium:betting,2026-08-09T08:06:24Z
https://5275.bet,5275.bet,1.0,strong:free spins|strong:live dealer|strong:register now|medium:casino|medium:slots|medium:poker|medium:wager|medium:betting,2026-08-09T08:06:25Z
https://5316.bet,5316.bet,1.0,strong:withdraw winnings|strong:register now|medium:casino|medium:slots|medium:poker|medium:jackpot|medium:wager|medium:betting,2026-08-09T08:06:45Z
https://532slotoro.bet,532slotoro.bet,1.0,strong:deposit bonus|strong:free spins|strong:live dealer|strong:cashier|strong:bet slip|medium:casino|medium:slots|medium:poker|medium:sportsbook|medium:jackpot|medium:wager|medium:betting|structural:gambleaware|structural:responsible gambling|negative:app store,2026-08-09T08:06:51Z
https://532slotoro.bet,532slotoro.bet,1.0,strong:deposit bonus|strong:free spins|strong:live dealer|strong:cashier|strong:bet slip|medium:casino|medium:slots|medium:poker|medium:sportsbook|medium:jackpot|medium:wager|medium:betting|structural:gambleaware|structural:responsible gambling|negative:app store,2026-08-09T08:06:51Z
https://5349.bet,5349.bet,1.0,strong:live dealer|strong:register now|medium:casino|medium:slots|medium:poker|medium:sportsbook|medium:jackpot|medium:betting,2026-08-09T08:06:59Z
https://5375.bet,5375.bet,1.0,strong:live dealer|strong:register now|medium:casino|medium:slots|medium:poker|medium:jackpot|medium:wager|medium:betting|structural:responsible gambling,2026-08-09T08:07:26Z
https://5375.bet,5375.bet,1.0,strong:live dealer|strong:register now|medium:casino|medium:slots|medium:poker|medium:jackpot|medium:wager|medium:betting|structural:responsible gambling,2026-08-09T08:07:26Z
https://5385.bet,5385.bet,0.9,strong:live dealer|strong:register now|medium:casino|medium:slots|medium:jackpot|medium:betting,2026-08-09T08:07:26Z
https://5471.bet,5471.bet,1.0,strong:live dealer|strong:register now|medium:casino|medium:slots|medium:poker|medium:jackpot|medium:wager|medium:betting,2026-08-09T08:08:33Z
https://5471.bet,5471.bet,1.0,strong:live dealer|strong:register now|medium:casino|medium:slots|medium:poker|medium:jackpot|medium:wager|medium:betting,2026-08-09T08:08:33Z
https://54ph.bet,54ph.bet,1.0,strong:live dealer|strong:register now|medium:casino|medium:slots|medium:poker|medium:sportsbook|medium:betting,2026-08-09T08:08:46Z
https://54ph.bet,54ph.bet,1.0,strong:live dealer|strong:register now|medium:casino|medium:slots|medium:poker|medium:sportsbook|medium:betting,2026-08-09T08:08:46Z
https://55-h.bet,55-h.bet,0.8,strong:free spins|strong:live dealer|medium:casino|medium:slots|medium:betting|structural:18+|negative:app store,2026-08-09T08:08:49Z
https://55-h.bet,55-h.bet,0.8,strong:free spins|strong:live dealer|medium:casino|medium:slots|medium:betting|structural:18+|negative:app store,2026-08-09T08:08:50Z
https://5508.bet,5508.bet,1.0,strong:free spins|strong:live dealer|strong:withdraw winnings|strong:register now|medium:casino|medium:slots|medium:poker|medium:jackpot|medium:wager|medium:betting,2026-08-09T08:08:53Z
https://5508.bet,5508.bet,1.0,strong:free spins|strong:live dealer|strong:withdraw winnings|strong:register now|medium:casino|medium:slots|medium:poker|medium:jackpot|medium:wager|medium:betting,2026-08-09T08:08:53Z
https://5555bd.bet,5555bd.bet,1.0,strong:deposit bonus|strong:free spins|strong:withdraw winnings|strong:cashier|medium:casino|medium:slots|medium:jackpot|medium:wager|medium:betting|structural:18+,2026-08-09T08:10:14Z
https://555ie.bet,555ie.bet,1.0,strong:deposit bonus|strong:free spins|strong:sign up now|medium:casino|medium:slots|medium:poker,2026-08-09T08:11:55Z
https://555ie.bet,555ie.bet,1.0,strong:deposit bonus|strong:free spins|strong:sign up now|medium:casino|medium:slots|medium:poker,2026-08-09T08:11:55Z
https://555p.bet,555p.bet,1.0,strong:free spins|strong:live dealer|strong:claim bonus|strong:play now|medium:casino|medium:slots|medium:jackpot|medium:wager|medium:betting,2026-08-09T08:12:16Z
https://555jili.bet,555jili.bet,1.0,strong:live dealer|strong:register now|strong:sign up now|medium:casino|medium:slots|medium:betting,2026-08-09T08:12:17Z
https://555p.bet,555p.bet,1.0,strong:free spins|strong:live dealer|strong:claim bonus|strong:play now|medium:casino|medium:slots|medium:jackpot|medium:wager|medium:betting,2026-08-09T08:12:20Z
https://555ra.bet,555ra.bet,1.0,strong:deposit bonus|strong:free spins|strong:live dealer|strong:register now|strong:play now|medium:casino|medium:slots|medium:jackpot|medium:wager|medium:betting|structural:18+,2026-08-09T08:12:26Z
https://555ra.bet,555ra.bet,1.0,strong:deposit bonus|strong:free spins|strong:register now|strong:play now|medium:casino|medium:slots|medium:jackpot|medium:wager|medium:betting|structural:18+,2026-08-09T08:12:26Z
https://556com.bet,556com.bet,0.9,strong:free spins|strong:live dealer|medium:casino|medium:slots|medium:poker|medium:jackpot,2026-08-09T08:12:51Z
https://556com.bet,556com.bet,0.9,strong:free spins|strong:live dealer|medium:casino|medium:slots|medium:poker|medium:jackpot,2026-08-09T08:12:51Z
https://5588fb.bet,5588fb.bet,1.0,strong:live dealer|strong:play now|medium:casino|medium:slots|medium:poker|medium:jackpot|medium:wager|medium:betting|structural:responsible gambling,2026-08-09T08:13:03Z
https://55atm.bet,55atm.bet,1.0,strong:deposit bonus|strong:live dealer|medium:casino|medium:slots|medium:sportsbook|medium:wager|medium:betting,2026-08-09T08:13:14Z
https://55atm.bet,55atm.bet,1.0,strong:deposit bonus|strong:live dealer|medium:casino|medium:slots|medium:sportsbook|medium:wager|medium:betting,2026-08-09T08:13:16Z
https://55betcasino.bet,55betcasino.bet,1.0,strong:deposit bonus|strong:free spins|strong:live dealer|strong:play now|strong:cashier|medium:casino|medium:slots|medium:poker|medium:sportsbook|medium:wager|medium:betting,2026-08-09T08:13:18Z
https://55bmw3.bet,55bmw3.bet,0.8,strong:live dealer|strong:withdraw winnings|medium:casino|medium:slots|medium:betting,2026-08-09T08:13:22Z
https://55bmw5.bet,55bmw5.bet,0.9,strong:live dealer|strong:register now|medium:casino|medium:slots|medium:sportsbook|medium:betting,2026-08-09T08:13:23Z
https://55bwm.bet,55bwm.bet,0.8,strong:live dealer|strong:register now|medium:casino|medium:slots|medium:betting,2026-08-09T08:13:26Z
https://55gt99.bet,55gt99.bet,1.0,strong:free spins|strong:live dealer|strong:play now|medium:casino|medium:slots|medium:poker|medium:jackpot|medium:wager|medium:betting,2026-08-09T08:13:40Z
https://5603.bet,5603.bet,0.85,strong:withdraw winnings|strong:register now|medium:casino|medium:slots|medium:jackpot|medium:wager|medium:betting|negative:how to play,2026-08-09T08:15:05Z
https://5603.bet,5603.bet,0.85,strong:withdraw winnings|strong:register now|medium:casino|medium:slots|medium:jackpot|medium:wager|medium:betting|negative:how to play,2026-08-09T08:15:06Z
https://5610.bet,5610.bet,1.0,strong:live dealer|strong:withdraw winnings|strong:register now|medium:casino|medium:slots|medium:poker|medium:jackpot|medium:wager|medium:betting,2026-08-09T08:15:59Z
https://5650.bet,5650.bet,1.0,strong:deposit bonus|strong:register now|medium:casino|medium:slots|medium:poker|medium:sportsbook|medium:jackpot|medium:betting,2026-08-09T08:16:00Z
https://5610.bet,5610.bet,1.0,strong:live dealer|strong:withdraw winnings|strong:register now|medium:casino|medium:slots|medium:poker|medium:jackpot|medium:wager|medium:betting,2026-08-09T08:16:00Z
https://563slotoro.bet,563slotoro.bet,1.0,strong:deposit bonus|strong:free spins|strong:live dealer|strong:cashier|strong:bet slip|medium:casino|medium:slots|medium:poker|medium:sportsbook|medium:jackpot|medium:wager|medium:betting|structural:gambleaware|structural:responsible gambling|negative:app store,2026-08-09T08:16:10Z
https://563slotoro.bet,563slotoro.bet,1.0,strong:deposit bonus|strong:free spins|strong:live dealer|strong:cashier|strong:bet slip|medium:casino|medium:slots|medium:poker|medium:sportsbook|medium:jackpot|medium:wager|medium:betting|structural:gambleaware|structural:responsible gambling|negative:app store,2026-08-09T08:16:10Z
https://5666btd.bet,5666btd.bet,0.8,strong:live dealer|strong:register now|medium:casino|medium:sportsbook|medium:betting,2026-08-09T08:16:16Z
https://5666btd.bet,5666btd.bet,0.8,strong:live dealer|strong:register now|medium:casino|medium:sportsbook|medium:betting,2026-08-09T08:16:16Z
https://5666tk.bet,5666tk.bet,1.0,strong:live dealer|strong:play now|medium:casino|medium:slots|medium:poker|medium:jackpot|medium:wager|medium:betting|structural:responsible gambling,2026-08-09T08:16:22Z
https://5666tk.bet,5666tk.bet,1.0,strong:live dealer|strong:play now|medium:casino|medium:slots|medium:poker|medium:jackpot|medium:wager|medium:betting|structural:responsible gambling,2026-08-09T08:16:22Z
https://566bat.bet,566bat.bet,1.0,strong:free spins|strong:live dealer|medium:casino|medium:slots|medium:poker|medium:jackpot|medium:wager|medium:betting|structural:18+|structural:responsible gambling|structural:age verification,2026-08-09T08:16:23Z
https://566bat.bet,566bat.bet,1.0,strong:free spins|strong:live dealer|medium:casino|medium:slots|medium:poker|medium:jackpot|medium:wager|medium:betting|structural:18+|structural:responsible gambling|structural:age verification,2026-08-09T08:16:23Z
https://566det.bet,566det.bet,1.0,strong:deposit bonus|strong:free spins|strong:live dealer|strong:cashier|medium:casino|medium:slots|medium:sportsbook|medium:jackpot|medium:wager|medium:betting|structural:18+|structural:age verification,2026-08-09T08:16:23Z
https://566det.bet,566det.bet,1.0,strong:deposit bonus|strong:free spins|strong:live dealer|strong:cashier|medium:casino|medium:slots|medium:sportsbook|medium:jackpot|medium:wager|medium:betting|structural:18+,2026-08-09T08:16:24Z
https://5678bd.bet,5678bd.bet,1.0,strong:live dealer|strong:register now|strong:play now|medium:casino|medium:slots|medium:poker|medium:jackpot|medium:wager|medium:betting,2026-08-09T08:16:31Z
https://5678bd.bet,5678bd.bet,1.0,strong:live dealer|strong:register now|strong:play now|medium:casino|medium:slots|medium:poker|medium:jackpot|medium:wager|medium:betting,2026-08-09T08:16:31Z
https://567jl.bet,567jl.bet,1.0,strong:deposit bonus|strong:free spins|strong:sign up now|medium:casino|medium:slots|medium:poker,2026-08-09T08:16:47Z
https://567live.bet,567live.bet,0.9,strong:deposit bonus|strong:live dealer|medium:casino|medium:slots|medium:sportsbook|medium:wager,2026-08-09T08:16:47Z
https://567live.bet,567live.bet,0.9,strong:deposit bonus|strong:live dealer|medium:casino|medium:slots|medium:sportsbook|medium:wager,2026-08-09T08:16:47Z
https://56phfun.bet,56phfun.bet,0.9,strong:live dealer|strong:register now|medium:casino|medium:slots|medium:poker|medium:betting,2026-08-09T08:17:36Z
https://5707.bet,5707.bet,1.0,strong:live dealer|strong:withdraw winnings|strong:register now|medium:casino|medium:slots|medium:poker|medium:jackpot|medium:wager|medium:betting,2026-08-09T08:18:15Z
https://5777ba.bet,5777ba.bet,1.0,strong:free spins|strong:live dealer|strong:play now|medium:casino|medium:slots|medium:poker|medium:sportsbook|medium:jackpot|medium:wager|medium:betting,2026-08-09T08:18:48Z
https://5777ba.bet,5777ba.bet,1.0,strong:free spins|strong:live dealer|strong:play now|medium:casino|medium:slots|medium:poker|medium:sportsbook|medium:jackpot|medium:wager|medium:betting,2026-08-09T08:18:48Z
https://5777bd.bet,5777bd.bet,1.0,strong:live dealer|strong:bet slip|medium:casino|medium:slots|medium:wager|medium:betting|structural:18+,2026-08-09T08:18:53Z
https://5777bd.bet,5777bd.bet,1.0,strong:live dealer|strong:bet slip|medium:casino|medium:slots|medium:wager|medium:betting|structural:18+,2026-08-09T08:18:54Z
https://5777cx.bet,5777cx.bet,1.0,strong:live dealer|strong:play now|strong:cashier|medium:casino|medium:slots|medium:sportsbook|medium:jackpot|medium:wager|medium:betting,2026-08-09T08:18:59Z
https://5777cx.bet,5777cx.bet,1.0,strong:live dealer|strong:play now|strong:cashier|medium:casino|medium:slots|medium:sportsbook|medium:jackpot|medium:wager|medium:betting,2026-08-09T08:19:00Z
https://5777login.bet,5777login.bet,0.8,strong:live dealer|strong:register now|medium:casino|medium:slots|medium:betting,2026-08-09T08:19:02Z
https://57v.bet,57v.bet,1.0,strong:deposit bonus|strong:free spins|strong:sign up now|medium:casino|medium:slots|medium:poker,2026-08-09T08:19:26Z
https://57vcom.bet,57vcom.bet,0.9,strong:live dealer|strong:register now|medium:casino|medium:slots|medium:sportsbook|medium:betting,2026-08-09T08:19:27Z
https://580vn.bet,580vn.bet,0.8,strong:live dealer|strong:play now|medium:casino|medium:jackpot|medium:wager,2026-08-09T08:19:39Z
https://580vn.bet,580vn.bet,0.8,strong:live dealer|strong:play now|medium:casino|medium:jackpot|medium:wager,2026-08-09T08:19:39Z
https://588fdb.bet,588fdb.bet,0.75,strong:live dealer|strong:play now|medium:casino|medium:slots|medium:jackpot|medium:betting|negative:how to play,2026-08-09T08:21:21Z
https://588fdb.bet,588fdb.bet,1.0,strong:free spins|strong:live dealer|strong:play now|medium:casino|medium:slots|medium:jackpot|medium:wager|medium:betting|negative:how to play,2026-08-09T08:21:22Z
https://588jl.bet,588jl.bet,1.0,strong:deposit bonus|strong:free spins|strong:live dealer|strong:register now|medium:casino|medium:slots|medium:poker|medium:jackpot|medium:betting,2026-08-09T08:21:24Z
https://588jl.bet,588jl.bet,1.0,strong:deposit bonus|strong:live dealer|strong:register now|medium:casino|medium:slots|medium:poker|medium:betting,2026-08-09T08:21:24Z
https://588jili.bet,588jili.bet,0.8,strong:live dealer|strong:register now|medium:casino|medium:slots|medium:betting,2026-08-09T08:21:24Z
https://588jili.bet,588jili.bet,0.8,strong:live dealer|strong:register now|medium:casino|medium:slots|medium:betting,2026-08-09T08:21:24Z
https://588wen.bet,588wen.bet,1.0,strong:deposit bonus|strong:live dealer|strong:play now|strong:cashier|medium:casino|medium:slots|medium:poker|medium:sportsbook|medium:jackpot|medium:wager|medium:betting,2026-08-09T08:21:27Z
https://588wen.bet,588wen.bet,1.0,strong:deposit bonus|strong:live dealer|strong:play now|strong:cashier|medium:casino|medium:slots|medium:poker|medium:sportsbook|medium:jackpot|medium:wager|medium:betting,2026-08-09T08:21:27Z
https://58com.bet,58com.bet,1.0,strong:deposit bonus|strong:free spins|strong:place a bet|strong:live dealer|strong:claim bonus|strong:cashier|medium:casino|medium:slots|medium:sportsbook|medium:jackpot|medium:wager|medium:betting|structural:responsible gambling|structural:age verification,2026-08-09T08:21:44Z
https://58com.bet,58com.bet,1.0,strong:deposit bonus|strong:free spins|strong:place a bet|strong:live dealer|strong:claim bonus|strong:cashier|medium:casino|medium:slots|medium:sportsbook|medium:jackpot|medium:wager|medium:betting|structural:responsible gambling|structural:age verification,2026-08-09T08:21:44Z
https://58mla.bet,58mla.bet,1.0,strong:deposit bonus|strong:free spins|strong:live dealer|medium:casino|medium:jackpot|medium:wager,2026-08-09T08:22:08Z
https://58mla.bet,58mla.bet,1.0,strong:deposit bonus|strong:free spins|strong:live dealer|medium:casino|medium:jackpot|medium:wager,2026-08-09T08:22:08Z
https://58pp.bet,58pp.bet,1.0,strong:deposit bonus|strong:free spins|strong:sign up now|medium:casino|medium:slots|medium:poker,2026-08-09T08:22:10Z
https://58pp.bet,58pp.bet,1.0,strong:deposit bonus|strong:free spins|strong:sign up now|medium:casino|medium:slots|medium:poker,2026-08-09T08:22:10Z
https://58slotoro291.bet,58slotoro291.bet,1.0,strong:deposit bonus|strong:free spins|strong:live dealer|strong:cashier|strong:bet slip|medium:casino|medium:slots|medium:poker|medium:sportsbook|medium:jackpot|medium:wager|medium:betting|structural:gambleaware|structural:responsible gambling|negative:app store,2026-08-09T08:22:11Z
https://58slotoro291.bet,58slotoro291.bet,1.0,strong:deposit bonus|strong:free spins|strong:live dealer|strong:cashier|strong:bet slip|medium:casino|medium:slots|medium:poker|medium:sportsbook|medium:jackpot|medium:wager|medium:betting|structural:gambleaware|structural:responsible gambling|negative:app store,2026-08-09T08:22:12Z
https://5911.bet,5911.bet,1.0,strong:live dealer|strong:register now|strong:sign up now|medium:casino|medium:slots|medium:poker|medium:jackpot|medium:betting,2026-08-09T08:22:56Z
https://5916.bet,5916.bet,1.0,strong:free spins|strong:live dealer|strong:register now|strong:sign up now|medium:casino|medium:slots|medium:poker|medium:jackpot|medium:wager|medium:betting,2026-08-09T08:22:56Z
https://5916.bet,5916.bet,1.0,strong:free spins|strong:live dealer|strong:register now|strong:sign up now|medium:casino|medium:slots|medium:poker|medium:jackpot|medium:wager|medium:betting,2026-08-09T08:22:59Z
https://5920.bet,5920.bet,1.0,strong:live dealer|strong:register now|strong:sign up now|medium:casino|medium:slots|medium:jackpot|medium:wager|medium:betting|structural:responsible gambling|structural:age verification,2026-08-09T08:22:59Z
https://5920.bet,5920.bet,1.0,strong:live dealer|strong:register now|strong:sign up now|medium:casino|medium:slots|medium:jackpot|medium:wager|medium:betting|structural:responsible gambling|structural:age verification,2026-08-09T08:22:59Z
https://5929.bet,5929.bet,1.0,strong:deposit bonus|strong:free spins|strong:withdraw winnings|strong:register now|strong:bet slip|medium:casino|medium:slots|medium:poker|medium:jackpot|medium:wager|medium:betting,2026-08-09T08:23:01Z
https://5929.bet,5929.bet,1.0,strong:deposit bonus|strong:free spins|strong:withdraw winnings|strong:register now|strong:bet slip|medium:casino|medium:slots|medium:poker|medium:jackpot|medium:wager|medium:betting,2026-08-09T08:23:01Z
https://5999be.bet,5999be.bet,1.0,strong:free spins|strong:live dealer|strong:claim bonus|medium:casino|medium:slots|medium:wager|medium:betting|structural:18+|structural:age verification,2026-08-09T08:24:10Z
https://5999be.bet,5999be.bet,1.0,strong:free spins|strong:live dealer|strong:claim bonus|medium:casino|medium:slots|medium:wager|medium:betting|structural:18+|structural:age verification,2026-08-09T08:24:12Z
https://599bed.bet,599bed.bet,0.8,strong:live dealer|strong:play now|medium:casino|medium:slots|medium:betting,2026-08-09T08:24:16Z
https://599bed.bet,599bed.bet,1.0,strong:deposit bonus|strong:live dealer|strong:claim bonus|strong:play now|strong:cashier|medium:casino|medium:slots|medium:wager|medium:betting|structural:responsible gambling|structural:age verification,2026-08-09T08:24:16Z
https://599jili.bet,599jili.bet,0.95,strong:free spins|strong:live dealer|strong:claim bonus|medium:casino|medium:slots,2026-08-09T08:24:16Z
https://599jili.bet,599jili.bet,1.0,strong:free spins|strong:live dealer|strong:claim bonus|medium:casino|medium:slots|medium:betting|structural:18+,2026-08-09T08:24:17Z
https://59jili.bet,59jili.bet,0.8,strong:live dealer|strong:register now|medium:casino|medium:slots|medium:betting,2026-08-09T08:24:22Z
https://59ph.bet,59ph.bet,1.0,strong:deposit bonus|strong:free spins|strong:sign up now|medium:casino|medium:slots|medium:poker,2026-08-09T08:24:24Z
https://59ph.bet,59ph.bet,1.0,strong:deposit bonus|strong:free spins|strong:sign up now|medium:casino|medium:slots|medium:poker,2026-08-09T08:24:24Z
https://5bmwlogin.bet,5bmwlogin.bet,0.9,strong:live dealer|strong:register now|medium:casino|medium:slots|medium:wager|medium:betting,2026-08-09T08:24:39Z
https://5bmwlogin.bet,5bmwlogin.bet,0.9,strong:live dealer|strong:register now|medium:casino|medium:slots|medium:wager|medium:betting,2026-08-09T08:24:41Z
https://5c7777.bet,5c7777.bet,1.0,strong:deposit bonus|strong:free spins|strong:live dealer|strong:withdraw winnings|strong:play now|medium:casino|medium:slots|medium:jackpot|medium:wager|medium:betting,2026-08-09T08:24:42Z
https://5ct.bet,5ct.bet,1.0,strong:live dealer|strong:register now|strong:bet slip|medium:casino|medium:slots|medium:poker|medium:sportsbook|medium:jackpot|medium:wager|medium:betting,2026-08-09T08:24:43Z
https://5gringos-au.bet,5gringos-au.bet,1.0,strong:free spins|strong:live dealer|strong:ukgc|strong:curacao egaming|medium:casino|medium:slots|medium:poker|medium:jackpot|medium:wager,2026-08-09T08:25:15Z
https://5gringos-au.bet,5gringos-au.bet,0.8,strong:free spins|strong:curacao egaming|medium:casino|medium:poker|medium:jackpot,2026-08-09T08:25:15Z
https://5gringos-casino.bet,5gringos-casino.bet,1.0,strong:deposit bonus|strong:free spins|strong:live dealer|strong:curaçao egaming|strong:curacao egaming|medium:casino|medium:slots|medium:poker|medium:wager|structural:responsible gambling,2026-08-09T08:25:16Z
https://5in1.bet,5in1.bet,1.0,strong:deposit bonus|strong:free spins|strong:live dealer|strong:register now|medium:casino|medium:slots|medium:sportsbook|medium:jackpot|medium:wager|medium:betting,2026-08-09T08:25:32Z
https://5in1.bet,5in1.bet,1.0,strong:deposit bonus|strong:free spins|strong:live dealer|strong:register now|medium:casino|medium:slots|medium:sportsbook|medium:jackpot|medium:wager|medium:betting,2026-08-09T08:25:32Z
https://5lionsmegaways.bet,5lionsmegaways.bet,1.0,strong:deposit bonus|strong:free spins|strong:cashier|strong:ukgc|medium:casino|medium:slots|medium:jackpot|medium:wager|structural:responsible gambling|negative:how to play|negative:app store|negative:google play,2026-08-09T08:25:51Z
https://5lions.bet,5lions.bet,1.0,strong:free spins|strong:live dealer|medium:casino|medium:slots|medium:poker|medium:jackpot|medium:wager|medium:betting,2026-08-09T08:25:54Z
https://5mods.bet,5mods.bet,0.9,strong:free spins|strong:live dealer|medium:casino|medium:slots|medium:jackpot|medium:wager,2026-08-09T08:25:58Z
https://5rgame.bet,5rgame.bet,1.0,strong:live dealer|strong:cashier|medium:casino|medium:slots|medium:sportsbook|medium:jackpot|medium:wager|medium:betting|structural:responsible gambling,2026-08-09T08:26:42Z
https://5rgame.bet,5rgame.bet,1.0,strong:live dealer|strong:cashier|medium:casino|medium:slots|medium:sportsbook|medium:jackpot|medium:wager|medium:betting|structural:responsible gambling,2026-08-09T08:26:42Z
https://5xgame.bet,5xgame.bet,1.0,strong:free spins|strong:live dealer|strong:claim bonus|medium:casino|medium:slots|medium:poker|medium:jackpot|medium:betting|structural:18+,2026-08-09T08:27:19Z
https://6012.bet,6012.bet,1.0,strong:live dealer|strong:withdraw winnings|strong:register now|medium:casino|medium:slots|medium:jackpot|medium:wager|medium:betting,2026-08-09T08:27:57Z
https://6012.bet,6012.bet,1.0,strong:live dealer|strong:withdraw winnings|strong:register now|medium:casino|medium:slots|medium:jackpot|medium:wager|medium:betting,2026-08-09T08:27:58Z
https://6014.bet,6014.bet,1.0,strong:live dealer|strong:register now|strong:play now|medium:casino|medium:slots|medium:poker|medium:jackpot|medium:wager|medium:betting,2026-08-09T08:27:59Z
https://6038.bet,6038.bet,1.0,strong:free spins|strong:place a bet|strong:live dealer|strong:register now|strong:sign up now|medium:casino|medium:slots|medium:poker|medium:jackpot|medium:wager|medium:betting|structural:age verification,2026-08-09T08:28:02Z
https://6038.bet,6038.bet,1.0,strong:free spins|strong:place a bet|strong:live dealer|strong:register now|strong:sign up now|medium:casino|medium:slots|medium:poker|medium:jackpot|medium:wager|medium:betting|structural:age verification,2026-08-09T08:28:02Z
https://6057.bet,6057.bet,1.0,strong:live dealer|strong:register now|medium:casino|medium:slots|medium:poker|medium:jackpot|medium:wager|medium:betting,2026-08-09T08:28:04Z
https://6059.bet,6059.bet,1.0,strong:live dealer|strong:register now|medium:casino|medium:slots|medium:poker|medium:jackpot|medium:wager|medium:betting,2026-08-09T08:28:04Z
https://6057.bet,6057.bet,1.0,strong:live dealer|strong:register now|medium:casino|medium:slots|medium:poker|medium:jackpot|medium:wager|medium:betting,2026-08-09T08:28:05Z
https://6091.bet,6091.bet,1.0,strong:live dealer|strong:register now|medium:casino|medium:sportsbook|medium:jackpot|medium:wager|medium:betting,2026-08-09T08:28:18Z
https://6091.bet,6091.bet,1.0,strong:live dealer|strong:register now|medium:casino|medium:sportsbook|medium:jackpot|medium:wager|medium:betting,2026-08-09T08:28:19Z
https://6096.bet,6096.bet,1.0,strong:live dealer|strong:register now|medium:casino|medium:slots|medium:poker|medium:jackpot|medium:betting,2026-08-09T08:28:19Z
https://6096.bet,6096.bet,1.0,strong:live dealer|strong:register now|medium:casino|medium:slots|medium:poker|medium:jackpot|medium:betting,2026-08-09T08:28:20Z
https://6093.bet,6093.bet,1.0,strong:free spins|strong:live dealer|strong:register now|medium:casino|medium:slots|medium:poker|medium:sportsbook|medium:jackpot|medium:wager|medium:betting,2026-08-09T08:28:21Z
https://60x.bet,60x.bet,1.0,strong:free spins|strong:live dealer|medium:casino|medium:slots|medium:jackpot|medium:wager|medium:betting,2026-08-09T08:28:31Z
https://60x.bet,60x.bet,1.0,strong:free spins|strong:live dealer|strong:register now|medium:casino|medium:slots|medium:poker|medium:jackpot|medium:wager|medium:betting,2026-08-09T08:28:33Z
https://6113.bet,6113.bet,1.0,strong:free spins|strong:live dealer|strong:register now|medium:casino|medium:slots|medium:poker|medium:sportsbook|medium:jackpot|medium:wager|medium:betting,2026-08-09T08:28:39Z
https://6113.bet,6113.bet,1.0,strong:free spins|strong:live dealer|strong:register now|medium:casino|medium:slots|medium:poker|medium:sportsbook|medium:jackpot|medium:wager|medium:betting,2026-08-09T08:28:39Z
https://6122.bet,6122.bet,1.0,strong:free spins|strong:live dealer|strong:register now|strong:bet slip|medium:casino|medium:slots|medium:poker|medium:jackpot|medium:wager|medium:betting,2026-08-09T08:28:42Z
https://6130.bet,6130.bet,1.0,strong:live dealer|strong:register now|strong:claim bonus|medium:casino|medium:slots|medium:betting,2026-08-09T08:28:44Z
https://6130.bet,6130.bet,1.0,strong:live dealer|strong:register now|strong:claim bonus|medium:casino|medium:slots|medium:betting,2026-08-09T08:28:44Z
https://6140.bet,6140.bet,1.0,strong:free spins|strong:live dealer|strong:register now|medium:casino|medium:slots|medium:jackpot|medium:wager|medium:betting,2026-08-09T08:28:48Z
https://6140.bet,6140.bet,1.0,strong:free spins|strong:live dealer|strong:register now|medium:casino|medium:slots|medium:jackpot|medium:wager|medium:betting,2026-08-09T08:28:48Z
https://61508.bet,61508.bet,1.0,strong:live dealer|strong:register now|medium:casino|medium:slots|medium:poker|medium:jackpot|medium:wager|medium:betting,2026-08-09T08:28:49Z
https://61508.bet,61508.bet,1.0,strong:live dealer|strong:register now|medium:casino|medium:slots|medium:poker|medium:jackpot|medium:wager|medium:betting,2026-08-09T08:28:50Z
https://6162.bet,6162.bet,1.0,strong:live dealer|strong:register now|medium:casino|medium:slots|medium:poker|medium:sportsbook|medium:jackpot|medium:wager|medium:betting,2026-08-09T08:28:54Z
https://616jili.bet,616jili.bet,0.9,strong:live dealer|strong:register now|medium:casino|medium:slots|medium:poker|medium:betting,2026-08-09T08:29:06Z
https://6174.bet,6174.bet,1.0,strong:live dealer|strong:withdraw winnings|strong:register now|medium:casino|medium:slots|medium:poker|medium:jackpot|medium:wager|medium:betting|structural:18+|structural:age verification,2026-08-09T08:29:09Z
https://617slotoro.bet,617slotoro.bet,1.0,strong:deposit bonus|strong:free spins|strong:live dealer|strong:cashier|strong:bet slip|medium:casino|medium:slots|medium:poker|medium:sportsbook|medium:jackpot|medium:wager|medium:betting|structural:gambleaware|structural:responsible gambling|negative:app store,2026-08-09T08:29:20Z
https://61jl.bet,61jl.bet,0.8,strong:live dealer|strong:register now|medium:casino|medium:slots|medium:betting,2026-08-09T08:29:55Z
https://61jl.bet,61jl.bet,0.8,strong:live dealer|strong:register now|medium:casino|medium:slots|medium:betting,2026-08-09T08:29:55Z
https://61jl11.bet,61jl11.bet,1.0,strong:free spins|strong:place a bet|strong:live dealer|strong:register now|medium:casino|medium:slots|medium:sportsbook|medium:betting,2026-08-09T08:29:56Z
https://61jl11.bet,61jl11.bet,0.9,strong:place a bet|strong:live dealer|medium:casino|medium:slots|medium:sportsbook|medium:betting,2026-08-09T08:29:59Z
https://6232.bet,6232.bet,1.0,strong:live dealer|strong:register now|medium:casino|medium:slots|medium:poker|medium:jackpot|medium:wager|medium:betting,2026-08-09T08:30:18Z
https://6232.bet,6232.bet,1.0,strong:live dealer|strong:register now|medium:casino|medium:slots|medium:poker|medium:jackpot|medium:wager|medium:betting,2026-08-09T08:30:18Z
https://6238.bet,6238.bet,1.0,strong:deposit bonus|strong:free spins|strong:live dealer|strong:register now|medium:casino|medium:slots|medium:sportsbook|medium:jackpot|medium:wager|medium:betting,2026-08-09T08:30:18Z
https://6238.bet,6238.bet,1.0,strong:deposit bonus|strong:free spins|strong:live dealer|strong:register now|medium:casino|medium:slots|medium:sportsbook|medium:jackpot|medium:wager|medium:betting,2026-08-09T08:30:18Z
https://6252.bet,6252.bet,1.0,strong:live dealer|strong:register now|medium:casino|medium:slots|medium:poker|medium:jackpot|medium:wager|medium:betting,2026-08-09T08:30:18Z
https://6278.bet,6278.bet,1.0,strong:deposit bonus|strong:free spins|strong:live dealer|strong:register now|medium:casino|medium:slots|medium:jackpot|medium:wager|medium:betting,2026-08-09T08:30:50Z
https://6278.bet,6278.bet,1.0,strong:deposit bonus|strong:free spins|strong:live dealer|strong:register now|medium:casino|medium:slots|medium:jackpot|medium:wager|medium:betting,2026-08-09T08:30:50Z
https://6270.bet,6270.bet,1.0,strong:live dealer|strong:register now|medium:casino|medium:slots|medium:poker|medium:jackpot|medium:wager|medium:betting|structural:age verification,2026-08-09T08:30:50Z
https://6281.bet,6281.bet,1.0,strong:deposit bonus|strong:free spins|strong:register now|medium:casino|medium:slots|medium:jackpot|medium:wager|medium:betting,2026-08-09T08:30:50Z
https://6290.bet,6290.bet,1.0,strong:live dealer|strong:bet slip|medium:casino|medium:slots|medium:poker|medium:sportsbook|medium:jackpot|medium:wager|medium:betting,2026-08-09T08:31:01Z
https://6290.bet,6290.bet,1.0,strong:live dealer|strong:bet slip|medium:casino|medium:slots|medium:poker|medium:sportsbook|medium:jackpot|medium:wager|medium:betting,2026-08-09T08:31:01Z
https://6270.bet,6270.bet,1.0,strong:live dealer|strong:register now|medium:casino|medium:slots|medium:poker|medium:jackpot|medium:wager|medium:betting|structural:age verification,2026-08-09T08:31:01Z
https://62jl.bet,62jl.bet,1.0,strong:deposit bonus|strong:live dealer|medium:casino|medium:slots|medium:poker|medium:wager|medium:betting,2026-08-09T08:31:37Z
https://6303.bet,6303.bet,1.0,strong:free spins|strong:live dealer|strong:register now|medium:casino|medium:slots|medium:poker|medium:jackpot|medium:wager|medium:betting,2026-08-09T08:31:41Z
https://6303.bet,6303.bet,1.0,strong:free spins|strong:live dealer|strong:register now|medium:casino|medium:slots|medium:poker|medium:jackpot|medium:wager|medium:betting,2026-08-09T08:31:41Z
https://6318.bet,6318.bet,1.0,strong:deposit bonus|strong:free spins|strong:live dealer|strong:register now|strong:bet slip|medium:casino|medium:slots|medium:poker|medium:sportsbook|medium:jackpot|medium:wager|medium:betting|negative:how to play,2026-08-09T08:31:42Z
https://6318.bet,6318.bet,1.0,strong:deposit bonus|strong:free spins|strong:live dealer|strong:register now|strong:bet slip|medium:casino|medium:slots|medium:poker|medium:sportsbook|medium:jackpot|medium:wager|medium:betting|negative:how to play,2026-08-09T08:31:42Z
https://6333bat.bet,6333bat.bet,1.0,strong:deposit bonus|strong:free spins|strong:live dealer|strong:cashier|medium:casino|medium:slots|medium:poker|medium:sportsbook|medium:jackpot|medium:wager|medium:betting|structural:18+|structural:responsible gambling|structural:age verification,2026-08-09T08:31:42Z
https://6333bat.bet,6333bat.bet,1.0,strong:deposit bonus|strong:free spins|strong:live dealer|strong:cashier|medium:casino|medium:slots|medium:poker|medium:sportsbook|medium:jackpot|medium:wager|medium:betting|structural:18+|structural:responsible gambling|structural:age verification,2026-08-09T08:31:42Z
https://6353.bet,6353.bet,1.0,strong:deposit bonus|strong:free spins|strong:live dealer|strong:register now|medium:casino|medium:slots|medium:poker|medium:jackpot|medium:wager|medium:betting,2026-08-09T08:31:52Z
https://6353.bet,6353.bet,1.0,strong:deposit bonus|strong:free spins|strong:live dealer|strong:register now|medium:casino|medium:slots|medium:poker|medium:jackpot|medium:wager|medium:betting,2026-08-09T08:31:52Z
https://63hot.bet,63hot.bet,1.0,strong:deposit bonus|strong:free spins|strong:sign up now|medium:casino|medium:slots|medium:poker,2026-08-09T08:32:04Z
https://63php.bet,63php.bet,1.0,strong:deposit bonus|strong:free spins|strong:sign up now|medium:casino|medium:slots|medium:poker,2026-08-09T08:32:13Z
https://63jl.bet,63jl.bet,0.8,strong:live dealer|strong:register now|medium:casino|medium:slots|medium:betting,2026-08-09T08:32:18Z
https://6410.bet,6410.bet,1.0,strong:free spins|strong:register now|medium:casino|medium:slots|medium:poker|medium:jackpot|medium:wager|medium:betting,2026-08-09T08:32:37Z
https://6456.bet,6456.bet,1.0,strong:free spins|strong:live dealer|strong:register now|medium:casino|medium:slots|medium:poker|medium:sportsbook|medium:jackpot|medium:wager|medium:betting,2026-08-09T08:32:43Z
https://6456.bet,6456.bet,1.0,strong:free spins|strong:live dealer|strong:register now|medium:casino|medium:slots|medium:poker|medium:sportsbook|medium:jackpot|medium:wager|medium:betting,2026-08-09T08:32:43Z
https://6488.bet,6488.bet,1.0,strong:live dealer|strong:register now|medium:casino|medium:slots|medium:poker|medium:jackpot|medium:wager|medium:betting|structural:age verification,2026-08-09T08:32:48Z
https://6488.bet,6488.bet,1.0,strong:live dealer|strong:register now|medium:casino|medium:slots|medium:poker|medium:jackpot|medium:wager|medium:betting|structural:age verification,2026-08-09T08:32:48Z
https://6505.bet,6505.bet,1.0,strong:live dealer|strong:register now|medium:casino|medium:slots|medium:poker|medium:jackpot|medium:wager|medium:betting|structural:18+,2026-08-09T08:33:02Z
https://6505.bet,6505.bet,1.0,strong:live dealer|strong:register now|medium:casino|medium:slots|medium:poker|medium:jackpot|medium:wager|medium:betting|structural:18+,2026-08-09T08:33:02Z
https://6512.bet,6512.bet,1.0,strong:live dealer|strong:register now|medium:casino|medium:slots|medium:poker|medium:jackpot|medium:wager|medium:betting|structural:18+,2026-08-09T08:33:16Z
https://6512.bet,6512.bet,1.0,strong:live dealer|strong:register now|medium:casino|medium:slots|medium:poker|medium:jackpot|medium:wager|medium:betting|structural:18+,2026-08-09T08:33:16Z
https://6515.bet,6515.bet,1.0,strong:free spins|strong:place a bet|strong:live dealer|strong:register now|medium:casino|medium:slots|medium:poker|medium:jackpot|medium:wager|medium:betting,2026-08-09T08:33:16Z
https://6513.bet,6513.bet,1.0,strong:live dealer|strong:register now|medium:casino|medium:slots|medium:jackpot|medium:wager|medium:betting,2026-08-09T08:33:16Z
https://6515.bet,6515.bet,1.0,strong:free spins|strong:place a bet|strong:live dealer|medium:casino|medium:slots|medium:jackpot|medium:wager|medium:betting,2026-08-09T08:33:17Z
https://6513.bet,6513.bet,1.0,strong:live dealer|strong:register now|medium:casino|medium:slots|medium:jackpot|medium:wager|medium:betting,2026-08-09T08:33:17Z
https://6558.bet,6558.bet,1.0,strong:free spins|strong:live dealer|strong:register now|medium:casino|medium:slots|medium:poker|medium:jackpot|medium:wager|medium:betting,2026-08-09T08:33:21Z
https://6583.bet,6583.bet,1.0,strong:live dealer|strong:register now|medium:casino|medium:slots|medium:jackpot|medium:wager|medium:betting,2026-08-09T08:33:33Z
https://662bit.bet,662bit.bet,1.0,strong:live dealer|strong:play now|medium:casino|medium:slots|medium:poker|medium:jackpot|medium:wager|medium:betting,2026-08-09T08:35:18Z
https://662bit.bet,662bit.bet,1.0,strong:live dealer|strong:play now|medium:casino|medium:slots|medium:poker|medium:jackpot|medium:wager|medium:betting,2026-08-09T08:35:18Z
https://663bat.bet,663bat.bet,1.0,strong:free spins|strong:live dealer|medium:casino|medium:slots|medium:sportsbook|medium:jackpot|medium:wager|medium:betting,2026-08-09T08:35:23Z
https://663bat.bet,663bat.bet,1.0,strong:free spins|strong:live dealer|medium:casino|medium:slots|medium:sportsbook|medium:jackpot|medium:wager|medium:betting,2026-08-09T08:35:23Z
https://6640.bet,6640.bet,1.0,strong:live dealer|strong:register now|medium:casino|medium:slots|medium:jackpot|medium:wager|medium:betting|structural:18+,2026-08-09T08:35:23Z
https://6640.bet,6640.bet,1.0,strong:live dealer|strong:register now|medium:casino|medium:slots|medium:jackpot|medium:wager|medium:betting|structural:18+,2026-08-09T08:35:23Z
https://6645.bet,6645.bet,1.0,strong:live dealer|strong:register now|medium:casino|medium:slots|medium:poker|medium:jackpot|medium:wager|medium:betting,2026-08-09T08:35:23Z
https://6645.bet,6645.bet,1.0,strong:live dealer|strong:register now|medium:casino|medium:slots|medium:poker|medium:jackpot|medium:wager|medium:betting,2026-08-09T08:35:33Z
https://665bd.bet,665bd.bet,1.0,strong:free spins|strong:live dealer|strong:cashier|medium:casino|medium:slots|medium:jackpot|medium:wager|medium:betting|structural:18+|structural:responsible gambling,2026-08-09T08:35:33Z
https://666abc.bet,666abc.bet,1.0,strong:deposit bonus|strong:free spins|strong:live dealer|strong:claim bonus|strong:play now|medium:casino|medium:slots|medium:poker|medium:jackpot|medium:wager|medium:betting|negative:how to play,2026-08-09T08:36:35Z
https://666abc.bet,666abc.bet,1.0,strong:deposit bonus|strong:free spins|strong:live dealer|strong:claim bonus|strong:play now|medium:casino|medium:slots|medium:poker|medium:jackpot|medium:wager|medium:betting|negative:how to play,2026-08-09T08:36:35Z
https://666ad.bet,666ad.bet,1.0,strong:deposit bonus|strong:free spins|medium:casino|medium:slots|medium:sportsbook|medium:jackpot|medium:wager|medium:betting,2026-08-09T08:36:35Z
https://666bit.bet,666bit.bet,1.0,strong:free spins|strong:live dealer|strong:withdraw winnings|medium:casino|medium:slots|medium:poker|medium:sportsbook|medium:wager|medium:betting|structural:18+,2026-08-09T08:36:45Z
https://666bit.bet,666bit.bet,1.0,strong:free spins|strong:live dealer|strong:withdraw winnings|medium:casino|medium:slots|medium:poker|medium:sportsbook|medium:wager|medium:betting|structural:18+,2026-08-09T08:36:45Z
https://666casino.bet,666casino.bet,1.0,strong:deposit bonus|strong:free spins|strong:live dealer|strong:play now|strong:cashier|strong:mga/|medium:casino|medium:slots|medium:poker|medium:sportsbook|medium:jackpot|medium:wager|medium:betting|structural:18+|structural:responsible gambling,2026-08-09T08:36:49Z
https://666casino.bet,666casino.bet,1.0,strong:deposit bonus|strong:free spins|strong:live dealer|strong:play now|strong:cashier|strong:mga/|medium:casino|medium:slots|medium:poker|medium:sportsbook|medium:jackpot|medium:wager|medium:betting|structural:18+|structural:responsible gambling,2026-08-09T08:36:49Z
https://666det.bet,666det.bet,1.0,strong:free spins|strong:live dealer|strong:play now|medium:casino|medium:slots|medium:poker|medium:sportsbook|medium:jackpot|medium:wager|medium:betting|structural:age verification,2026-08-09T08:36:53Z
https://666det.bet,666det.bet,1.0,strong:free spins|strong:live dealer|strong:play now|medium:casino|medium:slots|medium:poker|medium:sportsbook|medium:jackpot|medium:wager|medium:betting|structural:age verification,2026-08-09T08:36:53Z
https://666cv.bet,666cv.bet,1.0,strong:free spins|strong:live dealer|medium:casino|medium:slots|medium:poker|medium:jackpot|medium:wager|medium:betting|structural:18+|structural:age verification,2026-08-09T08:36:53Z
https://666jili.bet,666jili.bet,1.0,strong:deposit bonus|strong:free spins|strong:sign up now|medium:casino|medium:slots|medium:poker,2026-08-09T08:37:12Z
https://666jili.bet,666jili.bet,1.0,strong:deposit bonus|strong:free spins|strong:sign up now|medium:casino|medium:slots|medium:poker,2026-08-09T08:37:12Z
https://666j.bet,666j.bet,1.0,strong:free spins|strong:live dealer|strong:cashier|strong:bet slip|medium:casino|medium:slots|medium:sportsbook|medium:jackpot|medium:wager|medium:betting,2026-08-09T08:37:12Z
https://666ph.bet,666ph.bet,0.9,strong:live dealer|strong:register now|medium:casino|medium:slots|medium:sportsbook|medium:betting,2026-08-09T08:37:37Z
https://666ph.bet,666ph.bet,0.9,strong:live dealer|strong:register now|medium:casino|medium:slots|medium:sportsbook|medium:betting,2026-08-09T08:37:39Z
https://666ve.bet,666ve.bet,1.0,strong:free spins|strong:live dealer|medium:casino|medium:slots|medium:jackpot|medium:wager|medium:betting|structural:18+|structural:responsible gambling,2026-08-09T08:37:48Z
https://666ve.bet,666ve.bet,1.0,strong:deposit bonus|strong:free spins|strong:live dealer|strong:cashier|medium:casino|medium:slots|medium:poker|medium:jackpot|medium:wager|medium:betting|structural:18+|structural:responsible gambling,2026-08-09T08:37:48Z
https://6673.bet,6673.bet,1.0,strong:deposit bonus|strong:free spins|strong:register now|medium:casino|medium:slots|medium:poker|medium:sportsbook|medium:jackpot|medium:wager|medium:betting,2026-08-09T08:37:55Z
https://6673.bet,6673.bet,1.0,strong:deposit bonus|strong:free spins|strong:register now|medium:casino|medium:slots|medium:poker|medium:sportsbook|medium:jackpot|medium:wager|medium:betting,2026-08-09T08:37:55Z
https://669q.bet,669q.bet,0.95,strong:free spins|strong:live dealer|medium:casino|medium:slots|medium:betting|structural:18+,2026-08-09T08:38:42Z
https://669q.bet,669q.bet,0.95,strong:free spins|strong:live dealer|medium:casino|medium:slots|medium:betting|structural:18+,2026-08-09T08:38:42Z
https://66c54.bet,66c54.bet,0.9,strong:free spins|strong:live dealer|medium:casino|medium:jackpot|medium:wager|medium:betting,2026-08-09T08:39:03Z
https://66f999.bet,66f999.bet,1.0,strong:free spins|strong:live dealer|strong:play now|medium:casino|medium:slots|medium:poker|medium:jackpot|medium:wager|medium:betting|structural:age verification,2026-08-09T08:39:15Z
https://66f2.bet,66f2.bet,0.9,strong:free spins|strong:live dealer|medium:casino|medium:jackpot|medium:wager|medium:betting,2026-08-09T08:39:16Z
https://66f2.bet,66f2.bet,0.9,strong:free spins|strong:live dealer|medium:casino|medium:jackpot|medium:wager|medium:betting,2026-08-09T08:39:16Z
https://66jili.bet,66jili.bet,0.8,strong:live dealer|strong:register now|medium:casino|medium:slots|medium:betting,2026-08-09T08:39:42Z
https://66jili.bet,66jili.bet,0.8,strong:live dealer|strong:register now|medium:casino|medium:slots|medium:betting,2026-08-09T08:39:42Z
https://66zzcasino.bet,66zzcasino.bet,0.8,strong:live dealer|strong:register now|medium:casino|medium:slots|medium:betting,2026-08-09T08:40:57Z
https://6706.bet,6706.bet,1.0,strong:live dealer|strong:register now|medium:casino|medium:slots|medium:poker|medium:jackpot|medium:wager|medium:betting,2026-08-09T08:41:00Z
https://6777bdt.bet,6777bdt.bet,0.95,strong:place a bet|strong:cashier|medium:casino|medium:slots|medium:betting|structural:18+,2026-08-09T08:41:31Z
https://6777bdt.bet,6777bdt.bet,0.95,strong:place a bet|strong:cashier|medium:casino|medium:slots|medium:betting|structural:18+,2026-08-09T08:41:31Z
https://6777be.bet,6777be.bet,1.0,strong:free spins|strong:live dealer|strong:play now|strong:cashier|medium:casino|medium:slots|medium:poker|medium:sportsbook|medium:jackpot|medium:wager|medium:betting|negative:how to play,2026-08-09T08:41:31Z
https://6777be.bet,6777be.bet,1.0,strong:free spins|strong:live dealer|strong:play now|strong:cashier|medium:casino|medium:slots|medium:poker|medium:sportsbook|medium:jackpot|medium:wager|medium:betting|negative:how to play,2026-08-09T08:41:31Z
https://6777com.bet,6777com.bet,1.0,strong:free spins|strong:live dealer|medium:casino|medium:slots|medium:poker|medium:jackpot|medium:wager|medium:betting|structural:18+|structural:age verification,2026-08-09T08:41:38Z
https://6777com.bet,6777com.bet,1.0,strong:free spins|strong:live dealer|medium:casino|medium:slots|medium:poker|medium:jackpot|medium:wager|medium:betting|structural:18+|structural:age verification,2026-08-09T08:41:38Z
https://678com.bet,678com.bet,1.0,strong:free spins|strong:live dealer|strong:claim bonus|strong:play now|medium:casino|medium:slots|medium:poker|medium:sportsbook|medium:jackpot|medium:wager|medium:betting|negative:how to play,2026-08-09T08:42:15Z
https://678com.bet,678com.bet,1.0,strong:free spins|strong:live dealer|strong:claim bonus|strong:play now|medium:casino|medium:slots|medium:poker|medium:sportsbook|medium:jackpot|medium:wager|medium:betting|negative:how to play,2026-08-09T08:42:15Z
https://678ok.bet,678ok.bet,0.9,strong:free spins|strong:live dealer|medium:casino|medium:poker|medium:jackpot|medium:wager,2026-08-09T08:42:21Z
https://687bat.bet,687bat.bet,1.0,strong:free spins|strong:live dealer|strong:play now|medium:casino|medium:slots|medium:jackpot|medium:betting|structural:18+,2026-08-09T08:43:39Z
https://6890.bet,6890.bet,1.0,strong:live dealer|strong:register now|medium:casino|medium:slots|medium:poker|medium:jackpot|medium:wager|medium:betting|structural:responsible gambling|structural:age verification,2026-08-09T08:44:40Z
https://6899.bet,6899.bet,1.0,strong:deposit bonus|strong:free spins|strong:live dealer|strong:register now|strong:sign up now|medium:casino|medium:slots|medium:poker|medium:jackpot|medium:wager|medium:betting,2026-08-09T08:44:41Z
https://68wincom.bet,68wincom.bet,0.8,strong:live dealer|strong:cashier|medium:casino|medium:slots|medium:sportsbook,2026-08-09T08:45:26Z
https://68wincom.bet,68wincom.bet,0.8,strong:live dealer|strong:cashier|medium:casino|medium:slots|medium:sportsbook,2026-08-09T08:45:26Z
https://6910.bet,6910.bet,1.0,strong:live dealer|strong:register now|medium:casino|medium:slots|medium:poker|medium:jackpot|medium:wager|medium:betting|structural:age verification,2026-08-09T08:45:35Z
https://6910.bet,6910.bet,1.0,strong:live dealer|strong:register now|medium:casino|medium:slots|medium:poker|medium:jackpot|medium:wager|medium:betting|structural:age verification,2026-08-09T08:45:35Z
https://6944.bet,6944.bet,1.0,strong:free spins|strong:live dealer|strong:register now|strong:play now|medium:casino|medium:slots|medium:poker|medium:jackpot|medium:wager|medium:betting,2026-08-09T08:45:39Z
https://6999bd.bet,6999bd.bet,1.0,strong:deposit bonus|strong:free spins|strong:play now|medium:casino|medium:slots|medium:jackpot|medium:wager|medium:betting|structural:18+|structural:age verification,2026-08-09T08:45:57Z
https://6999bd.bet,6999bd.bet,1.0,strong:deposit bonus|strong:free spins|strong:play now|medium:casino|medium:slots|medium:jackpot|medium:wager|medium:betting|structural:18+|structural:age verification,2026-08-09T08:45:57Z
https://69pkr.bet,69pkr.bet,1.0,strong:free spins|strong:live dealer|strong:withdraw winnings|strong:play now|strong:cashier|medium:casino|medium:slots|medium:sportsbook|medium:jackpot|medium:wager|medium:betting|structural:responsible gambling|structural:age verification,2026-08-09T08:46:23Z
https://69pkr.bet,69pkr.bet,1.0,strong:free spins|strong:live dealer|strong:withdraw winnings|strong:play now|strong:cashier|medium:casino|medium:slots|medium:sportsbook|medium:jackpot|medium:wager|medium:betting|structural:responsible gambling|structural:age verification,2026-08-09T08:46:23Z
https://69vi.bet,69vi.bet,0.9,strong:free spins|strong:live dealer|medium:casino|medium:sportsbook|medium:jackpot|medium:betting,2026-08-09T08:46:28Z
https://69vi.bet,69vi.bet,0.9,strong:free spins|strong:live dealer|medium:casino|medium:sportsbook|medium:jackpot|medium:betting,2026-08-09T08:46:28Z
https://6c2.bet,6c2.bet,0.9,strong:free spins|strong:register now|medium:casino|medium:slots|medium:wager|medium:betting,2026-08-09T08:47:09Z
https://6c2.bet,6c2.bet,0.9,strong:free spins|strong:register now|medium:casino|medium:slots|medium:wager|medium:betting,2026-08-09T08:47:09Z
https://6digit.bet,6digit.bet,0.9,strong:live dealer|strong:register now|medium:casino|medium:slots|medium:sportsbook|medium:betting,2026-08-09T08:47:22Z
https://6digit.bet,6digit.bet,0.9,strong:live dealer|strong:register now|medium:casino|medium:slots|medium:sportsbook|medium:betting,2026-08-09T08:47:22Z
https://6egame.bet,6egame.bet,1.0,strong:free spins|strong:live dealer|strong:withdraw winnings|strong:play now|medium:casino|medium:slots|medium:sportsbook|medium:jackpot|medium:wager|medium:betting|structural:age verification,2026-08-09T08:47:25Z
https://6l6666.bet,6l6666.bet,1.0,strong:free spins|strong:live dealer|strong:play now|medium:casino|medium:slots|medium:poker|medium:jackpot|medium:betting|negative:how to play,2026-08-09T08:48:17Z
https://6sapp.bet,6sapp.bet,0.85,strong:live dealer|strong:register now|medium:casino|medium:slots|medium:sportsbook|medium:jackpot|medium:betting|negative:app store,2026-08-09T08:49:10Z
https://6six6s.bet,6six6s.bet,1.0,strong:free spins|strong:live dealer|strong:play now|medium:casino|medium:slots|medium:jackpot|medium:wager|medium:betting|structural:responsible gambling,2026-08-09T08:49:13Z
https://6slotoro42.bet,6slotoro42.bet,1.0,strong:deposit bonus|strong:free spins|strong:live dealer|strong:cashier|strong:bet slip|medium:casino|medium:slots|medium:poker|medium:sportsbook|medium:jackpot|medium:wager|medium:betting|structural:gambleaware|structural:responsible gambling|negative:app store,2026-08-09T08:49:16Z
https://6v999.bet,6v999.bet,1.0,strong:claim bonus|strong:bet slip|medium:casino|medium:slots|medium:poker|medium:sportsbook|medium:wager|medium:betting|structural:18+,2026-08-09T08:49:34Z
https://6zzz.bet,6zzz.bet,0.85,strong:live dealer|strong:register now|medium:casino|medium:betting|structural:18+,2026-08-09T08:49:56Z
https://6zzz.bet,6zzz.bet,0.85,strong:live dealer|strong:register now|medium:casino|medium:betting|structural:18+,2026-08-09T08:49:56Z
https://7000bde.bet,7000bde.bet,1.0,strong:free spins|strong:live dealer|strong:claim bonus|strong:play now|medium:casino|medium:slots|medium:jackpot|medium:wager|medium:betting|structural:18+,2026-08-09T08:50:12Z
https://7000bde.bet,7000bde.bet,1.0,strong:free spins|strong:live dealer|strong:claim bonus|strong:play now|medium:casino|medium:slots|medium:jackpot|medium:wager|medium:betting|structural:18+,2026-08-09T08:50:12Z
https://7000bk.bet,7000bk.bet,1.0,strong:free spins|strong:live dealer|strong:play now|medium:casino|medium:slots|medium:poker|medium:jackpot|medium:wager|medium:betting|structural:age verification|negative:how to play,2026-08-09T08:50:19Z
https://7000bk.bet,7000bk.bet,1.0,strong:free spins|strong:live dealer|strong:play now|medium:casino|medium:slots|medium:poker|medium:jackpot|medium:wager|medium:betting|structural:age verification|negative:how to play,2026-08-09T08:50:19Z
https://7003.bet,7003.bet,1.0,strong:deposit bonus|strong:register now|medium:casino|medium:slots|medium:poker|medium:jackpot|medium:betting|structural:18+|structural:age verification,2026-08-09T08:50:21Z
https://700d.bet,700d.bet,1.0,strong:live dealer|strong:register now|medium:casino|medium:slots|medium:poker|medium:jackpot|medium:wager|medium:betting,2026-08-09T08:50:27Z
https://700det.bet,700det.bet,1.0,strong:free spins|strong:live dealer|strong:play now|strong:cashier|medium:casino|medium:slots|medium:sportsbook|medium:jackpot|medium:wager|medium:betting|structural:18+,2026-08-09T08:50:28Z
https://700det.bet,700det.bet,1.0,strong:free spins|strong:live dealer|strong:play now|strong:cashier|medium:casino|medium:slots|medium:sportsbook|medium:jackpot|medium:wager|medium:betting|structural:18+,2026-08-09T08:50:29Z
https://7013.bet,7013.bet,1.0,strong:live dealer|strong:register now|medium:casino|medium:slots|medium:poker|medium:jackpot|medium:wager|medium:betting,2026-08-09T08:50:30Z
https://7015.bet,7015.bet,1.0,strong:live dealer|strong:register now|medium:casino|medium:slots|medium:jackpot|medium:wager|medium:betting|structural:age verification,2026-08-09T08:50:30Z
https://7015.bet,7015.bet,1.0,strong:live dealer|strong:register now|medium:casino|medium:slots|medium:jackpot|medium:wager|medium:betting|structural:age verification,2026-08-09T08:50:30Z
https://7016.bet,7016.bet,1.0,strong:free spins|strong:live dealer|medium:casino|medium:slots|medium:jackpot|medium:wager|medium:betting,2026-08-09T08:50:30Z
https://7016.bet,7016.bet,1.0,strong:free spins|strong:live dealer|medium:casino|medium:slots|medium:jackpot|medium:wager|medium:betting,2026-08-09T08:50:31Z
https://7034.bet,7034.bet,1.0,strong:live dealer|strong:register now|medium:casino|medium:slots|medium:poker|medium:jackpot|medium:wager|medium:betting,2026-08-09T08:50:34Z
https://70b.bet,70b.bet,1.0,strong:free spins|strong:register now|strong:play now|medium:casino|medium:slots|medium:poker|medium:jackpot|medium:wager|medium:betting|structural:responsible gambling,2026-08-09T08:51:06Z
https://7103.bet,7103.bet,1.0,strong:free spins|strong:register now|medium:casino|medium:slots|medium:poker|medium:jackpot|medium:wager|medium:betting|structural:responsible gambling|structural:age verification,2026-08-09T08:51:29Z
https://7103.bet,7103.bet,1.0,strong:free spins|strong:register now|medium:casino|medium:slots|medium:poker|medium:jackpot|medium:wager|medium:betting|structural:responsible gambling|structural:age verification,2026-08-09T08:51:29Z
https://7106.bet,7106.bet,1.0,strong:live dealer|strong:register now|medium:casino|medium:slots|medium:poker|medium:sportsbook|medium:jackpot|medium:wager|medium:betting,2026-08-09T08:51:30Z
https://7106.bet,7106.bet,1.0,strong:live dealer|strong:register now|medium:casino|medium:slots|medium:poker|medium:sportsbook|medium:jackpot|medium:wager|medium:betting,2026-08-09T08:51:30Z
https://7111bd.bet,7111bd.bet,1.0,strong:deposit bonus|strong:free spins|strong:live dealer|medium:casino|medium:slots|medium:sportsbook|medium:jackpot|medium:wager|medium:betting|structural:18+,2026-08-09T08:51:31Z
https://711php.bet,711php.bet,1.0,strong:deposit bonus|strong:free spins|strong:sign up now|medium:casino|medium:slots|medium:poker,2026-08-09T08:51:57Z
https://711php.bet,711php.bet,1.0,strong:deposit bonus|strong:free spins|strong:sign up now|medium:casino|medium:slots|medium:poker,2026-08-09T08:51:57Z
https://7152.bet,7152.bet,1.0,strong:live dealer|strong:sign up now|strong:claim bonus|medium:casino|medium:slots|medium:sportsbook|medium:jackpot|medium:wager|medium:betting|structural:18+,2026-08-09T08:52:02Z
https://7152.bet,7152.bet,1.0,strong:live dealer|strong:sign up now|strong:claim bonus|medium:casino|medium:slots|medium:sportsbook|medium:jackpot|medium:wager|medium:betting|structural:18+,2026-08-09T08:52:02Z
https://7162.bet,7162.bet,1.0,strong:deposit bonus|strong:register now|medium:casino|medium:slots|medium:poker|medium:jackpot|medium:wager|medium:betting,2026-08-09T08:52:06Z
https://7162.bet,7162.bet,1.0,strong:deposit bonus|strong:register now|medium:casino|medium:slots|medium:poker|medium:jackpot|medium:wager|medium:betting,2026-08-09T08:52:07Z
https://7211.bet,7211.bet,1.0,strong:live dealer|strong:register now|medium:casino|medium:slots|medium:poker|medium:sportsbook|medium:jackpot|medium:wager|medium:betting|structural:age verification,2026-08-09T08:53:14Z
https://7211.bet,7211.bet,1.0,strong:live dealer|strong:register now|medium:casino|medium:slots|medium:poker|medium:sportsbook|medium:jackpot|medium:wager|medium:betting|structural:age verification,2026-08-09T08:53:14Z
https://7324.bet,7324.bet,1.0,strong:live dealer|strong:register now|strong:bet slip|medium:casino|medium:slots|medium:poker|medium:jackpot|medium:betting|structural:age verification,2026-08-09T08:54:15Z
https://7324.bet,7324.bet,1.0,strong:live dealer|strong:register now|strong:bet slip|medium:casino|medium:slots|medium:poker|medium:jackpot|medium:betting|structural:age verification,2026-08-09T08:54:16Z
https://730x.bet,730x.bet,0.9,strong:live dealer|strong:cashier|medium:casino|medium:slots|medium:sportsbook|medium:betting,2026-08-09T08:54:16Z
https://7370.bet,7370.bet,1.0,strong:live dealer|strong:register now|medium:casino|medium:slots|medium:jackpot|medium:wager|medium:betting,2026-08-09T08:54:22Z
https://7370.bet,7370.bet,1.0,strong:live dealer|strong:register now|medium:casino|medium:slots|medium:jackpot|medium:wager|medium:betting,2026-08-09T08:54:23Z
https://7399.bet,7399.bet,1.0,strong:live dealer|strong:register now|medium:casino|medium:slots|medium:poker|medium:jackpot|medium:betting,2026-08-09T08:54:50Z
https://739slots.bet,739slots.bet,0.8,strong:deposit bonus|strong:free spins|medium:casino|medium:slots|medium:jackpot,2026-08-09T08:54:51Z
https://73slotoro168.bet,73slotoro168.bet,1.0,strong:deposit bonus|strong:free spins|strong:live dealer|strong:cashier|strong:bet slip|medium:casino|medium:slots|medium:poker|medium:sportsbook|medium:jackpot|medium:wager|medium:betting|structural:gambleaware|structural:responsible gambling|negative:app store,2026-08-09T08:55:08Z
https://73slotoro168.bet,73slotoro168.bet,1.0,strong:deposit bonus|strong:free spins|medium:casino|medium:slots|medium:poker|medium:sportsbook|medium:jackpot|medium:wager|medium:betting|structural:responsible gambling,2026-08-09T08:55:08Z
https://7444bd.bet,7444bd.bet,1.0,strong:deposit bonus|strong:live dealer|strong:claim bonus|medium:casino|medium:slots|medium:sportsbook|medium:wager|medium:betting|structural:18+,2026-08-09T08:55:16Z
https://7450.bet,7450.bet,1.0,strong:register now|strong:sign up now|medium:casino|medium:slots|medium:sportsbook|medium:jackpot|medium:wager|medium:betting,2026-08-09T08:55:16Z
https://7450.bet,7450.bet,1.0,strong:register now|strong:sign up now|medium:casino|medium:slots|medium:sportsbook|medium:jackpot|medium:wager|medium:betting,2026-08-09T08:55:20Z
https://7456.bet,7456.bet,1.0,strong:live dealer|strong:register now|medium:casino|medium:slots|medium:jackpot|medium:wager|medium:betting|structural:age verification,2026-08-09T08:55:20Z
https://7456.bet,7456.bet,1.0,strong:live dealer|strong:register now|medium:casino|medium:slots|medium:jackpot|medium:wager|medium:betting|structural:age verification,2026-08-09T08:55:21Z
https://747-9.bet,747-9.bet,0.9,strong:deposit bonus|strong:register now|medium:casino|medium:slots|medium:sportsbook|medium:betting,2026-08-09T08:55:24Z
https://747liveph.bet,747liveph.bet,0.9,strong:live dealer|strong:register now|medium:casino|medium:slots|medium:sportsbook|medium:betting,2026-08-09T08:55:25Z
https://747liveph.bet,747liveph.bet,0.9,strong:live dealer|strong:register now|medium:casino|medium:slots|medium:sportsbook|medium:betting,2026-08-09T08:55:25Z
https://747livecasino.bet,747livecasino.bet,1.0,strong:deposit bonus|strong:free spins|strong:live dealer|strong:withdraw winnings|strong:register now|strong:play now|strong:cashier|medium:casino|medium:slots|medium:poker|medium:sportsbook|medium:jackpot|medium:wager|medium:betting|structural:18+,2026-08-09T08:55:25Z
https://747livecasino.bet,747livecasino.bet,1.0,strong:deposit bonus|strong:free spins|strong:live dealer|strong:withdraw winnings|strong:register now|strong:play now|strong:cashier|medium:casino|medium:slots|medium:poker|medium:sportsbook|medium:jackpot|medium:wager|medium:betting|structural:18+,2026-08-09T08:55:26Z
https://747old.bet,747old.bet,0.9,strong:live dealer|strong:register now|medium:casino|medium:slots|medium:sportsbook|medium:betting,2026-08-09T08:55:32Z
https://747old.bet,747old.bet,0.9,strong:live dealer|strong:register now|medium:casino|medium:slots|medium:sportsbook|medium:betting,2026-08-09T08:55:33Z
https://7486.bet,7486.bet,1.0,strong:live dealer|strong:register now|medium:casino|medium:slots|medium:poker|medium:jackpot|medium:wager|medium:betting,2026-08-09T08:55:33Z
https://7483.bet,7483.bet,1.0,strong:live dealer|strong:register now|strong:sign up now|medium:casino|medium:slots|medium:poker|medium:jackpot|medium:wager|medium:betting|structural:age verification,2026-08-09T08:55:33Z
https://7483.bet,7483.bet,1.0,strong:live dealer|strong:register now|strong:sign up now|medium:casino|medium:slots|medium:poker|medium:jackpot|medium:wager|medium:betting|structural:age verification,2026-08-09T08:55:33Z
https://747ph.bet,747ph.bet,1.0,strong:deposit bonus|strong:free spins|strong:live dealer|medium:casino|medium:slots|medium:poker|medium:sportsbook|medium:jackpot|medium:wager|medium:betting|structural:18+|structural:responsible gambling|structural:age verification,2026-08-09T08:55:35Z
https://747ph.bet,747ph.bet,1.0,strong:deposit bonus|strong:free spins|strong:live dealer|medium:casino|medium:slots|medium:poker|medium:sportsbook|medium:jackpot|medium:wager|medium:betting|structural:18+|structural:responsible gambling|structural:age verification,2026-08-09T08:55:35Z
https://7504.bet,7504.bet,1.0,strong:live dealer|strong:claim bonus|medium:casino|medium:slots|medium:sportsbook|medium:jackpot|medium:wager|medium:betting,2026-08-09T08:55:44Z
https://7512.bet,7512.bet,1.0,strong:deposit bonus|strong:free spins|strong:live dealer|strong:register now|medium:casino|medium:slots|medium:poker|medium:jackpot|medium:betting,2026-08-09T08:55:44Z
https://7512.bet,7512.bet,1.0,strong:deposit bonus|strong:free spins|strong:live dealer|strong:register now|medium:casino|medium:slots|medium:poker|medium:jackpot|medium:betting,2026-08-09T08:55:44Z
https://7535.bet,7535.bet,1.0,strong:free spins|strong:live dealer|strong:register now|medium:casino|medium:slots|medium:poker|medium:jackpot|medium:wager|medium:betting,2026-08-09T08:55:48Z
https://7535.bet,7535.bet,1.0,strong:free spins|strong:live dealer|strong:register now|medium:casino|medium:slots|medium:poker|medium:jackpot|medium:wager|medium:betting,2026-08-09T08:55:54Z
https://7555-bdt.bet,7555-bdt.bet,0.95,strong:free spins|strong:live dealer|medium:casino|medium:slots|medium:betting|structural:18+,2026-08-09T08:55:57Z
https://7555-bdt.bet,7555-bdt.bet,0.95,strong:free spins|strong:live dealer|medium:casino|medium:slots|medium:betting|structural:18+,2026-08-09T08:55:57Z
https://7555bed.bet,7555bed.bet,1.0,strong:free spins|strong:live dealer|medium:casino|medium:slots|medium:poker|medium:wager|medium:betting|structural:18+,2026-08-09T08:56:05Z
https://7555bed.bet,7555bed.bet,1.0,strong:free spins|strong:live dealer|medium:casino|medium:slots|medium:poker|medium:wager|medium:betting|structural:18+,2026-08-09T08:56:05Z
https://7555btd.bet,7555btd.bet,1.0,strong:deposit bonus|strong:free spins|strong:live dealer|strong:withdraw winnings|medium:casino|medium:slots|medium:poker|medium:jackpot|medium:wager|medium:betting|structural:18+,2026-08-09T08:56:07Z
https://7555btd.bet,7555btd.bet,1.0,strong:deposit bonus|strong:free spins|strong:live dealer|strong:withdraw winnings|medium:casino|medium:slots|medium:poker|medium:jackpot|medium:wager|medium:betting|structural:18+,2026-08-09T08:56:07Z
https://75bd3.bet,75bd3.bet,1.0,strong:deposit bonus|strong:live dealer|strong:claim bonus|medium:casino|medium:slots|medium:wager|medium:betting|structural:18+|structural:age verification,2026-08-09T08:56:24Z
https://7605.bet,7605.bet,1.0,strong:free spins|strong:live dealer|strong:register now|medium:casino|medium:slots|medium:poker|medium:jackpot|medium:wager|medium:betting,2026-08-09T08:56:58Z
https://7605.bet,7605.bet,1.0,strong:free spins|strong:live dealer|strong:register now|medium:casino|medium:slots|medium:poker|medium:jackpot|medium:wager|medium:betting,2026-08-09T08:56:58Z
https://7640.bet,7640.bet,1.0,strong:free spins|strong:live dealer|medium:casino|medium:slots|medium:jackpot|medium:wager|medium:betting,2026-08-09T08:57:08Z
https://7640.bet,7640.bet,1.0,strong:free spins|strong:live dealer|strong:register now|medium:casino|medium:slots|medium:jackpot|medium:wager|medium:betting,2026-08-09T08:57:08Z
https://7664.bet,7664.bet,1.0,strong:live dealer|strong:withdraw winnings|strong:register now|strong:bet slip|medium:casino|medium:slots|medium:poker|medium:jackpot|medium:betting,2026-08-09T08:57:28Z
https://76jl.bet,76jl.bet,1.0,strong:deposit bonus|strong:live dealer|medium:casino|medium:slots|medium:poker|medium:wager|medium:betting,2026-08-09T08:58:26Z
https://7700betbrazil.bet,7700betbrazil.bet,0.9,strong:mga/|strong:ukgc|medium:casino|medium:slots|medium:jackpot|medium:betting,2026-08-09T08:58:48Z
https://7700betbrazil.bet,7700betbrazil.bet,0.9,strong:mga/|strong:ukgc|medium:casino|medium:slots|medium:jackpot|medium:betting,2026-08-09T08:58:48Z
https://7710.bet,7710.bet,1.0,strong:live dealer|strong:register now|medium:casino|medium:slots|medium:sportsbook|medium:jackpot|medium:wager|medium:betting|structural:age verification,2026-08-09T08:58:53Z
https://7710.bet,7710.bet,1.0,strong:live dealer|strong:register now|medium:casino|medium:slots|medium:sportsbook|medium:jackpot|medium:wager|medium:betting|structural:age verification,2026-08-09T08:58:53Z
https://770win.bet,770win.bet,1.0,strong:deposit bonus|strong:free spins|strong:mga/|medium:casino|medium:slots|medium:poker|medium:wager,2026-08-09T08:58:56Z
https://7715.bet,7715.bet,1.0,strong:free spins|strong:live dealer|strong:register now|strong:bet slip|medium:casino|medium:slots|medium:sportsbook|medium:jackpot|medium:wager|medium:betting,2026-08-09T08:58:56Z
https://7713.bet,7713.bet,1.0,strong:free spins|strong:live dealer|strong:register now|strong:sign up now|strong:bet slip|medium:casino|medium:slots|medium:poker|medium:jackpot|medium:wager|medium:betting|structural:18+,2026-08-09T08:58:56Z
https://7715.bet,7715.bet,1.0,strong:free spins|strong:live dealer|strong:register now|strong:bet slip|medium:casino|medium:slots|medium:sportsbook|medium:jackpot|medium:wager|medium:betting,2026-08-09T08:58:56Z
https://7713.bet,7713.bet,1.0,strong:free spins|strong:live dealer|strong:register now|strong:sign up now|strong:bet slip|medium:casino|medium:slots|medium:poker|medium:jackpot|medium:wager|medium:betting|structural:18+,2026-08-09T08:58:56Z
https://777-casino.bet,777-casino.bet,1.0,strong:deposit bonus|strong:free spins|strong:mga/|medium:casino|structural:18+,2026-08-09T09:00:00Z
https://777-casino.bet,777-casino.bet,1.0,strong:deposit bonus|strong:free spins|strong:mga/|medium:casino|structural:18+,2026-08-09T09:00:01Z
https://777-vip.bet,777-vip.bet,1.0,strong:deposit bonus|strong:free spins|medium:casino|medium:slots|medium:poker|medium:sportsbook|medium:jackpot|medium:betting|structural:18+,2026-08-09T09:00:22Z
https://7775bd.bet,7775bd.bet,1.0,strong:free spins|strong:live dealer|strong:claim bonus|strong:play now|medium:casino|medium:slots|medium:poker|medium:sportsbook|medium:jackpot|medium:wager|medium:betting,2026-08-09T09:00:37Z
https://7777ad.bet,7777ad.bet,1.0,strong:deposit bonus|strong:live dealer|strong:cashier|medium:casino|medium:slots|medium:poker|medium:sportsbook|medium:jackpot|medium:wager|medium:betting|structural:age verification,2026-08-09T09:00:58Z
https://7777b.bet,7777b.bet,1.0,strong:free spins|strong:play now|strong:cashier|medium:casino|medium:slots|medium:sportsbook|medium:jackpot|medium:wager|medium:betting,2026-08-09T09:00:58Z
https://7777b.bet,7777b.bet,1.0,strong:free spins|strong:play now|strong:cashier|medium:casino|medium:slots|medium:sportsbook|medium:jackpot|medium:wager|medium:betting,2026-08-09T09:00:58Z
https://7777betapk.bet,7777betapk.bet,0.8,strong:live dealer|strong:register now|medium:casino|medium:slots|medium:betting,2026-08-09T09:01:04Z
https://7777betapk.bet,7777betapk.bet,0.8,strong:live dealer|strong:register now|medium:casino|medium:slots|medium:betting,2026-08-09T09:01:05Z
https://7777cb.bet,7777cb.bet,1.0,strong:deposit bonus|strong:live dealer|strong:play now|strong:cashier|medium:casino|medium:slots|medium:poker|medium:sportsbook|medium:jackpot|medium:wager|medium:betting|structural:responsible gambling,2026-08-09T09:01:07Z
https://7777db.bet,7777db.bet,1.0,strong:free spins|strong:live dealer|strong:play now|strong:cashier|medium:casino|medium:slots|medium:jackpot|medium:wager|medium:betting|structural:age verification|negative:how to play,2026-08-09T09:01:09Z
https://7777db.bet,7777db.bet,1.0,strong:free spins|strong:live dealer|strong:play now|strong:cashier|medium:casino|medium:slots|medium:jackpot|medium:wager|medium:betting|structural:age verification|negative:how to play,2026-08-09T09:01:10Z
https://7777jili.bet,7777jili.bet,0.8,strong:live dealer|strong:register now|medium:casino|medium:slots|medium:betting,2026-08-09T09:01:11Z
https://7777jl.bet,7777jl.bet,1.0,strong:free spins|strong:register now|strong:play now|medium:casino|medium:slots|medium:poker|medium:jackpot|medium:betting|structural:18+,2026-08-09T09:01:12Z
https://7777jl.bet,7777jl.bet,1.0,strong:free spins|strong:register now|strong:play now|medium:casino|medium:slots|medium:poker|medium:jackpot|medium:betting|structural:18+,2026-08-09T09:01:12Z
https://7777sk.bet,7777sk.bet,1.0,strong:live dealer|strong:claim bonus|strong:play now|medium:casino|medium:slots|medium:poker|medium:sportsbook|medium:jackpot|medium:wager|medium:betting,2026-08-09T09:01:16Z
https://7777sk.bet,7777sk.bet,1.0,strong:live dealer|strong:claim bonus|strong:play now|medium:casino|medium:slots|medium:poker|medium:sportsbook|medium:jackpot|medium:wager|medium:betting,2026-08-09T09:01:16Z
https://7777tt.bet,7777tt.bet,1.0,strong:free spins|strong:live dealer|strong:play now|medium:casino|medium:slots|medium:poker|medium:sportsbook|medium:jackpot|medium:wager|medium:betting|structural:18+|structural:responsible gambling|structural:age verification,2026-08-09T09:01:17Z
https://7777tt.bet,7777tt.bet,1.0,strong:free spins|strong:live dealer|strong:play now|medium:casino|medium:slots|medium:poker|medium:sportsbook|medium:jackpot|medium:wager|medium:betting|structural:18+|structural:responsible gambling|structural:age verification,2026-08-09T09:01:17Z
https://7777xp.bet,7777xp.bet,1.0,strong:live dealer|strong:cashier|medium:casino|medium:slots|medium:poker|medium:sportsbook|medium:wager|medium:betting|structural:responsible gambling|structural:age verification,2026-08-09T09:01:19Z
https://7777xp.bet,7777xp.bet,1.0,strong:live dealer|strong:cashier|medium:casino|medium:slots|medium:poker|medium:sportsbook|medium:wager|medium:betting|structural:responsible gambling|structural:age verification,2026-08-09T09:01:19Z
https://777abclogin.bet,777abclogin.bet,0.95,strong:live dealer|strong:register now|medium:casino|medium:slots|medium:betting|structural:18+,2026-08-09T09:01:38Z
https://777ad1.bet,777ad1.bet,1.0,strong:free spins|strong:live dealer|strong:play now|strong:cashier|medium:casino|medium:slots|medium:jackpot|medium:wager|medium:betting|structural:responsible gambling,2026-08-09T09:01:45Z
https://777ad1.bet,777ad1.bet,1.0,strong:free spins|strong:live dealer|strong:play now|strong:cashier|medium:casino|medium:slots|medium:jackpot|medium:wager|medium:betting|structural:responsible gambling,2026-08-09T09:01:45Z
https://777ad3.bet,777ad3.bet,1.0,strong:deposit bonus|strong:live dealer|medium:casino|medium:slots|medium:poker|medium:sportsbook|medium:jackpot|medium:wager|medium:betting|structural:age verification,2026-08-09T09:01:45Z
https://777ad3.bet,777ad3.bet,1.0,strong:deposit bonus|strong:live dealer|medium:casino|medium:slots|medium:poker|medium:sportsbook|medium:jackpot|medium:wager|medium:betting|structural:age verification,2026-08-09T09:01:45Z
https://777ad7.bet,777ad7.bet,1.0,strong:deposit bonus|strong:live dealer|strong:withdraw winnings|strong:play now|medium:casino|medium:slots|medium:poker|medium:sportsbook|medium:jackpot|medium:wager|medium:betting,2026-08-09T09:01:47Z
https://777ad4.bet,777ad4.bet,1.0,strong:live dealer|strong:cashier|medium:casino|medium:slots|medium:poker|medium:sportsbook|medium:jackpot|medium:wager|medium:betting|structural:age verification,2026-08-09T09:01:47Z
https://777ad8.bet,777ad8.bet,1.0,strong:live dealer|strong:play now|medium:casino|medium:slots|medium:poker|medium:sportsbook|medium:jackpot|medium:wager|medium:betting|structural:age verification,2026-08-09T09:01:47Z
https://777as.bet,777as.bet,1.0,strong:free spins|strong:live dealer|strong:withdraw winnings|strong:cashier|medium:casino|medium:slots|medium:sportsbook|medium:jackpot|medium:wager|medium:betting|structural:responsible gambling|structural:age verification,2026-08-09T09:01:55Z
https://777as.bet,777as.bet,1.0,strong:free spins|strong:live dealer|strong:withdraw winnings|strong:cashier|medium:casino|medium:slots|medium:sportsbook|medium:jackpot|medium:wager|medium:betting|structural:responsible gambling|structural:age verification,2026-08-09T09:01:56Z
https://777b7e.bet,777b7e.bet,1.0,strong:free spins|strong:live dealer|strong:play now|medium:casino|medium:slots|medium:poker|medium:jackpot|medium:betting,2026-08-09T09:02:02Z
https://777bdpro.bet,777bdpro.bet,0.9,strong:live dealer|strong:sign up now|medium:casino|medium:slots|medium:wager|medium:betting,2026-08-09T09:02:12Z
https://777bdpro.bet,777bdpro.bet,0.9,strong:live dealer|strong:sign up now|medium:casino|medium:slots|medium:wager|medium:betting,2026-08-09T09:02:12Z
https://777bn.bet,777bn.bet,0.95,strong:free spins|strong:live dealer|medium:casino|medium:slots|medium:betting|structural:18+,2026-08-09T09:02:25Z
https://777bn.bet,777bn.bet,0.95,strong:free spins|strong:live dealer|medium:casino|medium:slots|medium:betting|structural:18+,2026-08-09T09:02:25Z
https://777bx.bet,777bx.bet,0.9,strong:live dealer|strong:claim bonus|medium:casino|medium:slots|medium:wager|medium:betting,2026-08-09T09:02:29Z
https://777bx.bet,777bx.bet,1.0,strong:live dealer|strong:claim bonus|medium:casino|medium:slots|medium:jackpot|medium:wager|medium:betting,2026-08-09T09:02:29Z
https://777cr.bet,777cr.bet,1.0,strong:play now|strong:cashier|medium:casino|medium:slots|medium:sportsbook|medium:jackpot|medium:wager|medium:betting|structural:responsible gambling,2026-08-09T09:02:41Z
https://777cr.bet,777cr.bet,1.0,strong:play now|strong:cashier|medium:casino|medium:slots|medium:sportsbook|medium:jackpot|medium:wager|medium:betting|structural:responsible gambling,2026-08-09T09:02:41Z
https://777cxc.bet,777cxc.bet,1.0,strong:live dealer|strong:bet slip|medium:casino|medium:slots|medium:sportsbook|medium:jackpot|medium:wager|medium:betting,2026-08-09T09:02:42Z
https://777cxc.bet,777cxc.bet,1.0,strong:live dealer|strong:cashier|strong:bet slip|medium:casino|medium:slots|medium:sportsbook|medium:jackpot|medium:wager|medium:betting|structural:age verification,2026-08-09T09:02:42Z
https://777cz.bet,777cz.bet,1.0,strong:free spins|strong:live dealer|strong:cashier|medium:casino|medium:slots|medium:sportsbook|medium:jackpot|medium:wager|medium:betting|structural:age verification,2026-08-09T09:02:44Z
https://777cz.bet,777cz.bet,1.0,strong:free spins|strong:live dealer|strong:cashier|medium:casino|medium:slots|medium:sportsbook|medium:jackpot|medium:wager|medium:betting|structural:age verification,2026-08-09T09:02:44Z
https://777de.bet,777de.bet,1.0,strong:free spins|strong:live dealer|strong:cashier|medium:casino|medium:slots|medium:jackpot|medium:wager|medium:betting,2026-08-09T09:02:48Z
https://777de.bet,777de.bet,1.0,strong:free spins|strong:live dealer|strong:cashier|medium:casino|medium:slots|medium:jackpot|medium:wager|medium:betting,2026-08-09T09:02:48Z
https://777det.bet,777det.bet,1.0,strong:deposit bonus|strong:live dealer|strong:claim bonus|strong:play now|medium:casino|medium:slots|medium:poker|medium:sportsbook|medium:jackpot|medium:wager|medium:betting|structural:age verification,2026-08-09T09:02:48Z
https://777dlogin.bet,777dlogin.bet,0.8,strong:live dealer|strong:register now|medium:casino|medium:slots|medium:betting,2026-08-09T09:02:49Z
https://777ef.bet,777ef.bet,1.0,strong:free spins|strong:live dealer|strong:withdraw winnings|strong:cashier|medium:casino|medium:slots|medium:sportsbook|medium:jackpot|medium:wager|medium:betting,2026-08-09T09:02:54Z
https://777fe3.bet,777fe3.bet,1.0,strong:live dealer|strong:withdraw winnings|strong:play now|medium:casino|medium:slots|medium:poker|medium:sportsbook|medium:wager|medium:betting,2026-08-09T09:02:59Z
https://777fe1.bet,777fe1.bet,1.0,strong:deposit bonus|strong:live dealer|medium:casino|medium:slots|medium:poker|medium:sportsbook|medium:betting,2026-08-09T09:03:01Z
https://777fe1.bet,777fe1.bet,1.0,strong:deposit bonus|strong:free spins|strong:live dealer|medium:casino|medium:slots|medium:poker|medium:sportsbook|medium:jackpot|medium:wager|medium:betting,2026-08-09T09:03:01Z
https://777fe4.bet,777fe4.bet,1.0,strong:play now|strong:cashier|medium:casino|medium:slots|medium:jackpot|medium:wager|medium:betting,2026-08-09T09:03:01Z
https://777fe4.bet,777fe4.bet,1.0,strong:play now|strong:cashier|medium:casino|medium:slots|medium:jackpot|medium:wager|medium:betting,2026-08-09T09:03:01Z
https://777fe6.bet,777fe6.bet,1.0,strong:place a bet|strong:live dealer|strong:play now|medium:casino|medium:slots|medium:sportsbook|medium:jackpot|medium:wager|medium:betting,2026-08-09T09:03:01Z
https://777fe6.bet,777fe6.bet,1.0,strong:place a bet|strong:live dealer|strong:play now|medium:casino|medium:slots|medium:sportsbook|medium:jackpot|medium:wager|medium:betting|structural:responsible gambling,2026-08-09T09:03:02Z
https://777ge.bet,777ge.bet,1.0,strong:free spins|strong:live dealer|strong:cashier|medium:casino|medium:slots|medium:jackpot|medium:wager|medium:betting,2026-08-09T09:03:05Z
https://777hd.bet,777hd.bet,1.0,strong:live dealer|strong:play now|strong:cashier|medium:casino|medium:slots|medium:wager|medium:betting,2026-08-09T09:03:10Z
https://777hd.bet,777hd.bet,1.0,strong:live dealer|strong:play now|strong:cashier|medium:casino|medium:slots|medium:wager|medium:betting,2026-08-09T09:03:11Z
https://777jal.bet,777jal.bet,1.0,strong:free spins|strong:live dealer|strong:play now|medium:casino|medium:slots|medium:jackpot|medium:wager|medium:betting,2026-08-09T09:03:17Z
https://777jy.bet,777jy.bet,1.0,strong:free spins|strong:live dealer|strong:cashier|medium:casino|medium:slots|medium:jackpot|medium:wager|medium:betting|structural:18+,2026-08-09T09:03:27Z
https://777pob.bet,777pob.bet,1.0,strong:deposit bonus|strong:free spins|strong:sign up now|medium:casino|medium:slots|medium:poker,2026-08-09T09:04:23Z
https://777pob.bet,777pob.bet,1.0,strong:deposit bonus|strong:free spins|strong:sign up now|medium:casino|medium:slots|medium:poker,2026-08-09T09:04:23Z
https://777pubph.bet,777pubph.bet,0.8,strong:live dealer|strong:register now|medium:casino|medium:slots|medium:betting,2026-08-09T09:04:29Z
https://777pud.bet,777pud.bet,0.8,strong:live dealer|strong:register now|medium:casino|medium:slots|medium:poker,2026-08-09T09:04:29Z
https://777sp.bet,777sp.bet,1.0,strong:free spins|strong:live dealer|strong:play now|medium:casino|medium:slots|medium:poker|medium:sportsbook|medium:jackpot|medium:wager|medium:betting,2026-08-09T09:04:54Z
https://777tez.bet,777tez.bet,1.0,strong:deposit bonus|strong:live dealer|medium:casino|medium:slots|medium:jackpot|medium:wager|medium:betting|structural:age verification,2026-08-09T09:05:07Z
https://777u77.bet,777u77.bet,1.0,strong:live dealer|strong:play now|strong:cashier|medium:casino|medium:slots|medium:sportsbook|medium:jackpot|medium:wager|medium:betting,2026-08-09T09:05:13Z
https://777v.bet,777v.bet,1.0,strong:deposit bonus|strong:free spins|strong:live dealer|strong:withdraw winnings|medium:casino|medium:slots|medium:sportsbook|medium:wager|medium:betting|structural:age verification,2026-08-09T09:05:17Z
https://777v.bet,777v.bet,1.0,strong:deposit bonus|strong:free spins|strong:live dealer|strong:withdraw winnings|medium:casino|medium:slots|medium:sportsbook|medium:wager|medium:betting|structural:age verification,2026-08-09T09:05:18Z
https://777xp.bet,777xp.bet,0.9,strong:live dealer|strong:cashier|medium:casino|medium:slots|medium:poker|medium:sportsbook,2026-08-09T09:05:35Z
https://777xp.bet,777xp.bet,0.9,strong:live dealer|strong:cashier|medium:casino|medium:slots|medium:poker|medium:sportsbook,2026-08-09T09:05:35Z
https://777xk.bet,777xk.bet,0.8,strong:cashier|strong:bet slip|medium:casino|medium:slots|medium:sportsbook,2026-08-09T09:05:35Z
https://777xk.bet,777xk.bet,0.8,strong:cashier|strong:bet slip|medium:casino|medium:slots|medium:sportsbook,2026-08-09T09:05:36Z
https://777xs.bet,777xs.bet,1.0,strong:live dealer|strong:cashier|medium:casino|medium:slots|medium:poker|medium:sportsbook|medium:jackpot|medium:wager|medium:betting|structural:age verification,2026-08-09T09:05:37Z
https://777za.bet,777za.bet,1.0,strong:play now|strong:cashier|medium:casino|medium:slots|medium:jackpot|medium:wager|medium:betting,2026-08-09T09:05:40Z
https://777zk.bet,777zk.bet,0.8,strong:live dealer|strong:register now|medium:casino|medium:slots|medium:betting,2026-08-09T09:05:41Z
https://777zk.bet,777zk.bet,0.8,strong:live dealer|strong:register now|medium:casino|medium:slots|medium:betting,2026-08-09T09:05:42Z
https://777zs.bet,777zs.bet,1.0,strong:free spins|strong:live dealer|strong:play now|medium:casino|medium:slots|medium:sportsbook|medium:jackpot|medium:wager|medium:betting,2026-08-09T09:05:43Z
https://778go.bet,778go.bet,0.9,strong:deposit bonus|strong:live dealer|medium:casino|medium:slots|medium:wager|medium:betting,2026-08-09T09:05:50Z
https://778go.bet,778go.bet,0.9,strong:deposit bonus|strong:live dealer|medium:casino|medium:slots|medium:wager|medium:betting,2026-08-09T09:05:50Z
https://779k.bet,779k.bet,0.8,strong:free spins|strong:live dealer|medium:casino|medium:slots|medium:jackpot,2026-08-09T09:05:56Z
https://779k.bet,779k.bet,0.8,strong:free spins|strong:live dealer|medium:casino|medium:slots|medium:jackpot,2026-08-09T09:05:57Z
https://77abclogin.bet,77abclogin.bet,0.9,strong:live dealer|strong:register now|medium:casino|medium:slots|medium:sportsbook|medium:betting,2026-08-09T09:06:03Z
https://77abclogin.bet,77abclogin.bet,0.9,strong:live dealer|strong:register now|medium:casino|medium:slots|medium:sportsbook|medium:betting,2026-08-09T09:06:03Z
https://77baje.bet,77baje.bet,1.0,strong:live dealer|strong:claim bonus|strong:play now|medium:casino|medium:slots|medium:poker|medium:jackpot|medium:betting,2026-08-09T09:06:17Z
https://77ck.bet,77ck.bet,0.85,strong:free spins|strong:live dealer|medium:casino|medium:slots|structural:18+,2026-08-09T09:06:43Z
https://77ck.bet,77ck.bet,1.0,strong:free spins|strong:live dealer|medium:casino|medium:slots|medium:poker|medium:jackpot|medium:wager|medium:betting|structural:18+|structural:age verification,2026-08-09T09:06:43Z
https://77cv.bet,77cv.bet,1.0,strong:free spins|strong:live dealer|strong:play now|medium:casino|medium:slots|medium:poker|medium:jackpot|medium:wager|medium:betting|structural:18+,2026-08-09T09:06:45Z
https://77cx.bet,77cx.bet,1.0,strong:deposit bonus|strong:live dealer|medium:casino|medium:slots|medium:sportsbook|medium:jackpot|medium:wager|medium:betting|structural:18+|structural:age verification,2026-08-09T09:06:47Z
https://77cx.bet,77cx.bet,1.0,strong:deposit bonus|strong:live dealer|medium:casino|medium:slots|medium:sportsbook|medium:jackpot|medium:wager|medium:betting|structural:18+|structural:age verification,2026-08-09T09:06:48Z
https://77ef.bet,77ef.bet,1.0,strong:live dealer|strong:play now|medium:casino|medium:slots|medium:poker|medium:sportsbook|medium:jackpot|medium:wager|medium:betting|structural:responsible gambling,2026-08-09T09:06:58Z
https://77ef.bet,77ef.bet,1.0,strong:live dealer|strong:play now|medium:casino|medium:slots|medium:poker|medium:sportsbook|medium:jackpot|medium:wager|medium:betting|structural:responsible gambling,2026-08-09T09:06:58Z
https://77fv.bet,77fv.bet,1.0,strong:free spins|strong:live dealer|medium:casino|medium:slots|medium:poker|medium:sportsbook|medium:jackpot|medium:wager|medium:betting|structural:18+|structural:responsible gambling,2026-08-09T09:07:06Z
https://77fv.bet,77fv.bet,1.0,strong:free spins|strong:live dealer|medium:casino|medium:slots|medium:poker|medium:sportsbook|medium:jackpot|medium:wager|medium:betting|structural:18+|structural:responsible gambling,2026-08-09T09:07:06Z
https://77gem.bet,77gem.bet,1.0,strong:deposit bonus|strong:free spins|strong:sign up now|medium:casino|medium:slots|medium:poker,2026-08-09T09:07:08Z
https://77gem.bet,77gem.bet,1.0,strong:deposit bonus|strong:free spins|strong:sign up now|medium:casino|medium:slots|medium:poker,2026-08-09T09:07:08Z
https://77ja.bet,77ja.bet,0.9,strong:free spins|strong:live dealer|medium:casino|medium:slots|medium:poker|medium:betting|structural:18+|negative:app store,2026-08-09T09:07:19Z
https://77ja.bet,77ja.bet,0.9,strong:free spins|strong:live dealer|medium:casino|medium:slots|medium:poker|medium:betting|structural:18+|negative:app store,2026-08-09T09:07:19Z
https://77lucks.bet,77lucks.bet,0.8,strong:live dealer|strong:bet slip|medium:casino|medium:slots|medium:sportsbook|structural:18+|negative:written by,2026-08-09T09:07:33Z
https://77lucks.bet,77lucks.bet,0.8,strong:live dealer|strong:bet slip|medium:casino|medium:slots|medium:sportsbook|structural:18+|negative:written by,2026-08-09T09:07:33Z
https://77pub.bet,77pub.bet,0.8,strong:live dealer|strong:register now|medium:casino|medium:slots|medium:betting,2026-08-09T09:07:45Z
https://77pub.bet,77pub.bet,0.8,strong:live dealer|strong:register now|medium:casino|medium:slots|medium:betting,2026-08-09T09:07:45Z
https://77superslot.bet,77superslot.bet,1.0,strong:free spins|strong:live dealer|medium:casino|medium:slots|medium:sportsbook|medium:wager|medium:betting,2026-08-09T09:07:55Z
https://77superslot.bet,77superslot.bet,1.0,strong:free spins|strong:live dealer|medium:casino|medium:slots|medium:sportsbook|medium:wager|medium:betting,2026-08-09T09:07:55Z
https://77taka.bet,77taka.bet,0.8,strong:live dealer|strong:register now|medium:casino|medium:slots|medium:betting,2026-08-09T09:07:55Z
https://77t7.bet,77t7.bet,1.0,strong:deposit bonus|strong:free spins|strong:live dealer|strong:withdraw winnings|strong:play now|medium:casino|medium:slots|medium:poker|medium:sportsbook|medium:jackpot|medium:wager|medium:betting|structural:18+,2026-08-09T09:07:56Z
https://77t7.bet,77t7.bet,1.0,strong:deposit bonus|strong:free spins|strong:live dealer|strong:withdraw winnings|strong:play now|medium:casino|medium:slots|medium:poker|medium:sportsbook|medium:jackpot|medium:wager|medium:betting|structural:18+,2026-08-09T09:07:56Z
https://77taka.bet,77taka.bet,0.8,strong:live dealer|strong:register now|medium:casino|medium:slots|medium:betting,2026-08-09T09:07:57Z
https://77tk.bet,77tk.bet,1.0,strong:deposit bonus|strong:live dealer|medium:casino|medium:slots|medium:poker|medium:wager|medium:betting|structural:18+|structural:age verification,2026-08-09T09:07:59Z
https://77tk.bet,77tk.bet,1.0,strong:deposit bonus|strong:live dealer|medium:casino|medium:slots|medium:poker|medium:wager|medium:betting|structural:18+|structural:age verification,2026-08-09T09:07:59Z
https://77sx.bet,77sx.bet,1.0,strong:live dealer|strong:play now|medium:casino|medium:slots|medium:sportsbook|medium:jackpot|medium:wager|medium:betting,2026-08-09T09:08:10Z
https://7809.bet,7809.bet,1.0,strong:live dealer|strong:withdraw winnings|strong:register now|medium:casino|medium:slots|medium:jackpot|medium:wager|medium:betting|negative:how to play,2026-08-09T09:08:28Z
https://7830.bet,7830.bet,0.9,strong:live dealer|strong:register now|medium:casino|medium:slots|medium:sportsbook|medium:betting,2026-08-09T09:08:30Z
https://7830.bet,7830.bet,1.0,strong:live dealer|strong:register now|medium:casino|medium:slots|medium:sportsbook|medium:jackpot|medium:wager|medium:betting,2026-08-09T09:08:31Z
https://786app.bet,786app.bet,1.0,strong:free spins|strong:live dealer|strong:play now|medium:casino|medium:slots|medium:jackpot|medium:betting,2026-08-09T09:08:58Z
https://786ace.bet,786ace.bet,1.0,strong:live dealer|strong:cashier|medium:casino|medium:slots|medium:sportsbook|medium:wager|medium:betting,2026-08-09T09:08:58Z
https://786ace.bet,786ace.bet,1.0,strong:live dealer|strong:cashier|medium:casino|medium:slots|medium:sportsbook|medium:wager|medium:betting,2026-08-09T09:09:00Z
https://786det.bet,786det.bet,0.9,strong:live dealer|strong:register now|medium:casino|medium:slots|medium:jackpot|medium:betting,2026-08-09T09:09:06Z
https://786det.bet,786det.bet,0.9,strong:live dealer|strong:register now|medium:casino|medium:slots|medium:jackpot|medium:betting,2026-08-09T09:09:07Z
https://7870.bet,7870.bet,1.0,strong:free spins|strong:live dealer|strong:register now|medium:casino|medium:slots|medium:poker|medium:jackpot|medium:wager|medium:betting,2026-08-09T09:09:16Z
https://7870.bet,7870.bet,1.0,strong:free spins|strong:live dealer|strong:register now|medium:casino|medium:slots|medium:poker|medium:jackpot|medium:wager|medium:betting,2026-08-09T09:09:18Z
https://7889p.bet,7889p.bet,0.9,strong:free spins|strong:live dealer|medium:casino|medium:slots|medium:jackpot|medium:wager,2026-08-09T09:09:27Z
https://7889p.bet,7889p.bet,0.9,strong:free spins|strong:live dealer|medium:casino|medium:slots|medium:jackpot|medium:wager,2026-08-09T09:09:27Z
https://788bd.bet,788bd.bet,1.0,strong:free spins|strong:live dealer|medium:casino|medium:slots|medium:poker|medium:jackpot|medium:betting|structural:18+,2026-08-09T09:09:29Z
https://789pe.bet,789pe.bet,0.8,strong:free spins|strong:live dealer|medium:casino|medium:jackpot|medium:wager,2026-08-09T09:11:26Z
https://789pe.bet,789pe.bet,0.8,strong:free spins|strong:live dealer|medium:casino|medium:jackpot|medium:wager,2026-08-09T09:11:26Z
https://789slot.bet,789slot.bet,1.0,strong:deposit bonus|strong:free spins|strong:sign up now|medium:casino|medium:slots|medium:poker,2026-08-09T09:11:32Z
https://789slot.bet,789slot.bet,1.0,strong:deposit bonus|strong:free spins|strong:sign up now|medium:casino|medium:slots|medium:poker,2026-08-09T09:11:32Z
https://78bdt.bet,78bdt.bet,1.0,strong:deposit bonus|strong:live dealer|medium:casino|medium:slots|medium:poker|medium:jackpot|medium:wager|medium:betting|structural:18+|structural:age verification,2026-08-09T09:11:55Z
https://78bdt.bet,78bdt.bet,1.0,strong:deposit bonus|strong:live dealer|medium:casino|medium:slots|medium:poker|medium:jackpot|medium:wager|medium:betting|structural:18+|structural:age verification,2026-08-09T09:11:56Z
https://78wj.bet,78wj.bet,1.0,strong:free spins|strong:live dealer|medium:casino|medium:slots|medium:poker|medium:jackpot|medium:wager,2026-08-09T09:12:40Z
https://790pub.bet,790pub.bet,0.9,strong:live dealer|strong:register now|medium:casino|medium:slots|medium:jackpot|medium:betting,2026-08-09T09:12:49Z
https://790pub.bet,790pub.bet,0.9,strong:live dealer|strong:register now|medium:casino|medium:slots|medium:jackpot|medium:betting,2026-08-09T09:12:49Z
https://7974.bet,7974.bet,0.9,strong:live dealer|strong:register now|medium:casino|medium:jackpot|medium:wager|medium:betting,2026-08-09T09:12:53Z
https://7974.bet,7974.bet,0.9,strong:live dealer|strong:register now|medium:casino|medium:jackpot|medium:wager|medium:betting,2026-08-09T09:12:54Z
https://79knh.bet,79knh.bet,0.8,strong:free spins|strong:live dealer|medium:casino|medium:jackpot|medium:wager,2026-08-09T09:15:23Z
https://7bd777.bet,7bd777.bet,1.0,strong:free spins|strong:live dealer|strong:play now|medium:casino|medium:slots|medium:poker|medium:jackpot|medium:wager|medium:betting|negative:how to play,2026-08-09T09:16:31Z
https://7b7777.bet,7b7777.bet,1.0,strong:free spins|strong:live dealer|strong:play now|medium:casino|medium:slots|medium:poker|medium:jackpot|medium:wager|medium:betting,2026-08-09T09:16:35Z
https://7betapp.bet,7betapp.bet,0.9,strong:live dealer|strong:register now|medium:casino|medium:slots|medium:sportsbook|medium:betting,2026-08-09T09:16:44Z
https://7betapp.bet,7betapp.bet,0.9,strong:live dealer|strong:register now|medium:casino|medium:slots|medium:sportsbook|medium:betting,2026-08-09T09:16:44Z
https://7bitcasino.bet,7bitcasino.bet,0.75,strong:deposit bonus|strong:free spins|medium:casino|structural:responsible gambling,2026-08-09T09:17:04Z
https://7bitcasino.bet,7bitcasino.bet,0.75,strong:deposit bonus|strong:free spins|medium:casino|structural:responsible gambling,2026-08-09T09:17:04Z
https://7c66.bet,7c66.bet,1.0,strong:free spins|strong:live dealer|strong:cashier|medium:casino|medium:slots|medium:sportsbook|medium:jackpot|medium:wager|medium:betting|structural:18+,2026-08-09T09:17:06Z
https://7c7755.bet,7c7755.bet,1.0,strong:free spins|strong:place a bet|strong:live dealer|strong:play now|strong:cashier|medium:casino|medium:slots|medium:jackpot|medium:wager|medium:betting|negative:how to play,2026-08-09T09:17:16Z
https://7c7755.bet,7c7755.bet,1.0,strong:free spins|strong:place a bet|strong:live dealer|strong:play now|strong:cashier|medium:casino|medium:slots|medium:jackpot|medium:wager|medium:betting|negative:how to play,2026-08-09T09:17:16Z
https://7c7772.bet,7c7772.bet,1.0,strong:free spins|strong:live dealer|strong:play now|medium:casino|medium:slots|medium:poker|medium:jackpot|medium:wager|medium:betting|structural:age verification|negative:how to play,2026-08-09T09:17:17Z
https://7c7772.bet,7c7772.bet,1.0,strong:free spins|strong:live dealer|strong:play now|medium:casino|medium:slots|medium:poker|medium:jackpot|medium:wager|medium:betting|structural:age verification|negative:how to play,2026-08-09T09:17:17Z
https://7c7777.bet,7c7777.bet,1.0,strong:place a bet|strong:register now|medium:casino|medium:slots|medium:poker|medium:jackpot|medium:betting|structural:18+,2026-08-09T09:17:18Z
https://7c7777.bet,7c7777.bet,1.0,strong:place a bet|strong:register now|medium:casino|medium:slots|medium:poker|medium:jackpot|medium:betting|structural:18+,2026-08-09T09:17:19Z
https://7c777login.bet,7c777login.bet,0.8,strong:live dealer|strong:register now|medium:casino|medium:jackpot|medium:betting,2026-08-09T09:17:21Z
https://7c777login.bet,7c777login.bet,0.8,strong:live dealer|strong:register now|medium:casino|medium:jackpot|medium:betting,2026-08-09T09:17:22Z
https://7c77bd.bet,7c77bd.bet,1.0,strong:deposit bonus|strong:free spins|strong:live dealer|strong:play now|medium:casino|medium:slots|medium:poker|medium:jackpot|medium:wager|medium:betting|structural:18+|structural:responsible gambling,2026-08-09T09:17:23Z
https://7c7c7c.bet,7c7c7c.bet,1.0,strong:free spins|strong:live dealer|strong:play now|strong:cashier|medium:casino|medium:slots|medium:poker|medium:jackpot|medium:wager|medium:betting|negative:how to play,2026-08-09T09:17:27Z
https://7c7c7c.bet,7c7c7c.bet,1.0,strong:free spins|strong:live dealer|strong:play now|strong:cashier|medium:casino|medium:slots|medium:poker|medium:jackpot|medium:wager|medium:betting|negative:how to play,2026-08-09T09:17:27Z
https://7casino.bet,7casino.bet,1.0,strong:place a bet|strong:cashier|medium:casino|medium:slots|medium:sportsbook|medium:wager|medium:betting|structural:age verification|negative:app store,2026-08-09T09:17:28Z
https://7casino.bet,7casino.bet,1.0,strong:place a bet|strong:cashier|medium:casino|medium:slots|medium:sportsbook|medium:wager|medium:betting|structural:age verification|negative:app store,2026-08-09T09:17:28Z
https://7cgame.bet,7cgame.bet,1.0,strong:free spins|strong:live dealer|medium:casino|medium:slots|medium:sportsbook|medium:jackpot|medium:betting|structural:responsible gambling,2026-08-09T09:17:31Z
https://7cgame.bet,7cgame.bet,1.0,strong:free spins|strong:live dealer|medium:casino|medium:slots|medium:sportsbook|medium:jackpot|medium:betting|structural:responsible gambling,2026-08-09T09:17:32Z
https://7db.bet,7db.bet,1.0,strong:deposit bonus|strong:live dealer|medium:casino|medium:slots|medium:wager|medium:betting|structural:18+|structural:gambleaware,2026-08-09T09:17:44Z
https://7db.bet,7db.bet,1.0,strong:deposit bonus|strong:free spins|strong:live dealer|medium:casino|medium:slots|medium:wager|medium:betting|structural:18+|structural:gambleaware,2026-08-09T09:17:45Z
https://7e772.bet,7e772.bet,1.0,strong:free spins|strong:live dealer|medium:casino|medium:slots|medium:wager|medium:betting|structural:18+,2026-08-09T09:17:50Z
https://7e7799.bet,7e7799.bet,0.9,strong:live dealer|strong:play now|medium:casino|medium:slots|medium:jackpot|medium:betting,2026-08-09T09:18:00Z
https://7e7799.bet,7e7799.bet,0.9,strong:live dealer|strong:play now|medium:casino|medium:slots|medium:jackpot|medium:betting,2026-08-09T09:18:01Z
https://7e77bd.bet,7e77bd.bet,0.95,strong:live dealer|strong:register now|medium:casino|medium:slots|medium:betting|structural:age verification,2026-08-09T09:18:02Z
https://7e77bd.bet,7e77bd.bet,0.95,strong:live dealer|strong:register now|medium:casino|medium:slots|medium:betting|structural:age verification,2026-08-09T09:18:02Z
https://7gamesapp.bet,7gamesapp.bet,0.9,strong:live dealer|strong:register now|medium:casino|medium:slots|medium:wager|medium:betting,2026-08-09T09:18:36Z
https://7gamewin.bet,7gamewin.bet,0.8,strong:live dealer|strong:register now|medium:casino|medium:slots|medium:betting,2026-08-09T09:18:36Z
https://7gamewin.bet,7gamewin.bet,0.8,strong:live dealer|strong:register now|medium:casino|medium:slots|medium:betting,2026-08-09T09:18:36Z
https://7godscasino.bet,7godscasino.bet,1.0,strong:deposit bonus|strong:free spins|strong:live dealer|strong:withdraw winnings|strong:play now|strong:curacao egaming|medium:casino|medium:slots|medium:jackpot|medium:wager|medium:betting|structural:18+,2026-08-09T09:18:43Z
https://7godscasino.bet,7godscasino.bet,1.0,strong:deposit bonus|strong:free spins|strong:live dealer|strong:withdraw winnings|strong:play now|strong:curacao egaming|medium:casino|medium:slots|medium:jackpot|medium:wager|medium:betting|structural:18+,2026-08-09T09:18:43Z
https://7h88.bet,7h88.bet,1.0,strong:free spins|strong:live dealer|strong:play now|medium:casino|medium:slots|medium:sportsbook|medium:jackpot|medium:wager|medium:betting,2026-08-09T09:18:48Z
https://7h88.bet,7h88.bet,1.0,strong:free spins|strong:live dealer|strong:play now|medium:casino|medium:slots|medium:sportsbook|medium:jackpot|medium:wager|medium:betting|structural:responsible gambling,2026-08-09T09:18:49Z
https://7jllogin.bet,7jllogin.bet,1.0,strong:place a bet|strong:live dealer|strong:register now|medium:casino|medium:slots|medium:betting,2026-08-09T09:19:27Z
https://7jllogin.bet,7jllogin.bet,1.0,strong:place a bet|strong:live dealer|strong:register now|medium:casino|medium:slots|medium:betting,2026-08-09T09:19:27Z
https://7n7779.bet,7n7779.bet,1.0,strong:free spins|strong:live dealer|strong:register now|strong:claim bonus|strong:play now|medium:casino|medium:slots|medium:sportsbook|medium:jackpot|medium:wager|medium:betting,2026-08-09T09:20:13Z
https://7reels.bet,7reels.bet,1.0,strong:deposit bonus|strong:free spins|strong:live dealer|strong:play now|strong:cashier|strong:curaçao egaming|strong:curacao egaming|medium:casino|medium:slots|medium:poker|medium:jackpot|medium:wager|medium:betting|structural:18+|structural:responsible gambling,2026-08-09T09:20:57Z
https://7reels.bet,7reels.bet,1.0,strong:deposit bonus|strong:free spins|strong:live dealer|strong:play now|strong:cashier|strong:curaçao egaming|strong:curacao egaming|medium:casino|medium:slots|medium:poker|medium:jackpot|medium:wager|medium:betting|structural:18+|structural:responsible gambling,2026-08-09T09:20:58Z
https://7reelscasino.bet,7reelscasino.bet,1.0,strong:deposit bonus|strong:free spins|strong:claim bonus|strong:curacao egaming|medium:casino|medium:slots|medium:poker|medium:wager,2026-08-09T09:20:58Z
https://7reelscasino.bet,7reelscasino.bet,1.0,strong:deposit bonus|strong:free spins|strong:claim bonus|strong:curacao egaming|medium:casino|medium:slots|medium:poker|medium:wager,2026-08-09T09:20:59Z
https://7seascasino.bet,7seascasino.bet,1.0,strong:deposit bonus|strong:free spins|strong:live dealer|strong:curacao egaming|medium:casino|medium:slots|structural:responsible gambling,2026-08-09T09:21:15Z
https://7seascasino.bet,7seascasino.bet,1.0,strong:deposit bonus|strong:free spins|strong:live dealer|strong:withdraw winnings|strong:play now|strong:cashier|strong:curacao egaming|medium:casino|medium:slots|medium:poker|medium:jackpot|medium:wager|medium:betting|structural:18+|structural:responsible gambling,2026-08-09T09:21:15Z
https://7signscasino.bet,7signscasino.bet,1.0,strong:deposit bonus|strong:free spins|strong:withdraw winnings|strong:claim bonus|strong:cashier|strong:curacao egaming|medium:casino|medium:slots|medium:poker|medium:jackpot|medium:wager|medium:betting|structural:18+|structural:responsible gambling,2026-08-09T09:21:22Z
https://7signscasino.bet,7signscasino.bet,1.0,strong:deposit bonus|strong:free spins|strong:claim bonus|strong:cashier|strong:curacao egaming|medium:casino|medium:slots|medium:jackpot|medium:wager|structural:responsible gambling,2026-08-09T09:21:22Z
https://7spinscasino.bet,7spinscasino.bet,1.0,strong:deposit bonus|strong:free spins|strong:live dealer|strong:play now|strong:cashier|strong:curaçao egaming|medium:casino|medium:slots|medium:jackpot|medium:wager|medium:betting|structural:18+|structural:responsible gambling,2026-08-09T09:21:31Z
https://7spinscasino.bet,7spinscasino.bet,1.0,strong:deposit bonus|strong:free spins|strong:live dealer|strong:play now|strong:cashier|strong:curaçao egaming|medium:casino|medium:slots|medium:jackpot|medium:wager|medium:betting|structural:18+|structural:responsible gambling,2026-08-09T09:21:32Z
https://7sultans.bet,7sultans.bet,1.0,strong:deposit bonus|strong:free spins|strong:live dealer|strong:play now|strong:cashier|medium:casino|medium:slots|medium:poker|medium:jackpot|medium:wager|medium:betting|structural:18+|structural:responsible gambling|structural:age verification,2026-08-09T09:21:34Z
https://7sultans.bet,7sultans.bet,1.0,strong:deposit bonus|strong:free spins|strong:live dealer|strong:play now|strong:cashier|medium:casino|medium:slots|medium:poker|medium:jackpot|medium:wager|medium:betting|structural:18+|structural:responsible gambling|structural:age verification,2026-08-09T09:21:36Z
https://7u7771.bet,7u7771.bet,1.0,strong:live dealer|strong:play now|strong:cashier|medium:casino|medium:slots|medium:poker|medium:jackpot|medium:wager|medium:betting,2026-08-09T09:21:49Z
https://7up777.bet,7up777.bet,1.0,strong:live dealer|strong:play now|medium:casino|medium:slots|medium:poker|medium:sportsbook|medium:jackpot|medium:betting|structural:responsible gambling,2026-08-09T09:21:59Z
https://7up777.bet,7up777.bet,1.0,strong:live dealer|strong:play now|medium:casino|medium:slots|medium:poker|medium:sportsbook|medium:jackpot|medium:betting|structural:responsible gambling,2026-08-09T09:21:59Z
https://7y77.bet,7y77.bet,1.0,strong:free spins|strong:live dealer|strong:claim bonus|strong:cashier|medium:casino|medium:slots|medium:jackpot|medium:wager|medium:betting|structural:18+|structural:responsible gambling,2026-08-09T09:22:39Z
https://7y77.bet,7y77.bet,1.0,strong:free spins|strong:live dealer|strong:claim bonus|strong:cashier|medium:casino|medium:slots|medium:jackpot|medium:wager|medium:betting|structural:18+|structural:responsible gambling,2026-08-09T09:22:39Z
https://7z999.bet,7z999.bet,1.0,strong:free spins|strong:play now|strong:cashier|medium:casino|medium:slots|medium:jackpot|medium:betting|structural:18+,2026-08-09T09:22:54Z
https://7z999.bet,7z999.bet,1.0,strong:free spins|strong:play now|strong:cashier|medium:casino|medium:slots|medium:jackpot|medium:wager|medium:betting|structural:18+|structural:age verification,2026-08-09T09:22:54Z
https://8015.bet,8015.bet,1.0,strong:live dealer|strong:register now|medium:casino|medium:slots|medium:sportsbook|medium:jackpot|medium:wager|medium:betting|structural:18+,2026-08-09T09:23:08Z
https://8015.bet,8015.bet,1.0,strong:live dealer|strong:register now|medium:casino|medium:slots|medium:sportsbook|medium:jackpot|medium:wager|medium:betting|structural:18+,2026-08-09T09:23:08Z
https://8021.bet,8021.bet,1.0,strong:live dealer|strong:register now|medium:casino|medium:slots|medium:poker|medium:sportsbook|medium:jackpot|medium:wager|medium:betting,2026-08-09T09:23:11Z
https://8025.bet,8025.bet,1.0,strong:live dealer|strong:register now|medium:casino|medium:slots|medium:poker|medium:jackpot|medium:wager|medium:betting,2026-08-09T09:23:13Z
https://8025.bet,8025.bet,1.0,strong:live dealer|strong:register now|medium:casino|medium:slots|medium:poker|medium:jackpot|medium:wager|medium:betting,2026-08-09T09:23:13Z
https://8035.bet,8035.bet,1.0,strong:free spins|strong:live dealer|strong:register now|strong:sign up now|medium:casino|medium:slots|medium:poker|medium:sportsbook|medium:wager|medium:betting|structural:age verification,2026-08-09T09:23:16Z
https://8035.bet,8035.bet,1.0,strong:free spins|strong:live dealer|strong:register now|strong:sign up now|medium:casino|medium:slots|medium:poker|medium:sportsbook|medium:wager|medium:betting|structural:age verification,2026-08-09T09:23:16Z
https://8031.bet,8031.bet,1.0,strong:free spins|strong:withdraw winnings|strong:register now|medium:casino|medium:slots|medium:poker|medium:sportsbook|medium:jackpot|medium:wager|medium:betting|structural:age verification,2026-08-09T09:23:19Z
https://8031.bet,8031.bet,1.0,strong:free spins|strong:withdraw winnings|strong:register now|medium:casino|medium:slots|medium:poker|medium:jackpot|medium:wager|medium:betting,2026-08-09T09:23:20Z
https://8038.bet,8038.bet,1.0,strong:deposit bonus|strong:live dealer|medium:casino|medium:slots|medium:poker|medium:sportsbook|medium:jackpot|medium:wager|medium:betting,2026-08-09T09:23:20Z
https://8038.bet,8038.bet,1.0,strong:deposit bonus|strong:live dealer|medium:casino|medium:slots|medium:poker|medium:sportsbook|medium:jackpot|medium:wager|medium:betting,2026-08-09T09:23:20Z
https://8062.bet,8062.bet,1.0,strong:live dealer|strong:register now|medium:casino|medium:slots|medium:jackpot|medium:wager|medium:betting,2026-08-09T09:24:26Z
https://8089.bet,8089.bet,1.0,strong:free spins|strong:register now|medium:casino|medium:slots|medium:sportsbook|medium:wager|medium:betting,2026-08-09T09:24:47Z
https://80hi77.bet,80hi77.bet,1.0,strong:free spins|strong:live dealer|strong:play now|medium:casino|medium:slots|medium:poker|medium:jackpot|medium:betting,2026-08-09T09:25:40Z
https://80mcom.bet,80mcom.bet,0.85,strong:free spins|strong:live dealer|medium:casino|medium:slots|medium:jackpot|medium:wager|medium:betting|negative:app store,2026-08-09T09:25:46Z
https://80mcom.bet,80mcom.bet,0.85,strong:free spins|strong:live dealer|medium:casino|medium:slots|medium:jackpot|medium:wager|medium:betting|negative:app store,2026-08-09T09:25:46Z
https://80u.bet,80u.bet,1.0,strong:live dealer|strong:register now|medium:casino|medium:slots|medium:jackpot|medium:wager|medium:betting|structural:age verification,2026-08-09T09:25:51Z
https://80u.bet,80u.bet,1.0,strong:live dealer|strong:register now|medium:casino|medium:slots|medium:jackpot|medium:wager|medium:betting|structural:age verification,2026-08-09T09:25:51Z
https://8104.bet,8104.bet,1.0,strong:register now|strong:sign up now|medium:casino|medium:sportsbook|medium:jackpot|medium:wager|medium:betting,2026-08-09T09:25:55Z
https://8104.bet,8104.bet,1.0,strong:register now|strong:sign up now|strong:play now|medium:casino|medium:sportsbook|medium:jackpot|medium:wager|medium:betting,2026-08-09T09:25:56Z
https://818jl.bet,818jl.bet,1.0,strong:deposit bonus|strong:free spins|strong:sign up now|medium:casino|medium:slots|medium:poker,2026-08-09T09:26:33Z
https://8256.bet,8256.bet,1.0,strong:free spins|strong:live dealer|strong:register now|medium:casino|medium:jackpot|medium:wager|medium:betting,2026-08-09T09:28:53Z
https://8258.bet,8258.bet,1.0,strong:live dealer|strong:withdraw winnings|strong:register now|strong:play now|medium:casino|medium:slots|medium:poker|medium:jackpot|medium:wager|medium:betting|structural:age verification,2026-08-09T09:28:53Z
https://8258.bet,8258.bet,1.0,strong:live dealer|strong:withdraw winnings|strong:register now|strong:play now|medium:casino|medium:slots|medium:poker|medium:jackpot|medium:wager|medium:betting|structural:age verification,2026-08-09T09:28:53Z
https://8257.bet,8257.bet,1.0,strong:live dealer|strong:register now|strong:sign up now|medium:casino|medium:slots|medium:poker|medium:sportsbook|medium:jackpot|medium:wager|medium:betting,2026-08-09T09:28:53Z
https://8280.bet,8280.bet,0.95,strong:withdraw winnings|strong:register now|medium:casino|medium:poker|medium:betting|structural:18+,2026-08-09T09:28:57Z
https://8280.bet,8280.bet,0.95,strong:withdraw winnings|strong:register now|medium:casino|medium:poker|medium:betting|structural:18+,2026-08-09T09:28:57Z
https://8286.bet,8286.bet,1.0,strong:deposit bonus|strong:free spins|strong:register now|medium:casino|medium:slots|medium:poker|medium:jackpot|medium:wager|medium:betting,2026-08-09T09:28:58Z
https://8286.bet,8286.bet,1.0,strong:deposit bonus|strong:free spins|strong:register now|medium:casino|medium:slots|medium:poker|medium:jackpot|medium:wager|medium:betting,2026-08-09T09:28:59Z
https://8296.bet,8296.bet,1.0,strong:live dealer|strong:register now|medium:casino|medium:slots|medium:poker|medium:jackpot|medium:wager|medium:betting,2026-08-09T09:28:59Z
https://8304.bet,8304.bet,1.0,strong:place a bet|strong:withdraw winnings|strong:register now|medium:casino|medium:slots|medium:poker|medium:sportsbook|medium:jackpot|medium:wager|medium:betting,2026-08-09T09:29:11Z
https://8302.bet,8302.bet,1.0,strong:deposit bonus|strong:free spins|strong:live dealer|strong:register now|medium:casino|medium:slots|medium:jackpot|medium:wager|medium:betting,2026-08-09T09:29:11Z
https://8304.bet,8304.bet,1.0,strong:place a bet|strong:withdraw winnings|strong:register now|medium:casino|medium:slots|medium:poker|medium:sportsbook|medium:jackpot|medium:wager|medium:betting,2026-08-09T09:29:12Z
https://8302.bet,8302.bet,1.0,strong:deposit bonus|strong:free spins|strong:live dealer|strong:register now|medium:casino|medium:slots|medium:jackpot|medium:wager|medium:betting,2026-08-09T09:29:12Z
https://8332.bet,8332.bet,1.0,strong:free spins|strong:live dealer|strong:withdraw winnings|strong:register now|medium:casino|medium:slots|medium:sportsbook|medium:jackpot|medium:wager|medium:betting|structural:age verification,2026-08-09T09:29:40Z
https://8332.bet,8332.bet,1.0,strong:free spins|strong:live dealer|strong:withdraw winnings|strong:register now|medium:casino|medium:slots|medium:sportsbook|medium:jackpot|medium:wager|medium:betting|structural:age verification,2026-08-09T09:29:40Z
https://835bd.bet,835bd.bet,1.0,strong:free spins|strong:live dealer|medium:casino|medium:slots|medium:poker|medium:sportsbook|medium:jackpot|medium:wager|medium:betting|structural:18+,2026-08-09T09:30:02Z
https://835bd.bet,835bd.bet,1.0,strong:free spins|strong:live dealer|medium:casino|medium:slots|medium:poker|medium:sportsbook|medium:jackpot|medium:wager|medium:betting|structural:18+,2026-08-09T09:30:03Z
https://83bd.bet,83bd.bet,1.0,strong:live dealer|strong:play now|medium:casino|medium:slots|medium:poker|medium:jackpot|medium:wager|medium:betting|structural:18+|structural:age verification,2026-08-09T09:31:04Z
https://83bd.bet,83bd.bet,1.0,strong:live dealer|strong:play now|medium:casino|medium:slots|medium:poker|medium:jackpot|medium:wager|medium:betting|structural:18+|structural:age verification,2026-08-09T09:31:04Z
https://8432.bet,8432.bet,1.0,strong:live dealer|strong:register now|medium:casino|medium:slots|medium:jackpot|medium:wager|medium:betting,2026-08-09T09:31:19Z
https://8432.bet,8432.bet,1.0,strong:live dealer|strong:register now|medium:casino|medium:slots|medium:jackpot|medium:wager|medium:betting,2026-08-09T09:31:19Z
https://8435.bet,8435.bet,1.0,strong:live dealer|strong:register now|medium:casino|medium:slots|medium:poker|medium:sportsbook|medium:jackpot|medium:wager|medium:betting,2026-08-09T09:31:19Z
https://8435.bet,8435.bet,1.0,strong:live dealer|strong:register now|medium:casino|medium:slots|medium:poker|medium:sportsbook|medium:jackpot|medium:wager|medium:betting,2026-08-09T09:31:19Z
https://8437.bet,8437.bet,1.0,strong:free spins|strong:live dealer|strong:register now|medium:casino|medium:slots|medium:poker|medium:jackpot|medium:wager|medium:betting,2026-08-09T09:31:19Z
https://8442.bet,8442.bet,1.0,strong:live dealer|strong:register now|medium:casino|medium:slots|medium:poker|medium:jackpot|medium:wager|medium:betting,2026-08-09T09:31:20Z
https://8442.bet,8442.bet,1.0,strong:live dealer|strong:register now|medium:casino|medium:slots|medium:poker|medium:jackpot|medium:wager|medium:betting,2026-08-09T09:31:20Z
https://8437.bet,8437.bet,1.0,strong:free spins|strong:live dealer|strong:register now|medium:casino|medium:slots|medium:poker|medium:jackpot|medium:wager|medium:betting,2026-08-09T09:31:20Z
https://8459.bet,8459.bet,1.0,strong:free spins|strong:live dealer|strong:register now|medium:casino|medium:slots|medium:sportsbook|medium:jackpot|medium:betting|structural:responsible gambling,2026-08-09T09:31:26Z
https://8459.bet,8459.bet,1.0,strong:free spins|strong:live dealer|strong:register now|medium:casino|medium:slots|medium:sportsbook|medium:jackpot|medium:betting|structural:responsible gambling,2026-08-09T09:31:26Z
https://8481.bet,8481.bet,1.0,strong:deposit bonus|strong:free spins|strong:live dealer|medium:casino|medium:slots|medium:poker|medium:sportsbook|medium:jackpot|medium:wager|medium:betting|structural:age verification,2026-08-09T09:31:39Z
https://8481.bet,8481.bet,1.0,strong:deposit bonus|strong:free spins|strong:live dealer|medium:casino|medium:slots|medium:poker|medium:sportsbook|medium:jackpot|medium:wager|medium:betting|structural:age verification,2026-08-09T09:31:40Z
https://8485.bet,8485.bet,1.0,strong:live dealer|strong:register now|medium:casino|medium:slots|medium:poker|medium:jackpot|medium:wager|medium:betting,2026-08-09T09:31:44Z
https://8485.bet,8485.bet,1.0,strong:live dealer|strong:register now|medium:casino|medium:slots|medium:poker|medium:jackpot|medium:wager|medium:betting,2026-08-09T09:31:44Z
https://84bd.bet,84bd.bet,1.0,strong:free spins|strong:live dealer|medium:casino|medium:slots|medium:jackpot|medium:wager|medium:betting|structural:18+,2026-08-09T09:31:57Z
https://84bd.bet,84bd.bet,1.0,strong:free spins|strong:live dealer|medium:casino|medium:slots|medium:poker|medium:jackpot|medium:wager|medium:betting|structural:18+,2026-08-09T09:31:59Z
https://84slotoro506.bet,84slotoro506.bet,1.0,strong:deposit bonus|strong:free spins|strong:live dealer|strong:cashier|strong:bet slip|medium:casino|medium:slots|medium:poker|medium:sportsbook|medium:jackpot|medium:wager|medium:betting|structural:gambleaware|structural:responsible gambling|negative:app store,2026-08-09T09:32:20Z
https://84slotoro506.bet,84slotoro506.bet,1.0,strong:deposit bonus|strong:free spins|strong:live dealer|strong:cashier|strong:bet slip|medium:casino|medium:slots|medium:poker|medium:sportsbook|medium:jackpot|medium:wager|medium:betting|structural:gambleaware|structural:responsible gambling|negative:app store,2026-08-09T09:32:23Z
https://8503.bet,8503.bet,1.0,strong:live dealer|strong:register now|medium:casino|medium:slots|medium:poker|medium:sportsbook|medium:jackpot|medium:wager|medium:betting|structural:18+,2026-08-09T09:32:26Z
https://8515.bet,8515.bet,1.0,strong:live dealer|strong:register now|medium:casino|medium:slots|medium:poker|medium:jackpot|medium:wager|medium:betting,2026-08-09T09:32:28Z
https://8515.bet,8515.bet,1.0,strong:live dealer|strong:register now|medium:casino|medium:slots|medium:poker|medium:jackpot|medium:wager|medium:betting,2026-08-09T09:32:28Z
https://8517.bet,8517.bet,1.0,strong:live dealer|strong:register now|medium:casino|medium:slots|medium:poker|medium:sportsbook|medium:jackpot|medium:wager|medium:betting|negative:how to play,2026-08-09T09:32:28Z
https://8517.bet,8517.bet,1.0,strong:live dealer|strong:register now|medium:casino|medium:slots|medium:poker|medium:sportsbook|medium:jackpot|medium:wager|medium:betting|negative:how to play,2026-08-09T09:32:28Z
https://8522bd.bet,8522bd.bet,1.0,strong:live dealer|strong:play now|medium:casino|medium:slots|medium:poker|medium:sportsbook|medium:jackpot|medium:wager|medium:betting|structural:age verification,2026-08-09T09:32:30Z
https://8538.bet,8538.bet,1.0,strong:free spins|strong:withdraw winnings|strong:register now|medium:casino|medium:slots|medium:poker|medium:sportsbook|medium:jackpot|medium:wager|medium:betting,2026-08-09T09:32:36Z
https://8543.bet,8543.bet,1.0,strong:free spins|strong:live dealer|strong:withdraw winnings|strong:register now|medium:casino|medium:slots|medium:poker|medium:sportsbook|medium:jackpot|medium:wager|medium:betting|structural:18+|structural:age verification,2026-08-09T09:32:38Z
https://856bd.bet,856bd.bet,1.0,strong:free spins|strong:live dealer|strong:cashier|medium:casino|medium:slots|medium:sportsbook|medium:wager|medium:betting|structural:18+|structural:age verification,2026-08-09T09:32:47Z
https://856bd.bet,856bd.bet,1.0,strong:free spins|strong:live dealer|strong:cashier|medium:casino|medium:slots|medium:sportsbook|medium:wager|medium:betting|structural:18+|structural:age verification,2026-08-09T09:32:51Z
https://8596.bet,8596.bet,1.0,strong:free spins|strong:live dealer|strong:register now|medium:casino|medium:slots|medium:poker|medium:sportsbook|medium:jackpot|medium:wager|medium:betting,2026-08-09T09:33:02Z
https://8596.bet,8596.bet,1.0,strong:free spins|strong:live dealer|strong:register now|medium:casino|medium:slots|medium:poker|medium:sportsbook|medium:jackpot|medium:wager|medium:betting,2026-08-09T09:33:02Z
https://85rbajee.bet,85rbajee.bet,1.0,strong:deposit bonus|strong:free spins|strong:play now|medium:casino|medium:slots|medium:jackpot|medium:wager|medium:betting|structural:18+|structural:responsible gambling|structural:age verification,2026-08-09T09:33:18Z
https://864slotoro.bet,864slotoro.bet,1.0,strong:deposit bonus|strong:free spins|strong:live dealer|strong:cashier|strong:bet slip|medium:casino|medium:slots|medium:poker|medium:sportsbook|medium:jackpot|medium:wager|medium:betting|structural:gambleaware|structural:responsible gambling|negative:app store,2026-08-09T09:33:25Z
https://864slotoro.bet,864slotoro.bet,1.0,strong:deposit bonus|strong:free spins|strong:live dealer|strong:cashier|strong:bet slip|medium:casino|medium:slots|medium:poker|medium:sportsbook|medium:jackpot|medium:wager|medium:betting|structural:gambleaware|structural:responsible gambling|negative:app store,2026-08-09T09:33:25Z
https://8656.bet,8656.bet,1.0,strong:live dealer|strong:register now|medium:casino|medium:slots|medium:poker|medium:jackpot|medium:wager|medium:betting,2026-08-09T09:33:28Z
https://8666bdt.bet,8666bdt.bet,1.0,strong:live dealer|strong:play now|strong:bet slip|medium:casino|medium:slots|medium:poker|medium:jackpot|medium:betting|structural:18+,2026-08-09T09:33:32Z
https://8675.bet,8675.bet,1.0,strong:live dealer|strong:register now|medium:casino|medium:slots|medium:jackpot|medium:wager|medium:betting|structural:18+|structural:responsible gambling,2026-08-09T09:33:46Z
https://87-bd.bet,87-bd.bet,0.8,strong:free spins|strong:live dealer|medium:casino|medium:slots|medium:betting|structural:18+|negative:app store,2026-08-09T09:34:36Z
https://87-bd.bet,87-bd.bet,0.8,strong:free spins|strong:live dealer|medium:casino|medium:slots|medium:betting|structural:18+|negative:app store,2026-08-09T09:34:37Z
https://8701.bet,8701.bet,1.0,strong:free spins|strong:live dealer|strong:register now|medium:casino|medium:slots|medium:jackpot|medium:wager|medium:betting,2026-08-09T09:34:40Z
https://8704.bet,8704.bet,1.0,strong:live dealer|strong:sign up now|medium:casino|medium:slots|medium:poker|medium:jackpot|medium:wager|medium:betting,2026-08-09T09:34:41Z
https://8704.bet,8704.bet,1.0,strong:live dealer|strong:sign up now|medium:casino|medium:slots|medium:poker|medium:jackpot|medium:wager|medium:betting,2026-08-09T09:34:42Z
https://8750.bet,8750.bet,1.0,strong:deposit bonus|strong:free spins|strong:live dealer|strong:register now|medium:casino|medium:slots|medium:poker|medium:sportsbook|medium:jackpot|medium:wager|medium:betting,2026-08-09T09:34:47Z
https://8750.bet,8750.bet,1.0,strong:deposit bonus|strong:free spins|strong:live dealer|strong:register now|medium:casino|medium:slots|medium:poker|medium:sportsbook|medium:jackpot|medium:wager|medium:betting,2026-08-09T09:34:47Z
https://876bdt.bet,876bdt.bet,1.0,strong:deposit bonus|strong:free spins|strong:live dealer|medium:casino|medium:slots|medium:poker|medium:sportsbook|medium:jackpot|medium:wager|medium:betting|structural:18+,2026-08-09T09:34:52Z
https://876bdt.bet,876bdt.bet,1.0,strong:deposit bonus|strong:free spins|strong:live dealer|strong:cashier|medium:casino|medium:slots|medium:poker|medium:sportsbook|medium:jackpot|medium:wager|medium:betting|structural:18+,2026-08-09T09:34:52Z
https://8777db.bet,8777db.bet,1.0,strong:free spins|strong:cashier|medium:casino|medium:slots|medium:poker|medium:jackpot|medium:wager|medium:betting|structural:18+|structural:age verification,2026-08-09T09:35:10Z
https://8777cx.bet,8777cx.bet,1.0,strong:deposit bonus|strong:live dealer|strong:claim bonus|strong:play now|medium:casino|medium:slots|medium:sportsbook|medium:jackpot|medium:wager|medium:betting|structural:responsible gambling|structural:age verification,2026-08-09T09:35:10Z
https://8777db.bet,8777db.bet,1.0,strong:free spins|strong:cashier|medium:casino|medium:slots|medium:poker|medium:jackpot|medium:wager|medium:betting|structural:18+|structural:age verification,2026-08-09T09:35:10Z
https://8777cx.bet,8777cx.bet,1.0,strong:deposit bonus|strong:live dealer|strong:claim bonus|strong:play now|medium:casino|medium:slots|medium:sportsbook|medium:jackpot|medium:wager|medium:betting|structural:responsible gambling|structural:age verification,2026-08-09T09:35:11Z
https://8777dbt.bet,8777dbt.bet,0.9,strong:live dealer|strong:register now|medium:casino|medium:slots|medium:sportsbook|medium:betting,2026-08-09T09:35:11Z
https://8777dbt.bet,8777dbt.bet,0.9,strong:live dealer|strong:register now|medium:casino|medium:slots|medium:sportsbook|medium:betting,2026-08-09T09:35:11Z
https://8777sx.bet,8777sx.bet,1.0,strong:deposit bonus|strong:live dealer|strong:claim bonus|medium:casino|medium:slots|medium:sportsbook|medium:wager|medium:betting|structural:18+,2026-08-09T09:35:11Z
https://8777sx.bet,8777sx.bet,1.0,strong:deposit bonus|strong:live dealer|strong:claim bonus|medium:casino|medium:slots|medium:sportsbook|medium:wager|medium:betting|structural:18+,2026-08-09T09:35:11Z
https://877bit.bet,877bit.bet,1.0,strong:free spins|strong:live dealer|medium:casino|medium:slots|medium:sportsbook|medium:jackpot|medium:wager|medium:betting|structural:responsible gambling,2026-08-09T09:35:21Z
https://877bit.bet,877bit.bet,1.0,strong:free spins|strong:live dealer|medium:casino|medium:slots|medium:sportsbook|medium:jackpot|medium:wager|medium:betting|structural:responsible gambling,2026-08-09T09:35:24Z
https://8825.bet,8825.bet,1.0,strong:free spins|strong:live dealer|strong:register now|medium:casino|medium:slots|medium:sportsbook|medium:jackpot|medium:wager|medium:betting|structural:18+,2026-08-09T09:36:14Z
https://8850.bet,8850.bet,1.0,strong:live dealer|strong:register now|medium:casino|medium:slots|medium:jackpot|medium:wager|medium:betting,2026-08-09T09:36:46Z
https://8850.bet,8850.bet,1.0,strong:live dealer|strong:register now|medium:casino|medium:slots|medium:jackpot|medium:wager|medium:betting,2026-08-09T09:36:46Z
https://8854.bet,8854.bet,1.0,strong:live dealer|strong:register now|medium:casino|medium:slots|medium:jackpot|medium:wager|medium:betting,2026-08-09T09:36:46Z
https://8854.bet,8854.bet,1.0,strong:live dealer|strong:register now|medium:casino|medium:slots|medium:jackpot|medium:wager|medium:betting,2026-08-09T09:36:49Z
https://888-sport.bet,888-sport.bet,0.8,strong:deposit bonus|strong:free spins|medium:casino|medium:slots|medium:betting,2026-08-09T09:37:11Z
https://8888bd.bet,8888bd.bet,1.0,strong:live dealer|strong:bet slip|medium:casino|medium:slots|medium:sportsbook|medium:wager|medium:betting|structural:18+,2026-08-09T09:38:12Z
https://8888bd.bet,8888bd.bet,1.0,strong:live dealer|strong:bet slip|medium:casino|medium:slots|medium:sportsbook|medium:wager|medium:betting|structural:18+,2026-08-09T09:38:12Z
https://8888pk.bet,8888pk.bet,1.0,strong:deposit bonus|strong:live dealer|strong:withdraw winnings|medium:casino|medium:slots|medium:wager|medium:betting|structural:responsible gambling,2026-08-09T09:38:26Z
https://8888pk.bet,8888pk.bet,1.0,strong:deposit bonus|strong:live dealer|strong:withdraw winnings|medium:casino|medium:slots|medium:wager|medium:betting|structural:responsible gambling,2026-08-09T09:38:31Z
https://8888starz.bet,8888starz.bet,1.0,strong:deposit bonus|strong:free spins|strong:live dealer|strong:claim bonus|strong:bet slip|strong:curacao egaming|medium:casino|medium:slots|medium:poker|medium:wager|medium:betting|structural:responsible gambling|negative:how to play|negative:app store|negative:google play,2026-08-09T09:38:33Z
https://8888starz.bet,8888starz.bet,1.0,strong:deposit bonus|strong:free spins|strong:live dealer|strong:claim bonus|strong:bet slip|strong:curacao egaming|medium:casino|medium:slots|medium:poker|medium:wager|medium:betting|structural:responsible gambling|negative:how to play|negative:app store|negative:google play,2026-08-09T09:38:33Z
https://888bookie.bet,888bookie.bet,1.0,strong:deposit bonus|strong:register now|strong:cashier|strong:bet slip|strong:curaçao egaming|medium:casino|medium:slots|medium:sportsbook|medium:betting,2026-08-09T09:39:14Z
https://888ef.bet,888ef.bet,1.0,strong:live dealer|strong:play now|medium:casino|medium:slots|medium:jackpot|medium:wager|medium:betting,2026-08-09T09:39:24Z
https://888ef.bet,888ef.bet,1.0,strong:live dealer|strong:play now|medium:casino|medium:slots|medium:jackpot|medium:wager|medium:betting,2026-08-09T09:39:24Z
https://888n.bet,888n.bet,0.9,strong:free spins|strong:live dealer|medium:casino|medium:poker|medium:jackpot|medium:wager,2026-08-09T09:39:55Z
https://888n.bet,888n.bet,0.9,strong:free spins|strong:live dealer|medium:casino|medium:poker|medium:jackpot|medium:wager,2026-08-09T09:39:55Z
https://888starz-bangladesh.bet,888starz-bangladesh.bet,0.8,strong:free spins|strong:register now|medium:casino|medium:sportsbook|medium:betting,2026-08-09T09:41:34Z
https://888starz-bangladesh.bet,888starz-bangladesh.bet,1.0,strong:deposit bonus|strong:free spins|strong:place a bet|strong:register now|strong:bet slip|strong:curaçao egaming|medium:casino|medium:slots|medium:poker|medium:sportsbook|medium:jackpot|medium:betting|structural:18+|structural:responsible gambling,2026-08-09T09:41:34Z
https://888starz-bd.bet,888starz-bd.bet,0.95,strong:deposit bonus|strong:register now|strong:ukgc|medium:casino|medium:betting,2026-08-09T09:41:34Z
https://888starz-bdt.bet,888starz-bdt.bet,0.8,strong:free spins|strong:register now|medium:casino|medium:sportsbook|medium:betting,2026-08-09T09:41:34Z
https://888starz-bdt.bet,888starz-bdt.bet,0.8,strong:free spins|strong:register now|medium:casino|medium:sportsbook|medium:betting,2026-08-09T09:41:35Z
https://888starzpro.bet,888starzpro.bet,0.95,strong:deposit bonus|strong:free spins|strong:claim bonus|medium:casino|medium:slots,2026-08-09T09:41:55Z
https://888starzpro.bet,888starzpro.bet,0.95,strong:deposit bonus|strong:free spins|strong:claim bonus|medium:casino|medium:slots,2026-08-09T09:41:56Z
https://888starzpro.bet,888starzpro.bet,0.95,strong:deposit bonus|strong:free spins|strong:claim bonus|medium:casino|medium:slots,2026-08-09T09:41:58Z
https://888tu.bet,888tu.bet,1.0,strong:free spins|strong:live dealer|medium:casino|medium:poker|medium:jackpot|medium:wager|medium:betting,2026-08-09T09:42:11Z
https://888xn.bet,888xn.bet,0.9,strong:live dealer|strong:play now|medium:casino|medium:slots|medium:jackpot|medium:wager,2026-08-09T09:43:01Z
https://8890.bet,8890.bet,1.0,strong:live dealer|strong:withdraw winnings|strong:register now|medium:casino|medium:slots|medium:poker|medium:jackpot|medium:wager|medium:betting,2026-08-09T09:43:03Z
https://88atm.bet,88atm.bet,1.0,strong:place a bet|strong:live dealer|medium:casino|medium:slots|medium:poker|medium:sportsbook|medium:wager|medium:betting,2026-08-09T09:43:27Z
https://88atm.bet,88atm.bet,1.0,strong:place a bet|strong:live dealer|medium:casino|medium:slots|medium:poker|medium:sportsbook|medium:wager|medium:betting,2026-08-09T09:43:27Z
https://88baji.bet,88baji.bet,1.0,strong:free spins|strong:live dealer|strong:play now|medium:casino|medium:slots|medium:jackpot|medium:wager|medium:betting|negative:how to play,2026-08-09T09:43:33Z
https://88baji.bet,88baji.bet,1.0,strong:free spins|strong:live dealer|strong:play now|medium:casino|medium:slots|medium:jackpot|medium:wager|medium:betting|negative:how to play,2026-08-09T09:43:33Z
https://88be.bet,88be.bet,1.0,strong:live dealer|strong:cashier|medium:casino|medium:slots|medium:poker|medium:betting|structural:18+|structural:responsible gambling,2026-08-09T09:43:38Z
https://88fbapk.bet,88fbapk.bet,0.8,strong:live dealer|strong:register now|medium:casino|medium:slots|medium:betting,2026-08-09T09:44:30Z
https://88fbapk.bet,88fbapk.bet,0.8,strong:live dealer|strong:register now|medium:casino|medium:slots|medium:betting,2026-08-09T09:44:30Z
https://88gf.bet,88gf.bet,1.0,strong:deposit bonus|strong:free spins|medium:casino|medium:slots|medium:sportsbook|medium:jackpot|medium:wager|medium:betting|structural:18+|structural:responsible gambling,2026-08-09T09:44:41Z
https://88gf.bet,88gf.bet,1.0,strong:deposit bonus|strong:free spins|medium:casino|medium:slots|medium:jackpot|medium:wager|medium:betting|structural:18+,2026-08-09T09:44:41Z
https://88jili.bet,88jili.bet,0.8,strong:live dealer|strong:register now|medium:casino|medium:slots|medium:betting,2026-08-09T09:44:48Z
https://88pc.bet,88pc.bet,0.9,strong:free spins|strong:live dealer|medium:casino|medium:poker|medium:jackpot|medium:wager,2026-08-09T09:45:43Z
https://88ratu.bet,88ratu.bet,1.0,strong:deposit bonus|strong:free spins|strong:live dealer|medium:casino|medium:slots|medium:sportsbook|medium:jackpot|medium:wager,2026-08-09T09:46:02Z
https://88ratu.bet,88ratu.bet,1.0,strong:deposit bonus|strong:free spins|strong:live dealer|medium:casino|medium:slots|medium:sportsbook|medium:jackpot|medium:wager,2026-08-09T09:46:02Z
https://88star.bet,88star.bet,1.0,strong:deposit bonus|strong:free spins|strong:live dealer|strong:play now|medium:casino|medium:slots|medium:poker|medium:sportsbook|medium:jackpot|medium:wager|medium:betting|structural:18+,2026-08-09T09:46:22Z
https://88zh88.bet,88zh88.bet,1.0,strong:free spins|strong:live dealer|strong:play now|strong:cashier|medium:casino|medium:slots|medium:jackpot|medium:wager|medium:betting,2026-08-09T09:47:17Z
https://898a.bet,898a.bet,1.0,strong:deposit bonus|strong:live dealer|medium:casino|medium:slots|medium:sportsbook|medium:wager|medium:betting,2026-08-09T09:47:59Z
https://8998jili.bet,8998jili.bet,0.8,strong:live dealer|strong:register now|medium:casino|medium:slots|medium:betting,2026-08-09T09:48:19Z
https://8999bat.bet,8999bat.bet,1.0,strong:live dealer|strong:register now|medium:casino|medium:slots|medium:sportsbook|medium:wager|medium:betting,2026-08-09T09:48:29Z
https://8999bat.bet,8999bat.bet,1.0,strong:live dealer|strong:register now|medium:casino|medium:slots|medium:sportsbook|medium:wager|medium:betting,2026-08-09T09:48:29Z
https://8999pet.bet,8999pet.bet,0.9,strong:live dealer|strong:register now|medium:casino|medium:slots|medium:sportsbook|medium:betting,2026-08-09T09:48:35Z
https://89i.bet,89i.bet,1.0,strong:free spins|strong:live dealer|strong:play now|medium:casino|medium:slots|medium:poker|medium:jackpot|medium:betting,2026-08-09T09:49:00Z
https://89php.bet,89php.bet,1.0,strong:deposit bonus|strong:free spins|strong:sign up now|medium:casino|medium:slots|medium:poker,2026-08-09T09:49:04Z
https://89php.bet,89php.bet,1.0,strong:deposit bonus|strong:free spins|strong:sign up now|medium:casino|medium:slots|medium:poker,2026-08-09T09:49:04Z
https://8g88.bet,8g88.bet,1.0,strong:deposit bonus|strong:free spins|strong:live dealer|medium:casino|medium:slots|medium:poker|medium:jackpot|medium:wager|medium:betting|structural:18+|structural:responsible gambling|structural:age verification,2026-08-09T09:50:18Z
https://8g88.bet,8g88.bet,1.0,strong:deposit bonus|strong:free spins|strong:live dealer|medium:casino|medium:slots|medium:poker|medium:jackpot|medium:wager|medium:betting|structural:18+|structural:responsible gambling|structural:age verification,2026-08-09T09:50:18Z
https://8jl.bet,8jl.bet,1.0,strong:deposit bonus|strong:free spins|strong:sign up now|medium:casino|medium:slots|medium:poker,2026-08-09T09:51:00Z
https://8k8app4.bet,8k8app4.bet,1.0,strong:live dealer|strong:register now|medium:casino|medium:slots|medium:sportsbook|medium:jackpot|medium:wager|medium:betting,2026-08-09T09:51:17Z
https://8k8phil.bet,8k8phil.bet,0.8,strong:live dealer|strong:claim bonus|medium:casino|medium:slots|medium:sportsbook,2026-08-09T09:51:20Z
https://8kbdt.bet,8kbdt.bet,0.9,strong:free spins|strong:live dealer|medium:casino|medium:poker|medium:jackpot|medium:betting,2026-08-09T09:51:25Z
https://8kbst.bet,8kbst.bet,0.8,strong:free spins|strong:live dealer|medium:casino|medium:jackpot|medium:wager,2026-08-09T09:51:34Z
https://8kbst.bet,8kbst.bet,0.8,strong:free spins|strong:live dealer|medium:casino|medium:jackpot|medium:wager,2026-08-09T09:51:35Z
https://8kebt.bet,8kebt.bet,0.85,strong:free spins|strong:live dealer|medium:casino|medium:slots|medium:poker|medium:jackpot|medium:betting|negative:app store,2026-08-09T09:51:35Z
https://8ktop.bet,8ktop.bet,1.0,strong:live dealer|strong:register now|medium:casino|medium:slots|medium:jackpot|medium:betting|structural:18+,2026-08-09T09:51:40Z
https://8ktop.bet,8ktop.bet,0.9,strong:live dealer|strong:register now|medium:casino|medium:slots|medium:jackpot|medium:betting,2026-08-09T09:51:40Z
https://8mp.bet,8mp.bet,1.0,strong:live dealer|strong:register now|medium:casino|medium:slots|medium:poker|medium:jackpot|medium:wager|medium:betting,2026-08-09T09:51:56Z
https://8s888.bet,8s888.bet,1.0,strong:deposit bonus|strong:live dealer|medium:casino|medium:slots|medium:wager|medium:betting|structural:18+,2026-08-09T09:52:51Z
https://8s888.bet,8s888.bet,1.0,strong:deposit bonus|strong:live dealer|medium:casino|medium:slots|medium:wager|medium:betting|structural:18+,2026-08-09T09:52:52Z
https://8up-bd.bet,8up-bd.bet,1.0,strong:free spins|strong:live dealer|strong:withdraw winnings|medium:casino|medium:slots|medium:sportsbook|medium:betting,2026-08-09T09:53:14Z
https://8v77.bet,8v77.bet,1.0,strong:free spins|strong:live dealer|strong:cashier|medium:casino|medium:slots|medium:poker|medium:sportsbook|medium:jackpot|medium:wager|medium:betting|structural:18+|structural:age verification,2026-08-09T09:53:19Z
https://8v77.bet,8v77.bet,1.0,strong:free spins|strong:live dealer|strong:cashier|medium:casino|medium:slots|medium:poker|medium:sportsbook|medium:jackpot|medium:wager|medium:betting|structural:18+|structural:age verification,2026-08-09T09:53:20Z
https://9-777.bet,9-777.bet,1.0,strong:free spins|strong:live dealer|strong:claim bonus|medium:casino|medium:slots|medium:jackpot|medium:wager,2026-08-09T09:54:57Z
https://9-777.bet,9-777.bet,1.0,strong:free spins|strong:live dealer|strong:claim bonus|medium:casino|medium:slots|medium:jackpot|medium:wager,2026-08-09T09:54:57Z
https://9002.bet,9002.bet,0.9,strong:register now|strong:sign up now|medium:casino|medium:slots|medium:wager|medium:betting,2026-08-09T09:55:00Z
https://9027.bet,9027.bet,1.0,strong:live dealer|strong:play now|medium:casino|medium:slots|medium:poker|medium:jackpot|medium:wager|medium:betting|structural:responsible gambling|negative:how to play,2026-08-09T09:55:03Z
https://9027.bet,9027.bet,1.0,strong:live dealer|strong:play now|medium:casino|medium:slots|medium:poker|medium:jackpot|medium:wager|medium:betting|structural:responsible gambling|negative:how to play,2026-08-09T09:55:03Z
https://9050.bet,9050.bet,1.0,strong:free spins|strong:live dealer|strong:register now|medium:casino|medium:slots|medium:jackpot|medium:wager|medium:betting,2026-08-09T09:55:04Z
https://9072.bet,9072.bet,1.0,strong:free spins|strong:live dealer|strong:register now|medium:casino|medium:slots|medium:jackpot|medium:wager|medium:betting|structural:responsible gambling,2026-08-09T09:55:06Z
https://9072.bet,9072.bet,1.0,strong:free spins|strong:live dealer|strong:register now|medium:casino|medium:slots|medium:jackpot|medium:wager|medium:betting|structural:responsible gambling,2026-08-09T09:55:06Z
https://905slotoro.bet,905slotoro.bet,1.0,strong:deposit bonus|strong:free spins|strong:live dealer|strong:cashier|strong:bet slip|medium:casino|medium:slots|medium:poker|medium:sportsbook|medium:jackpot|medium:wager|medium:betting|structural:gambleaware|structural:responsible gambling|negative:app store,2026-08-09T09:55:07Z
https://9120.bet,9120.bet,1.0,strong:withdraw winnings|strong:register now|medium:casino|medium:slots|medium:sportsbook|medium:jackpot|medium:betting,2026-08-09T09:56:34Z
https://9144.bet,9144.bet,1.0,strong:live dealer|strong:register now|medium:casino|medium:slots|medium:poker|medium:sportsbook|medium:jackpot|medium:wager|medium:betting|structural:responsible gambling,2026-08-09T09:56:39Z
https://9160.bet,9160.bet,1.0,strong:live dealer|strong:register now|medium:casino|medium:slots|medium:poker|medium:wager|medium:betting,2026-08-09T09:56:42Z
https://9160.bet,9160.bet,1.0,strong:live dealer|strong:register now|medium:casino|medium:slots|medium:poker|medium:wager|medium:betting,2026-08-09T09:56:42Z
https://9178.bet,9178.bet,1.0,strong:live dealer|strong:register now|medium:casino|medium:slots|medium:poker|medium:jackpot|medium:wager|medium:betting|structural:18+,2026-08-09T09:56:48Z
https://9178.bet,9178.bet,1.0,strong:live dealer|strong:register now|medium:casino|medium:slots|medium:poker|medium:jackpot|medium:wager|medium:betting|structural:18+,2026-08-09T09:56:48Z
https://918kissme.bet,918kissme.bet,0.9,strong:live dealer|strong:cashier|medium:casino|medium:slots|medium:sportsbook|medium:betting,2026-08-09T09:57:00Z
https://918kissme.bet,918kissme.bet,0.9,strong:live dealer|strong:cashier|medium:casino|medium:slots|medium:sportsbook|medium:betting,2026-08-09T09:57:00Z
https://9198.bet,9198.bet,1.0,strong:live dealer|strong:register now|medium:casino|medium:slots|medium:jackpot|medium:wager|medium:betting,2026-08-09T09:57:03Z
https://91jili.bet,91jili.bet,0.8,strong:live dealer|strong:register now|medium:casino|medium:slots|medium:betting,2026-08-09T09:57:31Z
https://91i.bet,91i.bet,1.0,strong:free spins|strong:live dealer|strong:register now|medium:casino|medium:slots|medium:jackpot|medium:wager|medium:betting,2026-08-09T09:57:31Z
https://91jili.bet,91jili.bet,0.8,strong:live dealer|strong:register now|medium:casino|medium:slots|medium:betting,2026-08-09T09:57:31Z
https://91slotoro284.bet,91slotoro284.bet,1.0,strong:deposit bonus|strong:free spins|strong:live dealer|strong:cashier|strong:bet slip|medium:casino|medium:slots|medium:poker|medium:sportsbook|medium:jackpot|medium:wager|medium:betting|structural:gambleaware|structural:responsible gambling|negative:app store,2026-08-09T09:57:53Z
https://91slotoro284.bet,91slotoro284.bet,1.0,strong:deposit bonus|strong:free spins|strong:live dealer|strong:cashier|strong:bet slip|medium:casino|medium:slots|medium:poker|medium:sportsbook|medium:jackpot|medium:wager|medium:betting|structural:gambleaware|structural:responsible gambling|negative:app store,2026-08-09T09:57:53Z
https://9211.bet,9211.bet,0.9,strong:live dealer|strong:register now|medium:casino|medium:slots|medium:wager|medium:betting,2026-08-09T09:57:53Z
https://9250.bet,9250.bet,1.0,strong:place a bet|strong:live dealer|strong:register now|medium:casino|medium:slots|medium:jackpot|medium:wager|medium:betting|structural:18+|structural:age verification,2026-08-09T09:58:09Z
https://92ph.bet,92ph.bet,1.0,strong:deposit bonus|strong:free spins|strong:sign up now|medium:casino|medium:slots|medium:poker,2026-08-09T09:58:53Z
https://92pkr6.bet,92pkr6.bet,1.0,strong:deposit bonus|strong:free spins|strong:live dealer|strong:cashier|medium:casino|medium:slots|medium:jackpot|medium:wager|medium:betting|structural:age verification,2026-08-09T09:58:55Z
https://9333bat.bet,9333bat.bet,1.0,strong:free spins|strong:live dealer|strong:play now|medium:casino|medium:slots|medium:jackpot|medium:wager|medium:betting|structural:18+,2026-08-09T09:59:17Z
https://9333bat.bet,9333bat.bet,1.0,strong:free spins|strong:live dealer|strong:play now|medium:casino|medium:slots|medium:jackpot|medium:wager|medium:betting|structural:18+|structural:age verification,2026-08-09T09:59:17Z
https://94000.bet,94000.bet,1.0,strong:free spins|strong:live dealer|strong:register now|medium:casino|medium:slots|medium:poker|medium:jackpot|medium:wager|medium:betting,2026-08-09T10:00:32Z
https://94ok.bet,94ok.bet,1.0,strong:deposit bonus|strong:free spins|strong:live dealer|medium:casino|medium:slots|medium:jackpot|medium:wager|medium:betting|structural:18+|structural:responsible gambling,2026-08-09T10:00:48Z
https://95-ok.bet,95-ok.bet,0.95,strong:free spins|strong:live dealer|medium:casino|medium:slots|medium:betting|structural:18+,2026-08-09T10:00:51Z
https://95-ok.bet,95-ok.bet,0.95,strong:free spins|strong:live dealer|medium:casino|medium:slots|medium:betting|structural:18+,2026-08-09T10:00:51Z
https://950ok.bet,950ok.bet,1.0,strong:free spins|strong:live dealer|medium:casino|medium:slots|medium:poker|medium:sportsbook|medium:jackpot|medium:wager|medium:betting|structural:18+|structural:age verification,2026-08-09T10:00:56Z
https://9551.bet,9551.bet,1.0,strong:free spins|strong:place a bet|strong:live dealer|strong:register now|strong:bet slip|medium:casino|medium:slots|medium:poker|medium:sportsbook|medium:jackpot|medium:wager|medium:betting,2026-08-09T10:01:02Z
https://9551.bet,9551.bet,1.0,strong:live dealer|strong:register now|medium:casino|medium:slots|medium:sportsbook|medium:jackpot|medium:betting,2026-08-09T10:01:02Z
https://9570.bet,9570.bet,1.0,strong:live dealer|strong:register now|medium:casino|medium:slots|medium:poker|medium:sportsbook|medium:jackpot|medium:wager|medium:betting,2026-08-09T10:01:14Z
https://9570.bet,9570.bet,1.0,strong:live dealer|strong:register now|medium:casino|medium:slots|medium:poker|medium:sportsbook|medium:jackpot|medium:wager|medium:betting,2026-08-09T10:01:14Z
https://9600x.bet,9600x.bet,1.0,strong:live dealer|strong:register now|medium:casino|medium:slots|medium:poker|medium:jackpot|medium:wager|medium:betting,2026-08-09T10:02:08Z
https://9607.bet,9607.bet,1.0,strong:live dealer|strong:register now|medium:casino|medium:slots|medium:poker|medium:jackpot|medium:wager|medium:betting|structural:age verification,2026-08-09T10:02:09Z
https://9666tk.bet,9666tk.bet,1.0,strong:free spins|strong:live dealer|strong:register now|strong:play now|medium:casino|medium:slots|medium:poker|medium:jackpot|medium:wager|medium:betting|structural:responsible gambling,2026-08-09T10:02:17Z
https://96ph.bet,96ph.bet,1.0,strong:deposit bonus|strong:free spins|strong:sign up now|medium:casino|medium:slots|medium:poker,2026-08-09T10:03:01Z
https://96ph.bet,96ph.bet,1.0,strong:deposit bonus|strong:free spins|strong:sign up now|medium:casino|medium:slots|medium:poker,2026-08-09T10:03:01Z
https://96win.bet,96win.bet,0.9,strong:claim bonus|strong:play now|medium:casino|medium:slots|medium:wager|medium:betting,2026-08-09T10:03:06Z
https://9720.bet,9720.bet,1.0,strong:deposit bonus|strong:register now|medium:casino|medium:slots|medium:poker|medium:sportsbook|medium:jackpot|medium:wager|medium:betting|negative:how to play,2026-08-09T10:03:10Z
https://9777cx.bet,9777cx.bet,1.0,strong:free spins|strong:live dealer|medium:casino|medium:slots|medium:poker|medium:sportsbook|medium:wager|medium:betting|structural:responsible gambling|structural:age verification,2026-08-09T10:03:31Z
https://9777cx.bet,9777cx.bet,1.0,strong:free spins|strong:live dealer|medium:casino|medium:slots|medium:poker|medium:sportsbook|medium:wager|medium:betting|structural:responsible gambling|structural:age verification,2026-08-09T10:03:31Z
https://977bed.bet,977bed.bet,1.0,strong:free spins|strong:place a bet|strong:live dealer|strong:play now|medium:casino|medium:slots|medium:poker|medium:jackpot|medium:wager|medium:betting,2026-08-09T10:03:35Z
https://977bed.bet,977bed.bet,1.0,strong:free spins|strong:place a bet|strong:live dealer|strong:play now|medium:casino|medium:slots|medium:jackpot|medium:betting,2026-08-09T10:03:36Z
https://977det.bet,977det.bet,1.0,strong:free spins|strong:place a bet|strong:live dealer|strong:claim bonus|strong:play now|medium:casino|medium:slots|medium:jackpot|medium:wager|medium:betting|structural:age verification,2026-08-09T10:03:36Z
https://979jiliphil.bet,979jiliphil.bet,0.9,strong:free spins|strong:live dealer|medium:casino|medium:slots|medium:jackpot|medium:betting,2026-08-09T10:03:57Z
https://979jiliphil.bet,979jiliphil.bet,0.9,strong:free spins|strong:live dealer|medium:casino|medium:slots|medium:jackpot|medium:betting,2026-08-09T10:03:57Z
https://97hi77.bet,97hi77.bet,1.0,strong:free spins|strong:place a bet|strong:live dealer|strong:play now|medium:casino|medium:slots|medium:jackpot|medium:wager|medium:betting,2026-08-09T10:04:19Z
https://9873.bet,9873.bet,1.0,strong:deposit bonus|strong:live dealer|strong:register now|medium:casino|medium:slots|medium:poker|medium:jackpot|medium:wager|medium:betting|structural:age verification,2026-08-09T10:05:08Z
https://988wan.bet,988wan.bet,1.0,strong:live dealer|strong:cashier|medium:casino|medium:slots|medium:poker|medium:sportsbook|medium:jackpot|medium:wager|medium:betting,2026-08-09T10:05:35Z
https://98jl.bet,98jl.bet,0.8,strong:live dealer|strong:withdraw winnings|medium:casino|medium:slots|medium:betting,2026-08-09T10:06:35Z
https://9960.bet,9960.bet,1.0,strong:free spins|strong:live dealer|strong:register now|medium:casino|medium:slots|medium:poker|medium:jackpot|medium:wager|medium:betting,2026-08-09T10:08:21Z
https://9960.bet,9960.bet,1.0,strong:free spins|strong:live dealer|strong:register now|medium:casino|medium:slots|medium:poker|medium:jackpot|medium:wager|medium:betting,2026-08-09T10:08:21Z
https://9961.bet,9961.bet,1.0,strong:live dealer|strong:withdraw winnings|strong:register now|strong:sign up now|medium:casino|medium:slots|medium:poker|medium:sportsbook|medium:jackpot|medium:wager|medium:betting,2026-08-09T10:08:21Z
https://9961.bet,9961.bet,1.0,strong:live dealer|strong:register now|medium:casino|medium:slots|medium:poker|medium:sportsbook|medium:jackpot|medium:wager|medium:betting,2026-08-09T10:08:21Z
https://997jl.bet,997jl.bet,0.8,strong:free spins|strong:live dealer|medium:casino|medium:slots|medium:poker,2026-08-09T10:08:39Z
https://9983.bet,9983.bet,1.0,strong:live dealer|strong:register now|medium:casino|medium:slots|medium:sportsbook|medium:jackpot|medium:wager|medium:betting,2026-08-09T10:08:43Z
https://9999bed.bet,9999bed.bet,1.0,strong:free spins|strong:live dealer|strong:play now|strong:cashier|medium:casino|medium:slots|medium:poker|medium:sportsbook|medium:jackpot|medium:wager|medium:betting|structural:18+,2026-08-09T10:09:42Z
https://9999bed.bet,9999bed.bet,1.0,strong:free spins|strong:live dealer|strong:play now|strong:cashier|medium:casino|medium:slots|medium:poker|medium:sportsbook|medium:jackpot|medium:wager|medium:betting|structural:18+,2026-08-09T10:09:43Z
https://9999tk.bet,9999tk.bet,1.0,strong:free spins|strong:place a bet|strong:live dealer|strong:play now|medium:casino|medium:slots|medium:sportsbook|medium:jackpot|medium:wager|medium:betting,2026-08-09T10:09:46Z
https://9999tk.bet,9999tk.bet,1.0,strong:free spins|strong:place a bet|strong:live dealer|strong:play now|medium:casino|medium:slots|medium:sportsbook|medium:jackpot|medium:wager|medium:betting,2026-08-09T10:09:47Z
https://999ba.bet,999ba.bet,1.0,strong:deposit bonus|strong:live dealer|medium:casino|medium:slots|medium:poker|medium:jackpot|medium:wager|medium:betting|structural:18+|structural:age verification,2026-08-09T10:09:52Z
https://999ba.bet,999ba.bet,1.0,strong:deposit bonus|strong:live dealer|medium:casino|medium:slots|medium:poker|medium:jackpot|medium:wager|medium:betting|structural:18+|structural:age verification,2026-08-09T10:09:52Z
https://999betbrazil.bet,999betbrazil.bet,0.9,strong:mga/|strong:ukgc|medium:casino|medium:slots|medium:wager|medium:betting,2026-08-09T10:10:01Z
https://999bs.bet,999bs.bet,1.0,strong:free spins|strong:live dealer|strong:claim bonus|strong:play now|medium:casino|medium:slots|medium:jackpot|medium:wager|medium:betting|structural:18+,2026-08-09T10:10:03Z
https://999bs.bet,999bs.bet,1.0,strong:free spins|strong:live dealer|strong:claim bonus|strong:play now|medium:casino|medium:slots|medium:jackpot|medium:wager|medium:betting|structural:18+,2026-08-09T10:10:04Z
https://999cb.bet,999cb.bet,1.0,strong:live dealer|strong:cashier|medium:casino|medium:slots|medium:sportsbook|medium:jackpot|medium:wager|medium:betting,2026-08-09T10:10:06Z
https://999gam.bet,999gam.bet,1.0,strong:free spins|strong:place a bet|strong:live dealer|strong:play now|medium:casino|medium:slots|medium:poker|medium:jackpot|medium:wager|medium:betting,2026-08-09T10:10:14Z
https://99an.bet,99an.bet,0.8,strong:deposit bonus|strong:live dealer|medium:casino|medium:slots|medium:betting,2026-08-09T10:11:11Z
https://99an.bet,99an.bet,1.0,strong:deposit bonus|strong:live dealer|strong:play now|medium:casino|medium:slots|medium:poker|medium:sportsbook|medium:jackpot|medium:wager|medium:betting,2026-08-09T10:11:11Z
https://99exchange.bet,99exchange.bet,1.0,strong:live dealer|strong:play now|medium:casino|medium:slots|medium:poker|medium:jackpot|medium:betting,2026-08-09T10:11:38Z
https://99pak.bet,99pak.bet,1.0,strong:deposit bonus|strong:free spins|strong:claim bonus|strong:play now|medium:casino|medium:slots|medium:sportsbook|medium:jackpot|medium:wager|medium:betting|structural:18+|structural:age verification,2026-08-09T10:12:21Z
https://99pak.bet,99pak.bet,1.0,strong:deposit bonus|strong:free spins|strong:claim bonus|strong:play now|medium:casino|medium:slots|medium:sportsbook|medium:jackpot|medium:wager|medium:betting,2026-08-09T10:12:22Z
https://99y888.bet,99y888.bet,1.0,strong:deposit bonus|strong:live dealer|medium:casino|medium:slots|medium:poker|medium:sportsbook|medium:jackpot|medium:betting,2026-08-09T10:13:20Z
https://99y888.bet,99y888.bet,1.0,strong:deposit bonus|strong:free spins|strong:live dealer|strong:play now|medium:casino|medium:slots|medium:poker|medium:sportsbook|medium:jackpot|medium:wager|medium:betting,2026-08-09T10:13:20Z
https://9a-999.bet,9a-999.bet,0.9,strong:free spins|strong:live dealer|medium:casino|medium:slots|medium:poker|medium:betting|structural:18+|negative:app store,2026-08-09T10:13:40Z
https://9a-999.bet,9a-999.bet,0.9,strong:free spins|strong:live dealer|medium:casino|medium:slots|medium:poker|medium:betting|structural:18+|negative:app store,2026-08-09T10:13:40Z
https://9e999.bet,9e999.bet,1.0,strong:free spins|strong:live dealer|strong:play now|medium:casino|medium:slots|medium:poker|medium:jackpot|medium:wager|medium:betting,2026-08-09T10:14:31Z
https://9jgame.bet,9jgame.bet,1.0,strong:free spins|strong:live dealer|medium:casino|medium:slots|medium:poker|medium:sportsbook|medium:betting,2026-08-09T10:15:52Z
https://9p999.bet,9p999.bet,1.0,strong:free spins|strong:live dealer|strong:withdraw winnings|strong:cashier|medium:casino|medium:slots|medium:sportsbook|medium:jackpot|medium:wager|medium:betting|structural:age verification,2026-08-09T10:16:34Z
https://9p999.bet,9p999.bet,1.0,strong:free spins|strong:live dealer|strong:withdraw winnings|strong:cashier|medium:casino|medium:slots|medium:sportsbook|medium:jackpot|medium:wager|medium:betting|structural:age verification,2026-08-09T10:16:34Z
https://9pk365.bet,9pk365.bet,1.0,strong:deposit bonus|strong:live dealer|medium:casino|medium:slots|medium:poker|medium:sportsbook|medium:jackpot|medium:wager|medium:betting,2026-08-09T10:16:36Z
https://9pk365.bet,9pk365.bet,1.0,strong:deposit bonus|strong:live dealer|strong:play now|medium:casino|medium:slots|medium:poker|medium:sportsbook|medium:jackpot|medium:wager|medium:betting,2026-08-09T10:16:36Z
https://9uok.bet,9uok.bet,0.95,strong:deposit bonus|strong:live dealer|strong:register now|medium:casino|medium:slots,2026-08-09T10:17:21Z
https://a-880.bet,a-880.bet,0.8,strong:free spins|strong:live dealer|medium:casino|medium:slots|medium:betting|structural:18+|negative:app store,2026-08-09T10:18:05Z
https://a2d.bet,a2d.bet,1.0,strong:deposit bonus|strong:register now|medium:casino|medium:slots|medium:poker|medium:jackpot|medium:betting,2026-08-09T10:19:10Z
https://a2ui.bet,a2ui.bet,1.0,strong:deposit bonus|strong:live dealer|strong:withdraw winnings|strong:register now|medium:casino|medium:slots|medium:poker|medium:jackpot|medium:wager|medium:betting|structural:responsible gambling,2026-08-09T10:19:14Z
https://a2ui.bet,a2ui.bet,1.0,strong:deposit bonus|strong:live dealer|strong:withdraw winnings|strong:register now|medium:casino|medium:slots|medium:poker|medium:jackpot|medium:wager|medium:betting|structural:responsible gambling,2026-08-09T10:19:14Z
https://a3ipl.bet,a3ipl.bet,0.75,strong:claim bonus|strong:ukgc|medium:casino|structural:18+,2026-08-09T10:19:29Z
https://a3ipl.bet,a3ipl.bet,0.75,strong:claim bonus|strong:ukgc|medium:casino|structural:18+,2026-08-09T10:19:29Z
https://a45.bet,a45.bet,1.0,strong:deposit bonus|strong:free spins|strong:sign up now|medium:casino|medium:slots|medium:poker,2026-08-09T10:19:31Z
https://a45.bet,a45.bet,1.0,strong:deposit bonus|strong:free spins|strong:sign up now|medium:casino|medium:slots|medium:poker,2026-08-09T10:19:31Z
https://a44444.bet,a44444.bet,1.0,strong:live dealer|strong:play now|medium:casino|medium:slots|medium:poker|medium:jackpot|medium:wager|medium:betting,2026-08-09T10:19:31Z
https://a45a.bet,a45a.bet,0.9,strong:live dealer|strong:register now|medium:casino|medium:slots|medium:sportsbook|medium:betting,2026-08-09T10:19:31Z
https://a44444.bet,a44444.bet,1.0,strong:live dealer|strong:play now|medium:casino|medium:slots|medium:poker|medium:jackpot|medium:wager|medium:betting,2026-08-09T10:19:31Z
https://a4x.bet,a4x.bet,1.0,strong:free spins|strong:live dealer|strong:register now|medium:casino|medium:slots|medium:poker|medium:jackpot|medium:wager|medium:betting|structural:18+|structural:age verification,2026-08-09T10:19:34Z
https://a4x.bet,a4x.bet,1.0,strong:free spins|strong:live dealer|medium:casino|medium:slots|medium:poker|medium:jackpot|medium:betting,2026-08-09T10:19:34Z
https://a71login.bet,a71login.bet,0.9,strong:live dealer|strong:register now|medium:casino|medium:slots|medium:sportsbook|medium:betting,2026-08-09T10:20:21Z
https://a9a999.bet,a9a999.bet,1.0,strong:free spins|strong:play now|medium:casino|medium:slots|medium:jackpot|medium:wager|medium:betting,2026-08-09T10:20:57Z
https://a9a999.bet,a9a999.bet,0.9,strong:free spins|strong:play now|medium:casino|medium:slots|medium:jackpot|medium:betting,2026-08-09T10:20:58Z
https://a9win.bet,a9win.bet,0.8,strong:live dealer|strong:register now|medium:casino|medium:slots|medium:betting,2026-08-09T10:20:59Z
https://aa880.bet,aa880.bet,0.8,strong:free spins|strong:live dealer|medium:casino|medium:slots|medium:betting|structural:18+|negative:app store,2026-08-09T10:21:14Z
https://aaa88.bet,aaa88.bet,1.0,strong:live dealer|strong:play now|medium:casino|medium:slots|medium:poker|medium:jackpot|medium:betting|structural:age verification,2026-08-09T10:21:25Z
https://aaa88.bet,aaa88.bet,1.0,strong:live dealer|strong:play now|medium:casino|medium:slots|medium:poker|medium:jackpot|medium:betting,2026-08-09T10:21:26Z
https://aabplay.bet,aabplay.bet,1.0,strong:deposit bonus|strong:free spins|strong:live dealer|strong:withdraw winnings|strong:register now|medium:casino|medium:slots|medium:poker|medium:jackpot|medium:wager|medium:betting|negative:in-app purchases,2026-08-09T10:21:38Z
https://ab678.bet,ab678.bet,1.0,strong:free spins|strong:live dealer|strong:withdraw winnings|strong:play now|medium:casino|medium:slots|medium:poker|medium:jackpot|medium:wager|medium:betting|structural:18+|structural:age verification,2026-08-09T10:23:15Z
https://ab678.bet,ab678.bet,1.0,strong:free spins|strong:live dealer|strong:withdraw winnings|strong:play now|medium:casino|medium:slots|medium:poker|medium:jackpot|medium:wager|medium:betting|structural:18+|structural:age verification,2026-08-09T10:23:15Z
https://ab7778.bet,ab7778.bet,1.0,strong:live dealer|strong:play now|medium:casino|medium:slots|medium:poker|medium:jackpot|medium:wager|medium:betting,2026-08-09T10:23:17Z
https://ab7778.bet,ab7778.bet,1.0,strong:live dealer|strong:play now|medium:casino|medium:slots|medium:poker|medium:jackpot|medium:wager|medium:betting,2026-08-09T10:23:17Z
https://ab999.bet,ab999.bet,0.8,strong:live dealer|strong:curacao egaming|medium:casino|medium:slots|medium:betting|structural:18+|negative:app store,2026-08-09T10:23:19Z
https://ab999.bet,ab999.bet,0.8,strong:live dealer|strong:curacao egaming|medium:casino|medium:slots|medium:betting|structural:18+|negative:app store,2026-08-09T10:23:19Z
https://ab999c.bet,ab999c.bet,1.0,strong:free spins|strong:live dealer|strong:play now|medium:casino|medium:slots|medium:poker|medium:jackpot|medium:wager|medium:betting|negative:how to play,2026-08-09T10:23:22Z
https://abadi777.bet,abadi777.bet,0.8,strong:free spins|strong:live dealer|medium:casino|medium:slots|medium:sportsbook,2026-08-09T10:23:26Z
https://abandonware.bet,abandonware.bet,0.9,strong:live dealer|strong:bet slip|medium:casino|medium:slots|medium:sportsbook|medium:jackpot,2026-08-09T10:23:35Z
https://abandonware.bet,abandonware.bet,0.9,strong:live dealer|strong:bet slip|medium:casino|medium:slots|medium:sportsbook|medium:jackpot,2026-08-09T10:23:35Z
https://abangda88.bet,abangda88.bet,1.0,strong:deposit bonus|strong:live dealer|strong:bet slip|medium:casino|medium:slots|medium:sportsbook|medium:wager,2026-08-09T10:23:35Z
https://abangda88.bet,abangda88.bet,1.0,strong:deposit bonus|strong:live dealer|strong:bet slip|medium:casino|medium:slots|medium:sportsbook|medium:wager,2026-08-09T10:23:35Z
https://abang918.bet,abang918.bet,0.75,strong:place a bet|strong:live dealer|strong:bet slip|medium:casino|medium:slots|medium:sportsbook|negative:app store|negative:google play,2026-08-09T10:23:35Z
https://abbabat.bet,abbabat.bet,0.95,strong:free spins|strong:live dealer|medium:casino|medium:slots|medium:betting|structural:18+,2026-08-09T10:23:40Z
https://abbab.bet,abbab.bet,0.8,strong:free spins|strong:cashier|medium:casino|medium:poker|medium:betting,2026-08-09T10:23:40Z
https://abbabat.bet,abbabat.bet,0.95,strong:free spins|strong:live dealer|medium:casino|medium:slots|medium:betting|structural:18+,2026-08-09T10:23:40Z
https://abbab.bet,abbab.bet,0.8,strong:free spins|strong:cashier|medium:casino|medium:poker|medium:betting,2026-08-09T10:23:40Z
https://abc1311.bet,abc1311.bet,0.8,strong:live dealer|strong:cashier|medium:casino|medium:slots|medium:sportsbook,2026-08-09T10:23:44Z
https://abc356.bet,abc356.bet,1.0,strong:free spins|strong:live dealer|strong:cashier|strong:bet slip|medium:casino|medium:slots|medium:poker|medium:jackpot|medium:wager|medium:betting|structural:18+|structural:responsible gambling,2026-08-09T10:23:47Z
https://abc770.bet,abc770.bet,1.0,strong:live dealer|strong:play now|medium:casino|medium:slots|medium:poker|medium:jackpot|medium:wager|medium:betting,2026-08-09T10:23:54Z
https://abc770.bet,abc770.bet,1.0,strong:live dealer|strong:play now|medium:casino|medium:slots|medium:poker|medium:jackpot|medium:wager|medium:betting,2026-08-09T10:23:55Z
https://abcslot.bet,abcslot.bet,1.0,strong:live dealer|strong:bet slip|medium:casino|medium:slots|medium:poker|medium:sportsbook|medium:betting,2026-08-09T10:24:14Z
https://abcwin386.bet,abcwin386.bet,0.85,strong:live dealer|strong:claim bonus|medium:casino|medium:slots|medium:sportsbook|medium:jackpot|medium:betting|negative:app store,2026-08-09T10:24:15Z
https://abigcandycasino.bet,abigcandycasino.bet,1.0,strong:deposit bonus|strong:free spins|strong:play now|strong:cashier|strong:curacao egaming|medium:casino|medium:slots|medium:jackpot|medium:wager|structural:responsible gambling,2026-08-09T10:25:05Z
https://abigcandycasino.bet,abigcandycasino.bet,1.0,strong:deposit bonus|strong:free spins|strong:play now|strong:cashier|strong:curacao egaming|medium:casino|medium:slots|medium:jackpot|medium:wager|medium:betting|structural:18+|structural:responsible gambling,2026-08-09T10:25:05Z
https://abocasino.bet,abocasino.bet,1.0,strong:deposit bonus|strong:free spins|strong:play now|strong:curaçao egaming|medium:casino|medium:slots|medium:jackpot|medium:wager|medium:betting|structural:18+,2026-08-09T10:25:09Z
https://abocasino.bet,abocasino.bet,1.0,strong:deposit bonus|strong:free spins|strong:play now|strong:curaçao egaming|medium:casino|medium:slots|medium:jackpot|medium:wager|medium:betting|structural:18+,2026-08-09T10:25:09Z
https://abt222.bet,abt222.bet,1.0,strong:free spins|strong:live dealer|strong:play now|medium:casino|medium:slots|medium:poker|medium:jackpot|medium:betting|structural:responsible gambling|negative:how to play,2026-08-09T10:25:20Z
https://abt222.bet,abt222.bet,1.0,strong:free spins|strong:live dealer|strong:play now|medium:casino|medium:slots|medium:poker|medium:jackpot|medium:betting|structural:responsible gambling|negative:how to play,2026-08-09T10:25:20Z
https://abu88.bet,abu88.bet,1.0,strong:free spins|strong:live dealer|medium:casino|medium:slots|medium:poker|medium:jackpot|medium:wager|medium:betting|structural:18+|structural:gambleaware|structural:age verification,2026-08-09T10:25:22Z
https://abu88.bet,abu88.bet,1.0,strong:free spins|strong:live dealer|medium:casino|medium:slots|medium:poker|medium:jackpot|medium:wager|medium:betting|structural:18+|structural:gambleaware|structural:age verification,2026-08-09T10:25:22Z
https://ac10.bet,ac10.bet,1.0,strong:free spins|strong:live dealer|strong:register now|medium:casino|medium:slots|medium:jackpot|medium:wager|medium:betting,2026-08-09T10:25:25Z
https://ac10.bet,ac10.bet,1.0,strong:free spins|strong:live dealer|strong:register now|medium:casino|medium:slots|medium:jackpot|medium:wager|medium:betting,2026-08-09T10:25:25Z
https://ac222.bet,ac222.bet,0.85,strong:free spins|strong:live dealer|medium:casino|medium:slots|structural:18+,2026-08-09T10:25:26Z
https://ac222.bet,ac222.bet,0.85,strong:free spins|strong:live dealer|medium:casino|medium:slots|structural:18+,2026-08-09T10:25:27Z
https://acd444.bet,acd444.bet,1.0,strong:deposit bonus|strong:live dealer|strong:play now|medium:casino|medium:slots|medium:jackpot|medium:wager|medium:betting,2026-08-09T10:26:22Z
https://acd444.bet,acd444.bet,1.0,strong:deposit bonus|strong:live dealer|strong:play now|medium:casino|medium:slots|medium:jackpot|medium:wager|medium:betting,2026-08-09T10:26:24Z
https://ace165.bet,ace165.bet,1.0,strong:free spins|strong:live dealer|strong:play now|medium:casino|medium:slots|medium:jackpot|medium:wager|medium:betting,2026-08-09T10:26:28Z
https://ace3655.bet,ace3655.bet,1.0,strong:free spins|strong:live dealer|strong:cashier|medium:casino|medium:slots|medium:poker|medium:jackpot|medium:wager|medium:betting|structural:18+|structural:age verification,2026-08-09T10:26:34Z
https://ace445.bet,ace445.bet,1.0,strong:free spins|strong:live dealer|strong:play now|strong:cashier|medium:casino|medium:slots|medium:poker|medium:wager|medium:betting|structural:age verification|negative:how to play,2026-08-09T10:26:38Z
https://ace445.bet,ace445.bet,1.0,strong:free spins|strong:live dealer|strong:play now|strong:cashier|medium:casino|medium:slots|medium:poker|medium:wager|medium:betting|structural:age verification|negative:how to play,2026-08-09T10:26:38Z
https://ace4win-au.bet,ace4win-au.bet,1.0,strong:deposit bonus|strong:free spins|strong:live dealer|strong:play now|medium:casino|medium:slots|medium:poker,2026-08-09T10:26:40Z
https://ace81s.bet,ace81s.bet,1.0,strong:deposit bonus|strong:live dealer|strong:register now|medium:casino|medium:slots|medium:poker|medium:sportsbook|medium:betting,2026-08-09T10:26:52Z
https://ace81s.bet,ace81s.bet,1.0,strong:deposit bonus|strong:live dealer|medium:casino|medium:slots|medium:poker|medium:sportsbook|medium:betting,2026-08-09T10:26:52Z
https://acecasino.bet,acecasino.bet,1.0,strong:deposit bonus|strong:free spins|strong:live dealer|strong:withdraw winnings|strong:claim bonus|strong:play now|strong:cashier|medium:casino|medium:slots|medium:poker|medium:jackpot|medium:wager|medium:betting|structural:18+|structural:responsible gambling|structural:age verification,2026-08-09T10:26:54Z
https://acecasino.bet,acecasino.bet,1.0,strong:deposit bonus|strong:free spins|strong:live dealer|strong:withdraw winnings|strong:claim bonus|strong:play now|strong:cashier|medium:casino|medium:slots|medium:poker|medium:jackpot|medium:wager|medium:betting|structural:18+|structural:responsible gambling|structural:age verification,2026-08-09T10:26:54Z
https://acegame-casino.bet,acegame-casino.bet,1.0,strong:live dealer|strong:play now|medium:casino|medium:slots|medium:poker|medium:jackpot|medium:wager,2026-08-09T10:26:57Z
https://acegame-casino.bet,acegame-casino.bet,1.0,strong:live dealer|strong:play now|medium:casino|medium:slots|medium:poker|medium:jackpot|medium:wager,2026-08-09T10:26:57Z
https://acegamecasino.bet,acegamecasino.bet,0.8,strong:live dealer|strong:curaçao egaming|medium:casino|medium:slots|medium:jackpot,2026-08-09T10:26:57Z
https://acegamecasino.bet,acegamecasino.bet,0.8,strong:live dealer|strong:curaçao egaming|medium:casino|medium:slots|medium:jackpot,2026-08-09T10:26:57Z
https://acepeak.bet,acepeak.bet,1.0,strong:free spins|strong:live dealer|strong:cashier|medium:casino|medium:poker|medium:sportsbook|medium:jackpot|medium:wager|medium:betting|structural:responsible gambling,2026-08-09T10:27:02Z
https://acerush.bet,acerush.bet,1.0,strong:free spins|strong:live dealer|strong:cashier|medium:casino|medium:poker|medium:sportsbook|medium:jackpot|medium:wager|medium:betting,2026-08-09T10:27:05Z
https://acesuperph.bet,acesuperph.bet,0.8,strong:live dealer|strong:register now|medium:casino|medium:slots|medium:poker,2026-08-09T10:27:08Z
https://acewincasino.bet,acewincasino.bet,1.0,strong:deposit bonus|strong:free spins|strong:live dealer|strong:withdraw winnings|strong:play now|strong:cashier|strong:curaçao egaming|medium:casino|medium:slots|medium:poker|medium:jackpot|medium:wager|medium:betting|structural:18+|structural:responsible gambling,2026-08-09T10:27:47Z
https://acewincasino.bet,acewincasino.bet,1.0,strong:deposit bonus|strong:free spins|strong:live dealer|strong:withdraw winnings|strong:play now|strong:cashier|strong:curaçao egaming|medium:casino|medium:slots|medium:poker|medium:jackpot|medium:wager|medium:betting|structural:18+|structural:responsible gambling,2026-08-09T10:27:47Z
https://ach444.bet,ach444.bet,1.0,strong:free spins|strong:live dealer|strong:play now|medium:casino|medium:slots|medium:poker|medium:jackpot|medium:betting,2026-08-09T10:27:53Z
https://acr365.bet,acr365.bet,1.0,strong:deposit bonus|strong:free spins|strong:live dealer|strong:play now|medium:casino|medium:slots|medium:jackpot|medium:wager|medium:betting|structural:age verification,2026-08-09T10:28:12Z
https://acr444.bet,acr444.bet,1.0,strong:deposit bonus|strong:free spins|strong:live dealer|strong:play now|medium:casino|medium:slots|medium:poker|medium:jackpot|medium:wager|medium:betting|structural:age verification,2026-08-09T10:28:12Z
https://acr444.bet,acr444.bet,1.0,strong:deposit bonus|strong:free spins|strong:live dealer|strong:play now|medium:casino|medium:slots|medium:poker|medium:jackpot|medium:wager|medium:betting|structural:age verification,2026-08-09T10:28:12Z
https://acs444.bet,acs444.bet,1.0,strong:deposit bonus|strong:free spins|strong:place a bet|strong:live dealer|strong:withdraw winnings|strong:play now|medium:casino|medium:slots|medium:sportsbook|medium:jackpot|medium:wager|medium:betting|structural:responsible gambling|structural:age verification|negative:how to play,2026-08-09T10:28:23Z
https://acs444.bet,acs444.bet,1.0,strong:deposit bonus|strong:free spins|strong:place a bet|strong:live dealer|strong:withdraw winnings|strong:play now|medium:casino|medium:slots|medium:sportsbook|medium:jackpot|medium:wager|medium:betting|structural:responsible gambling|structural:age verification|negative:how to play,2026-08-09T10:28:23Z
https://ad3.bet,ad3.bet,1.0,strong:live dealer|strong:register now|medium:casino|medium:slots|medium:poker|medium:jackpot|medium:wager|medium:betting,2026-08-09T10:28:30Z
https://ad3.bet,ad3.bet,1.0,strong:live dealer|strong:register now|medium:casino|medium:slots|medium:poker|medium:jackpot|medium:wager|medium:betting,2026-08-09T10:28:30Z
https://adamtoto.bet,adamtoto.bet,0.9,strong:live dealer|strong:cashier|medium:casino|medium:slots|medium:sportsbook|medium:betting,2026-08-09T10:28:37Z
https://adamtoto.bet,adamtoto.bet,0.9,strong:live dealer|strong:cashier|medium:casino|medium:slots|medium:sportsbook|medium:betting,2026-08-09T10:28:37Z
https://adda247.bet,adda247.bet,1.0,strong:deposit bonus|strong:live dealer|strong:register now|medium:casino|medium:slots|medium:poker|medium:sportsbook|medium:jackpot|medium:wager|medium:betting,2026-08-09T10:28:48Z
https://adultslots.bet,adultslots.bet,1.0,strong:deposit bonus|strong:free spins|strong:play now|strong:cashier|medium:casino|medium:slots|medium:jackpot|medium:wager|structural:18+|structural:responsible gambling|structural:age verification,2026-08-09T10:30:26Z
https://ae4444.bet,ae4444.bet,1.0,strong:free spins|strong:live dealer|strong:withdraw winnings|strong:claim bonus|strong:play now|strong:bet slip|medium:casino|medium:slots|medium:poker|medium:jackpot|medium:wager|medium:betting|structural:18+|structural:responsible gambling|structural:age verification,2026-08-09T10:31:13Z
https://ae4444.bet,ae4444.bet,1.0,strong:free spins|strong:live dealer|strong:withdraw winnings|strong:claim bonus|strong:play now|strong:bet slip|medium:casino|medium:slots|medium:poker|medium:jackpot|medium:wager|medium:betting|structural:18+|structural:responsible gambling|structural:age verification,2026-08-09T10:31:13Z
https://ae555.bet,ae555.bet,1.0,strong:deposit bonus|strong:free spins|strong:live dealer|medium:casino|medium:jackpot|medium:wager,2026-08-09T10:31:13Z
https://aee444.bet,aee444.bet,1.0,strong:free spins|strong:live dealer|strong:play now|medium:casino|medium:slots|medium:poker|medium:jackpot|medium:wager|medium:betting|structural:age verification|negative:how to play,2026-08-09T10:31:29Z
https://aee444.bet,aee444.bet,1.0,strong:free spins|strong:live dealer|strong:play now|medium:casino|medium:slots|medium:poker|medium:jackpot|medium:wager|medium:betting|structural:age verification|negative:how to play,2026-08-09T10:31:29Z
https://afatogel.bet,afatogel.bet,0.8,strong:live dealer|strong:bet slip|medium:casino|medium:slots|medium:sportsbook,2026-08-09T10:32:06Z
https://afktoto.bet,afktoto.bet,0.8,strong:deposit bonus|strong:live dealer|medium:casino|medium:poker|medium:sportsbook,2026-08-09T10:33:34Z
https://afktoto.bet,afktoto.bet,0.8,strong:deposit bonus|strong:live dealer|medium:casino|medium:poker|medium:sportsbook,2026-08-09T10:33:35Z
https://afslot.bet,afslot.bet,1.0,strong:place a bet|strong:live dealer|medium:casino|medium:slots|medium:sportsbook|medium:wager|medium:betting,2026-08-09T10:34:25Z
https://ag365.bet,ag365.bet,1.0,strong:free spins|strong:live dealer|medium:casino|medium:slots|medium:poker|medium:jackpot|medium:wager|medium:betting|structural:18+|structural:responsible gambling|structural:age verification,2026-08-09T10:34:45Z
https://agb99.bet,agb99.bet,0.9,strong:free spins|strong:live dealer|medium:casino|medium:slots|medium:sportsbook|medium:wager,2026-08-09T10:35:19Z
https://agen228.bet,agen228.bet,1.0,strong:free spins|strong:live dealer|medium:casino|medium:slots|medium:sportsbook|medium:wager|medium:betting,2026-08-09T10:35:33Z
https://agen228.bet,agen228.bet,1.0,strong:free spins|strong:live dealer|medium:casino|medium:slots|medium:sportsbook|medium:wager|medium:betting,2026-08-09T10:35:33Z
https://agen338.bet,agen338.bet,0.9,strong:live dealer|strong:bet slip|medium:casino|medium:slots|medium:poker|medium:sportsbook,2026-08-09T10:35:35Z
https://agen338.bet,agen338.bet,0.9,strong:live dealer|strong:bet slip|medium:casino|medium:slots|medium:poker|medium:sportsbook,2026-08-09T10:35:35Z
https://agen69slot.bet,agen69slot.bet,0.8,strong:live dealer|strong:cashier|medium:casino|medium:slots|medium:sportsbook,2026-08-09T10:35:36Z
https://agen69slot.bet,agen69slot.bet,0.8,strong:live dealer|strong:cashier|medium:casino|medium:slots|medium:sportsbook,2026-08-09T10:35:36Z
https://agen888.bet,agen888.bet,0.8,strong:live dealer|strong:bet slip|medium:casino|medium:slots|medium:jackpot,2026-08-09T10:35:37Z
https://agenhoki.bet,agenhoki.bet,1.0,strong:free spins|strong:live dealer|medium:casino|medium:slots|medium:sportsbook|medium:wager|medium:betting,2026-08-09T10:35:40Z
https://agenhoki.bet,agenhoki.bet,1.0,strong:free spins|strong:live dealer|medium:casino|medium:slots|medium:sportsbook|medium:wager|medium:betting,2026-08-09T10:35:40Z
https://agensawer.bet,agensawer.bet,1.0,strong:deposit bonus|strong:free spins|strong:live dealer|medium:casino|medium:slots|medium:wager,2026-08-09T10:35:44Z
https://agensawer.bet,agensawer.bet,1.0,strong:deposit bonus|strong:free spins|strong:live dealer|medium:casino|medium:slots|medium:wager,2026-08-09T10:35:44Z
https://ah444.bet,ah444.bet,1.0,strong:deposit bonus|strong:free spins|strong:live dealer|medium:casino|medium:slots|medium:wager|medium:betting|structural:18+,2026-08-09T10:37:38Z
https://ah444.bet,ah444.bet,1.0,strong:deposit bonus|strong:free spins|strong:live dealer|medium:casino|medium:slots|medium:wager|medium:betting|structural:18+,2026-08-09T10:37:38Z
https://ahti-games.bet,ahti-games.bet,1.0,strong:deposit bonus|strong:free spins|strong:live dealer|strong:claim bonus|strong:play now|strong:curacao egaming|medium:casino|medium:slots|medium:jackpot|medium:wager|medium:betting|structural:18+|structural:responsible gambling,2026-08-09T10:38:02Z
https://ahti-games.bet,ahti-games.bet,1.0,strong:deposit bonus|strong:free spins|strong:live dealer|strong:claim bonus|strong:play now|strong:curacao egaming|medium:casino|medium:slots|medium:jackpot|medium:wager|medium:betting|structural:18+|structural:responsible gambling,2026-08-09T10:38:02Z
https://ai101.bet,ai101.bet,1.0,strong:live dealer|strong:register now|strong:bet slip|medium:casino|medium:slots|medium:poker|medium:sportsbook|medium:jackpot|medium:wager|medium:betting|structural:18+|structural:age verification,2026-08-09T10:38:13Z
https://ai2.bet,ai2.bet,1.0,strong:free spins|strong:live dealer|strong:register now|medium:casino|medium:slots|medium:poker|medium:jackpot|medium:wager|medium:betting,2026-08-09T10:38:17Z
https://ai2.bet,ai2.bet,1.0,strong:free spins|strong:live dealer|strong:register now|medium:casino|medium:slots|medium:poker|medium:jackpot|medium:wager|medium:betting,2026-08-09T10:38:18Z
https://aic365.bet,aic365.bet,1.0,strong:free spins|strong:live dealer|strong:play now|medium:casino|medium:slots|medium:poker|medium:jackpot|medium:wager|medium:betting|negative:how to play,2026-08-09T10:38:36Z
https://aifa.bet,aifa.bet,0.9,strong:free spins|strong:live dealer|medium:casino|medium:slots|medium:sportsbook|medium:betting,2026-08-09T10:38:44Z
https://air168.bet,air168.bet,1.0,strong:free spins|strong:live dealer|strong:claim bonus|medium:casino|medium:slots|medium:sportsbook|medium:wager|medium:betting,2026-08-09T10:39:28Z
https://ajoslot.bet,ajoslot.bet,1.0,strong:deposit bonus|strong:free spins|strong:live dealer|medium:casino|medium:slots|medium:sportsbook,2026-08-09T10:41:37Z
https://ak8audcasino.bet,ak8audcasino.bet,1.0,strong:free spins|strong:live dealer|strong:curacao egaming|medium:casino|medium:slots|medium:jackpot,2026-08-09T10:42:30Z
https://ak8audcasino.bet,ak8audcasino.bet,1.0,strong:free spins|strong:live dealer|strong:curacao egaming|medium:casino|medium:slots|medium:jackpot,2026-08-09T10:42:30Z
https://akai.bet,akai.bet,1.0,strong:deposit bonus|strong:live dealer|medium:casino|medium:slots|medium:sportsbook|medium:wager|medium:betting,2026-08-09T10:42:31Z
https://akasia.bet,akasia.bet,1.0,strong:free spins|strong:live dealer|medium:casino|medium:slots|medium:sportsbook|medium:wager|medium:betting,2026-08-09T10:42:34Z
https://akasia.bet,akasia.bet,1.0,strong:free spins|strong:live dealer|medium:casino|medium:slots|medium:sportsbook|medium:wager|medium:betting,2026-08-09T10:42:34Z
https://ake444.bet,ake444.bet,1.0,strong:live dealer|strong:play now|medium:casino|medium:slots|medium:poker|medium:jackpot|medium:wager|medium:betting|structural:age verification,2026-08-09T10:42:36Z
https://akslot.bet,akslot.bet,1.0,strong:free spins|strong:live dealer|medium:casino|medium:slots|medium:poker|medium:sportsbook|medium:betting,2026-08-09T10:43:07Z
https://aladdinsgoldcasino.bet,aladdinsgoldcasino.bet,1.0,strong:deposit bonus|strong:free spins|strong:live dealer|strong:claim bonus|strong:cashier|medium:casino|medium:slots|medium:poker|medium:jackpot|medium:wager|medium:betting|structural:18+|structural:responsible gambling,2026-08-09T10:43:31Z
https://aladdinsgoldcasino.bet,aladdinsgoldcasino.bet,1.0,strong:deposit bonus|strong:free spins|strong:live dealer|strong:claim bonus|strong:cashier|medium:casino|medium:slots|medium:poker|medium:jackpot|medium:wager|medium:betting|structural:18+|structural:responsible gambling,2026-08-09T10:43:31Z
https://alaska777.bet,alaska777.bet,0.8,strong:live dealer|strong:cashier|medium:casino|medium:slots|medium:sportsbook,2026-08-09T10:43:54Z
https://alaska777.bet,alaska777.bet,0.8,strong:live dealer|strong:cashier|medium:casino|medium:slots|medium:sportsbook,2026-08-09T10:43:54Z
https://alawin-casino.bet,alawin-casino.bet,1.0,strong:deposit bonus|strong:free spins|strong:live dealer|strong:cashier|strong:bet slip|strong:curaçao egaming|medium:casino|medium:slots|medium:poker|medium:sportsbook|medium:jackpot|medium:wager|medium:betting|structural:18+|structural:gambleaware|negative:app store,2026-08-09T10:43:56Z
https://alawin-casino.bet,alawin-casino.bet,1.0,strong:deposit bonus|strong:free spins|strong:live dealer|strong:cashier|strong:bet slip|strong:curaçao egaming|medium:casino|medium:slots|medium:poker|medium:sportsbook|medium:jackpot|medium:wager|medium:betting|structural:18+|structural:gambleaware|negative:app store,2026-08-09T10:43:56Z
https://alba88.bet,alba88.bet,0.9,strong:free spins|strong:live dealer|medium:casino|medium:slots|medium:sportsbook|medium:betting,2026-08-09T10:43:59Z
https://alba88.bet,alba88.bet,0.9,strong:free spins|strong:live dealer|medium:casino|medium:slots|medium:sportsbook|medium:betting,2026-08-09T10:43:59Z
https://alexa88.bet,alexa88.bet,0.8,strong:live dealer|strong:cashier|medium:casino|medium:slots|medium:sportsbook,2026-08-09T10:44:41Z
https://alexabet88.bet,alexabet88.bet,1.0,strong:free spins|strong:live dealer|medium:casino|medium:slots|medium:sportsbook|medium:wager|medium:betting,2026-08-09T10:44:48Z
https://alexis17.bet,alexis17.bet,0.8,strong:free spins|strong:live dealer|medium:casino|medium:slots|medium:sportsbook,2026-08-09T10:44:55Z
https://alexish.bet,alexish.bet,1.0,strong:live dealer|strong:register now|strong:cashier|medium:casino|medium:slots|medium:betting|structural:18+,2026-08-09T10:45:00Z
https://alexish.bet,alexish.bet,1.0,strong:live dealer|strong:register now|strong:cashier|medium:casino|medium:slots|medium:betting|structural:18+,2026-08-09T10:45:00Z
https://alexislogin.bet,alexislogin.bet,0.8,strong:live dealer|strong:cashier|medium:casino|medium:slots|medium:sportsbook,2026-08-09T10:45:01Z
https://alexistogell.bet,alexistogell.bet,1.0,strong:free spins|strong:live dealer|medium:casino|medium:slots|medium:sportsbook|medium:jackpot|medium:betting,2026-08-09T10:45:03Z
https://alexitogel.bet,alexitogel.bet,1.0,strong:free spins|strong:live dealer|medium:casino|medium:slots|medium:jackpot|medium:wager|medium:betting,2026-08-09T10:45:12Z
https://alexitogel.bet,alexitogel.bet,1.0,strong:free spins|strong:live dealer|medium:casino|medium:slots|medium:jackpot|medium:wager|medium:betting,2026-08-09T10:45:12Z
https://alexs.bet,alexs.bet,0.9,strong:deposit bonus|strong:live dealer|medium:casino|medium:slots|medium:wager|medium:betting,2026-08-09T10:45:13Z
https://alexsitogel.bet,alexsitogel.bet,0.9,strong:deposit bonus|strong:live dealer|medium:casino|medium:slots|medium:sportsbook|medium:wager,2026-08-09T10:45:17Z
https://alexsitogel.bet,alexsitogel.bet,0.8,strong:deposit bonus|strong:live dealer|medium:casino|medium:slots|medium:sportsbook,2026-08-09T10:45:18Z
https://alf-casino.bet,alf-casino.bet,1.0,strong:deposit bonus|strong:free spins|strong:live dealer|strong:withdraw winnings|strong:play now|strong:cashier|medium:casino|medium:slots|medium:jackpot|medium:wager|medium:betting|structural:18+|structural:responsible gambling,2026-08-09T10:45:19Z
https://alf-casino.bet,alf-casino.bet,1.0,strong:deposit bonus|strong:free spins|strong:live dealer|strong:withdraw winnings|strong:play now|strong:cashier|medium:casino|medium:slots|medium:jackpot|medium:wager|medium:betting|structural:18+|structural:responsible gambling,2026-08-09T10:45:19Z
https://alfcasino.bet,alfcasino.bet,1.0,strong:deposit bonus|strong:free spins|strong:live dealer|strong:withdraw winnings|strong:play now|strong:cashier|medium:casino|medium:slots|medium:poker|medium:sportsbook|medium:jackpot|medium:wager|medium:betting|structural:18+|structural:gambleaware|structural:responsible gambling,2026-08-09T10:45:28Z
https://alfcasino.bet,alfcasino.bet,0.95,strong:deposit bonus|strong:free spins|strong:live dealer|medium:casino|medium:slots,2026-08-09T10:45:28Z
https://alfo.bet,alfo.bet,1.0,strong:deposit bonus|strong:free spins|strong:live dealer|strong:play now|strong:mga/|strong:curaçao egaming|strong:curacao egaming|medium:casino|medium:slots|medium:poker|medium:jackpot|medium:wager|medium:betting|structural:responsible gambling,2026-08-09T10:45:29Z
https://alfo.bet,alfo.bet,1.0,strong:deposit bonus|strong:free spins|strong:live dealer|strong:play now|strong:mga/|strong:curaçao egaming|strong:curacao egaming|medium:casino|medium:slots|medium:poker|medium:jackpot|medium:wager|medium:betting|structural:responsible gambling,2026-08-09T10:45:29Z
https://alilabola.bet,alilabola.bet,1.0,strong:live dealer|strong:bet slip|medium:casino|medium:slots|medium:sportsbook|medium:wager|medium:betting,2026-08-09T10:46:08Z
https://alilabola.bet,alilabola.bet,1.0,strong:live dealer|strong:bet slip|medium:casino|medium:slots|medium:sportsbook|medium:wager|medium:betting,2026-08-09T10:46:08Z
https://all-slots.bet,all-slots.bet,1.0,strong:deposit bonus|strong:free spins|strong:live dealer|strong:play now|strong:mga/|medium:casino|medium:slots|medium:poker|medium:jackpot|medium:wager|structural:18+|structural:responsible gambling,2026-08-09T10:46:17Z
https://all-slots.bet,all-slots.bet,1.0,strong:deposit bonus|strong:free spins|strong:live dealer|strong:play now|strong:mga/|medium:casino|medium:slots|medium:poker|medium:jackpot|medium:wager|structural:18+|structural:responsible gambling,2026-08-09T10:46:17Z
https://all-slotscasino.bet,all-slotscasino.bet,1.0,strong:deposit bonus|strong:free spins|strong:live dealer|strong:play now|strong:cashier|medium:casino|medium:slots|medium:poker|medium:jackpot|medium:wager|medium:betting|structural:18+|structural:responsible gambling,2026-08-09T10:46:17Z
https://all-slotscasino.bet,all-slotscasino.bet,1.0,strong:deposit bonus|strong:free spins|strong:live dealer|strong:play now|strong:cashier|medium:casino|medium:slots|medium:poker|medium:jackpot|medium:wager|structural:responsible gambling,2026-08-09T10:46:17Z
https://allcasinos365.bet,allcasinos365.bet,1.0,strong:deposit bonus|strong:free spins|strong:live dealer|strong:ukgc|medium:casino|medium:slots|medium:sportsbook|medium:wager|structural:18+|structural:gambleaware|structural:responsible gambling,2026-08-09T10:46:30Z
https://allcasinos365.bet,allcasinos365.bet,1.0,strong:deposit bonus|strong:free spins|strong:live dealer|strong:ukgc|medium:casino|medium:slots|medium:sportsbook|medium:wager|structural:18+|structural:gambleaware|structural:responsible gambling,2026-08-09T10:46:32Z
https://alljackpots.bet,alljackpots.bet,1.0,strong:deposit bonus|strong:free spins|strong:live dealer|strong:play now|strong:cashier|strong:mga/|medium:casino|medium:slots|medium:poker|medium:jackpot|medium:wager|medium:betting|structural:responsible gambling,2026-08-09T10:47:12Z
https://alljackpotscasino.bet,alljackpotscasino.bet,1.0,strong:deposit bonus|strong:free spins|strong:live dealer|strong:withdraw winnings|strong:cashier|medium:casino|medium:slots|medium:poker|medium:jackpot|medium:wager|medium:betting|structural:18+|structural:responsible gambling,2026-08-09T10:47:12Z
https://alljackpots.bet,alljackpots.bet,1.0,strong:deposit bonus|strong:free spins|strong:live dealer|strong:withdraw winnings|strong:play now|strong:cashier|strong:mga/|medium:casino|medium:slots|medium:poker|medium:jackpot|medium:wager|medium:betting|structural:18+|structural:responsible gambling,2026-08-09T10:47:12Z
https://alljackpotscasino.bet,alljackpotscasino.bet,1.0,strong:deposit bonus|strong:free spins|strong:live dealer|strong:withdraw winnings|strong:cashier|medium:casino|medium:slots|medium:poker|medium:jackpot|medium:wager|medium:betting|structural:18+|structural:responsible gambling,2026-08-09T10:47:12Z
https://allslots-casino.bet,allslots-casino.bet,1.0,strong:deposit bonus|strong:free spins|strong:mga/|medium:casino|medium:slots|medium:jackpot|structural:18+,2026-08-09T10:47:51Z
https://allslots-casino.bet,allslots-casino.bet,1.0,strong:deposit bonus|strong:free spins|strong:mga/|medium:casino|medium:slots|medium:jackpot|structural:18+,2026-08-09T10:47:51Z
https://allslotscasino.bet,allslotscasino.bet,1.0,strong:deposit bonus|strong:free spins|strong:live dealer|strong:claim bonus|strong:curaçao egaming|strong:curacao egaming|medium:casino|medium:slots|medium:poker|medium:jackpot|medium:betting,2026-08-09T10:47:53Z
https://allslotscasino.bet,allslotscasino.bet,1.0,strong:deposit bonus|strong:free spins|strong:live dealer|strong:claim bonus|strong:curaçao egaming|strong:curacao egaming|medium:casino|medium:slots|medium:poker|medium:jackpot|medium:betting,2026-08-09T10:47:54Z
https://allstarcasino.bet,allstarcasino.bet,1.0,strong:deposit bonus|strong:free spins|strong:live dealer|strong:play now|medium:casino|medium:slots|medium:jackpot|medium:wager|medium:betting|structural:18+,2026-08-09T10:48:05Z
https://allstarcasino.bet,allstarcasino.bet,1.0,strong:deposit bonus|strong:free spins|strong:live dealer|strong:play now|medium:casino|medium:slots|medium:jackpot|medium:wager|medium:betting|structural:18+,2026-08-09T10:48:05Z
https://allwinscasino.bet,allwinscasino.bet,1.0,strong:deposit bonus|strong:free spins|strong:live dealer|medium:casino|medium:slots|medium:jackpot|medium:wager|structural:responsible gambling,2026-08-09T10:48:13Z
https://allwinscasino.bet,allwinscasino.bet,1.0,strong:deposit bonus|strong:free spins|strong:live dealer|strong:cashier|medium:casino|medium:slots|medium:poker|medium:jackpot|medium:wager|medium:betting|structural:18+|structural:responsible gambling,2026-08-09T10:48:13Z
https://ally-spin.bet,ally-spin.bet,0.8,strong:mga/|strong:ukgc|medium:casino|medium:slots|medium:wager,2026-08-09T10:48:19Z
https://almabetcasino.bet,almabetcasino.bet,1.0,strong:deposit bonus|strong:free spins|strong:live dealer|strong:cashier|strong:bet slip|medium:casino|medium:slots|medium:sportsbook|medium:wager|medium:betting|structural:responsible gambling,2026-08-09T10:48:26Z
https://almabetcasino.bet,almabetcasino.bet,1.0,strong:deposit bonus|strong:free spins|strong:cashier|strong:bet slip|medium:casino|medium:slots|medium:sportsbook,2026-08-09T10:48:26Z
https://alwafa.bet,alwafa.bet,0.9,strong:free spins|strong:live dealer|strong:claim bonus|medium:casino|medium:slots|medium:betting|structural:18+|negative:app store|negative:google play,2026-08-09T10:50:28Z
https://amavi.bet,amavi.bet,0.9,strong:free spins|strong:live dealer|medium:casino|medium:slots|medium:sportsbook|medium:betting,2026-08-09T10:50:56Z
https://amavi.bet,amavi.bet,0.9,strong:free spins|strong:live dealer|medium:casino|medium:slots|medium:sportsbook|medium:betting,2026-08-09T10:50:56Z
https://ambanibookipl.bet,ambanibookipl.bet,1.0,strong:free spins|strong:live dealer|medium:casino|medium:slots|medium:poker|medium:sportsbook|medium:jackpot|medium:wager|medium:betting,2026-08-09T10:51:50Z
https://ambanibookipl.bet,ambanibookipl.bet,1.0,strong:free spins|strong:live dealer|medium:casino|medium:slots|medium:poker|medium:sportsbook|medium:jackpot|medium:wager|medium:betting,2026-08-09T10:51:50Z
https://amintoto.bet,amintoto.bet,0.8,strong:live dealer|strong:claim bonus|medium:casino|medium:sportsbook|medium:betting,2026-08-09T10:53:09Z
https://amok-casino.bet,amok-casino.bet,0.95,strong:deposit bonus|strong:free spins|medium:casino|medium:slots|medium:wager|structural:18+,2026-08-09T10:56:01Z
https://amok-casino.bet,amok-casino.bet,0.95,strong:deposit bonus|strong:free spins|medium:casino|medium:slots|medium:wager|structural:18+,2026-08-09T10:56:01Z
https://amokcasino.bet,amokcasino.bet,1.0,strong:deposit bonus|strong:free spins|strong:play now|strong:cashier|strong:mga/|medium:casino|medium:slots|medium:jackpot|medium:wager|medium:betting|structural:18+,2026-08-09T10:56:02Z
https://ampera.bet,ampera.bet,1.0,strong:free spins|strong:live dealer|medium:casino|medium:slots|medium:sportsbook|medium:wager|medium:betting,2026-08-09T10:56:22Z
https://ampera.bet,ampera.bet,1.0,strong:free spins|strong:live dealer|medium:casino|medium:slots|medium:sportsbook|medium:wager|medium:betting,2026-08-09T10:56:22Z
https://ampmcasino.bet,ampmcasino.bet,1.0,strong:deposit bonus|strong:free spins|strong:live dealer|strong:withdraw winnings|strong:register now|strong:claim bonus|strong:cashier|medium:casino|medium:slots|medium:poker|medium:jackpot|medium:wager|medium:betting|structural:18+|structural:responsible gambling,2026-08-09T10:56:25Z
https://ampmcasino.bet,ampmcasino.bet,0.95,strong:deposit bonus|strong:free spins|strong:register now|medium:casino|medium:slots,2026-08-09T10:56:25Z
https://amun-ra.bet,amun-ra.bet,0.75,strong:live dealer|strong:curaçao egaming|medium:casino|structural:18+,2026-08-09T10:56:28Z
https://amun.bet,amun.bet,1.0,strong:live dealer|strong:mga/|medium:casino|medium:slots|medium:poker|medium:sportsbook|medium:jackpot|structural:18+,2026-08-09T10:56:29Z
https://amun.bet,amun.bet,1.0,strong:live dealer|strong:mga/|medium:casino|medium:slots|medium:poker|medium:sportsbook|medium:jackpot,2026-08-09T10:56:29Z
https://amunraipl.bet,amunraipl.bet,0.95,strong:claim bonus|strong:ukgc|medium:casino|medium:slots|medium:betting|structural:18+,2026-08-09T10:56:30Z
https://amunraipl.bet,amunraipl.bet,0.95,strong:claim bonus|strong:ukgc|medium:casino|medium:slots|medium:betting|structural:18+,2026-08-09T10:56:30Z
https://an2.bet,an2.bet,1.0,strong:free spins|strong:live dealer|medium:casino|medium:slots|medium:poker|medium:jackpot|medium:wager|medium:betting,2026-08-09T10:56:38Z
https://anemo.bet,anemo.bet,1.0,strong:free spins|strong:live dealer|medium:casino|medium:slots|medium:sportsbook|medium:jackpot|medium:wager|medium:betting,2026-08-09T10:57:54Z
https://anemo.bet,anemo.bet,1.0,strong:free spins|strong:live dealer|medium:casino|medium:slots|medium:sportsbook|medium:jackpot|medium:wager|medium:betting,2026-08-09T10:57:54Z
https://ang888.bet,ang888.bet,1.0,strong:place a bet|strong:live dealer|strong:bet slip|medium:casino|medium:slots|medium:sportsbook|medium:jackpot|medium:wager|medium:betting,2026-08-09T10:57:54Z
https://ang888.bet,ang888.bet,1.0,strong:place a bet|strong:live dealer|strong:bet slip|medium:casino|medium:slots|medium:sportsbook|medium:jackpot|medium:wager|medium:betting,2026-08-09T10:57:55Z
https://angler.bet,angler.bet,0.9,strong:live dealer|strong:withdraw winnings|medium:casino|medium:slots|medium:sportsbook|medium:wager,2026-08-09T10:58:39Z
https://angler.bet,angler.bet,0.9,strong:live dealer|strong:withdraw winnings|medium:casino|medium:slots|medium:sportsbook|medium:wager,2026-08-09T10:58:39Z
https://angliabetcasino.bet,angliabetcasino.bet,1.0,strong:deposit bonus|strong:free spins|strong:live dealer|strong:play now|strong:ukgc|medium:casino|medium:slots|medium:wager|medium:betting|structural:18+,2026-08-09T10:58:40Z
https://angliabetcasino.bet,angliabetcasino.bet,1.0,strong:deposit bonus|strong:free spins|strong:live dealer|strong:play now|strong:ukgc|medium:casino|medium:slots|medium:wager|medium:betting|structural:18+,2026-08-09T10:58:40Z
https://anonymouscasino.bet,anonymouscasino.bet,0.8,strong:free spins|strong:curaçao egaming|medium:casino|medium:slots|medium:jackpot,2026-08-09T10:59:29Z
https://any8.bet,any8.bet,0.8,strong:free spins|strong:claim bonus|medium:casino|medium:slots|medium:betting,2026-08-09T11:00:15Z
https://ao9999.bet,ao9999.bet,1.0,strong:free spins|strong:live dealer|strong:play now|medium:casino|medium:slots|medium:poker|medium:jackpot|medium:wager|medium:betting|negative:how to play,2026-08-09T11:00:53Z
https://apk67.bet,apk67.bet,1.0,strong:free spins|strong:live dealer|medium:casino|medium:slots|medium:poker|medium:sportsbook|medium:jackpot|medium:wager|medium:betting,2026-08-09T11:03:06Z
https://apk67.bet,apk67.bet,1.0,strong:free spins|strong:live dealer|medium:casino|medium:slots|medium:poker|medium:sportsbook|medium:jackpot|medium:wager|medium:betting,2026-08-09T11:03:07Z
https://apkvip.bet,apkvip.bet,1.0,strong:deposit bonus|strong:cashier|medium:casino|medium:slots|medium:jackpot|medium:wager|medium:betting,2026-08-09T11:03:16Z
https://apollocasino.bet,apollocasino.bet,1.0,strong:deposit bonus|strong:free spins|strong:live dealer|strong:play now|medium:casino|medium:slots|medium:jackpot|medium:wager|medium:betting|structural:18+|structural:responsible gambling,2026-08-09T11:03:20Z
https://apollocasino.bet,apollocasino.bet,1.0,strong:deposit bonus|strong:free spins|strong:live dealer|strong:play now|medium:casino|medium:slots|medium:jackpot|medium:wager|medium:betting|structural:18+|structural:responsible gambling,2026-08-09T11:03:20Z
https://apolloslots.bet,apolloslots.bet,1.0,strong:deposit bonus|strong:free spins|strong:live dealer|strong:cashier|strong:curacao egaming|medium:casino|medium:slots|medium:poker|medium:jackpot|medium:wager|structural:responsible gambling,2026-08-09T11:03:22Z
https://apolloslots.bet,apolloslots.bet,1.0,strong:deposit bonus|strong:free spins|strong:live dealer|strong:cashier|strong:curacao egaming|medium:casino|medium:slots|medium:poker|medium:jackpot|medium:wager|structural:responsible gambling,2026-08-09T11:03:22Z
https://app-winwin.bet,app-winwin.bet,1.0,strong:free spins|strong:live dealer|strong:bet slip|medium:casino|medium:slots|medium:poker|medium:wager|medium:betting|structural:responsible gambling,2026-08-09T11:05:35Z
https://app1333.bet,app1333.bet,0.8,strong:live dealer|strong:register now|medium:casino|medium:slots|medium:betting,2026-08-09T11:05:44Z
https://apuesta30.bet,apuesta30.bet,1.0,strong:free spins|strong:sign up now|medium:casino|medium:slots|medium:jackpot|medium:betting|structural:18+,2026-08-09T11:06:47Z
https://apuesta30.bet,apuesta30.bet,1.0,strong:free spins|strong:sign up now|medium:casino|medium:slots|medium:jackpot|medium:betting|structural:18+,2026-08-09T11:06:47Z
https://aql.bet,aql.bet,0.95,strong:free spins|strong:live dealer|medium:casino|medium:slots|medium:betting|structural:18+,2026-08-09T11:07:52Z
https://aql.bet,aql.bet,0.95,strong:free spins|strong:live dealer|medium:casino|medium:slots|medium:betting|structural:18+,2026-08-09T11:07:53Z
https://aquaspins.bet,aquaspins.bet,1.0,strong:free spins|strong:live dealer|strong:sign up now|strong:claim bonus|strong:play now|medium:casino|medium:slots|medium:poker|medium:jackpot|medium:wager|structural:18+|structural:gambleaware,2026-08-09T11:07:56Z
https://ar7777.bet,ar7777.bet,1.0,strong:live dealer|strong:play now|strong:cashier|medium:casino|medium:slots|medium:sportsbook|medium:jackpot|medium:betting|structural:responsible gambling|structural:age verification,2026-08-09T11:08:03Z
https://arab.bet,arab.bet,1.0,strong:deposit bonus|strong:free spins|strong:live dealer|strong:claim bonus|medium:casino|medium:slots|medium:sportsbook|medium:wager|medium:betting|structural:18+|structural:gambleaware|structural:responsible gambling|negative:app store,2026-08-09T11:08:05Z
https://arab.bet,arab.bet,1.0,strong:deposit bonus|strong:free spins|strong:live dealer|strong:claim bonus|medium:casino|medium:slots|medium:sportsbook|medium:wager|medium:betting|structural:18+|structural:gambleaware|structural:responsible gambling|negative:app store,2026-08-09T11:08:05Z
https://arcasino.bet,arcasino.bet,1.0,strong:mga/|strong:ukgc|strong:curacao egaming|medium:casino|medium:slots|medium:wager|structural:18+,2026-08-09T11:09:23Z
https://arcasino.bet,arcasino.bet,1.0,strong:mga/|strong:ukgc|strong:curacao egaming|medium:casino|medium:slots|medium:wager|structural:18+,2026-08-09T11:09:24Z
https://ardentecasino.bet,ardentecasino.bet,1.0,strong:live dealer|strong:curaçao egaming|medium:casino|medium:slots|medium:sportsbook|medium:jackpot|medium:wager,2026-08-09T11:09:33Z
https://arena369.bet,arena369.bet,0.8,strong:live dealer|strong:claim bonus|medium:casino|medium:slots|medium:jackpot,2026-08-09T11:09:43Z
https://arenacasino.bet,arenacasino.bet,0.95,strong:free spins|strong:mga/|medium:casino|medium:slots|medium:jackpot|structural:18+,2026-08-09T11:09:54Z
https://arenacasino.bet,arenacasino.bet,0.8,strong:free spins|strong:mga/|medium:casino|medium:slots|medium:jackpot,2026-08-09T11:09:54Z
https://arenajaya.bet,arenajaya.bet,0.8,strong:live dealer|strong:cashier|medium:casino|medium:slots|medium:sportsbook,2026-08-09T11:10:03Z
https://arenajaya.bet,arenajaya.bet,0.8,strong:live dealer|strong:cashier|medium:casino|medium:slots|medium:sportsbook,2026-08-09T11:10:03Z
https://ares-casino.bet,ares-casino.bet,1.0,strong:deposit bonus|strong:free spins|strong:live dealer|strong:play now|strong:cashier|strong:curaçao egaming|medium:casino|medium:slots|medium:jackpot|medium:wager|medium:betting|structural:18+,2026-08-09T11:10:28Z
https://ares-casino.bet,ares-casino.bet,1.0,strong:deposit bonus|strong:free spins|strong:live dealer|strong:play now|strong:cashier|strong:curaçao egaming|medium:casino|medium:slots|medium:jackpot|medium:wager|medium:betting|structural:18+,2026-08-09T11:10:28Z
https://ares118.bet,ares118.bet,0.8,strong:place a bet|strong:live dealer|medium:casino|medium:slots|medium:sportsbook,2026-08-09T11:10:33Z
https://ares118.bet,ares118.bet,0.8,strong:place a bet|strong:live dealer|medium:casino|medium:slots|medium:sportsbook,2026-08-09T11:10:33Z
https://argames.bet,argames.bet,0.9,strong:live dealer|strong:cashier|medium:casino|medium:slots|medium:sportsbook|medium:betting,2026-08-09T11:10:39Z
https://argcasino.bet,argcasino.bet,0.85,strong:ukgc|strong:curacao egaming|medium:casino|medium:slots|structural:18+,2026-08-09T11:10:41Z
https://argcasinos.bet,argcasinos.bet,0.8,strong:ukgc|strong:curaçao egaming|medium:casino|medium:slots|medium:wager,2026-08-09T11:10:41Z
https://argcasinos.bet,argcasinos.bet,0.8,strong:ukgc|strong:curaçao egaming|medium:casino|medium:slots|medium:wager,2026-08-09T11:10:41Z
https://argocasino.bet,argocasino.bet,1.0,strong:deposit bonus|strong:free spins|strong:live dealer|strong:play now|strong:cashier|strong:curaçao egaming|medium:casino|medium:slots|medium:sportsbook|medium:jackpot|medium:wager|medium:betting|structural:18+,2026-08-09T11:10:46Z
https://argocasino.bet,argocasino.bet,1.0,strong:deposit bonus|strong:free spins|strong:live dealer|strong:play now|strong:cashier|strong:curaçao egaming|medium:casino|medium:slots|medium:sportsbook|medium:jackpot|medium:wager|medium:betting|structural:18+,2026-08-09T11:10:47Z
https://arisan.bet,arisan.bet,0.9,strong:deposit bonus|strong:live dealer|medium:casino|medium:slots|medium:sportsbook|medium:betting,2026-08-09T11:11:05Z
https://arlaquin.bet,arlaquin.bet,1.0,strong:free spins|strong:curaçao egaming|medium:casino|medium:slots|medium:poker|medium:jackpot|medium:wager,2026-08-09T11:11:32Z
https://arlequincasino.bet,arlequincasino.bet,1.0,strong:deposit bonus|strong:free spins|strong:withdraw winnings|strong:play now|strong:cashier|strong:curacao egaming|medium:casino|medium:slots|medium:poker|medium:jackpot|medium:wager|medium:betting|structural:18+|structural:responsible gambling,2026-08-09T11:11:34Z
https://arrowchase.bet,arrowchase.bet,1.0,strong:free spins|strong:place a bet|strong:play now|medium:casino|medium:betting|structural:18+|structural:gambleaware|negative:how to play,2026-08-09T11:12:13Z
https://arrowchase.bet,arrowchase.bet,1.0,strong:free spins|strong:place a bet|strong:play now|medium:casino|medium:betting|structural:18+|structural:gambleaware|negative:how to play,2026-08-09T11:12:15Z
https://arta.bet,arta.bet,0.9,strong:free spins|strong:live dealer|medium:casino|medium:slots|medium:sportsbook|medium:wager,2026-08-09T11:12:17Z
https://artcasino.bet,artcasino.bet,1.0,strong:deposit bonus|strong:free spins|strong:live dealer|strong:withdraw winnings|strong:play now|strong:cashier|medium:casino|medium:slots|medium:poker|medium:sportsbook|medium:jackpot|medium:wager|medium:betting|structural:18+|structural:responsible gambling,2026-08-09T11:12:18Z
https://artcasino.bet,artcasino.bet,0.9,strong:deposit bonus|strong:free spins|medium:casino|medium:slots|medium:wager|medium:betting,2026-08-09T11:12:19Z
https://as1.bet,as1.bet,1.0,strong:live dealer|strong:register now|medium:casino|medium:slots|medium:poker|medium:jackpot|medium:wager|medium:betting,2026-08-09T11:13:17Z
https://as8game.bet,as8game.bet,0.8,strong:live dealer|strong:bet slip|medium:casino|medium:slots|medium:sportsbook,2026-08-09T11:13:22Z
https://as8game.bet,as8game.bet,0.8,strong:live dealer|strong:bet slip|medium:casino|medium:slots|medium:sportsbook,2026-08-09T11:13:22Z
https://asia4d.bet,asia4d.bet,1.0,strong:free spins|strong:live dealer|medium:casino|medium:slots|medium:sportsbook|medium:wager|medium:betting,2026-08-09T11:14:09Z
https://asiahoki.bet,asiahoki.bet,0.9,strong:deposit bonus|strong:live dealer|medium:casino|medium:slots|medium:sportsbook|medium:betting,2026-08-09T11:14:46Z
https://asiahoki.bet,asiahoki.bet,0.85,strong:deposit bonus|strong:live dealer|medium:casino|medium:slots|medium:sportsbook|medium:wager|medium:betting|negative:app store,2026-08-09T11:14:47Z
https://asian4d.bet,asian4d.bet,1.0,strong:free spins|strong:live dealer|strong:claim bonus|medium:casino|medium:slots|medium:sportsbook|medium:betting,2026-08-09T11:14:54Z
https://asian4d.bet,asian4d.bet,1.0,strong:free spins|strong:live dealer|strong:claim bonus|medium:casino|medium:slots|medium:sportsbook|medium:betting,2026-08-09T11:14:54Z
https://asiaslot88.bet,asiaslot88.bet,0.9,strong:free spins|strong:live dealer|medium:casino|medium:slots|medium:sportsbook|medium:wager,2026-08-09T11:15:02Z
https://asiatoto.bet,asiatoto.bet,1.0,strong:free spins|strong:live dealer|medium:casino|medium:slots|medium:sportsbook|medium:wager|medium:betting,2026-08-09T11:15:04Z
https://asiatoto.bet,asiatoto.bet,1.0,strong:free spins|strong:live dealer|medium:casino|medium:slots|medium:sportsbook|medium:wager|medium:betting,2026-08-09T11:15:04Z
https://asiatoto88.bet,asiatoto88.bet,0.9,strong:deposit bonus|strong:live dealer|medium:casino|medium:slots|medium:sportsbook|medium:betting,2026-08-09T11:15:04Z
https://asiatoto88.bet,asiatoto88.bet,0.9,strong:deposit bonus|strong:live dealer|medium:casino|medium:slots|medium:sportsbook|medium:betting,2026-08-09T11:15:04Z
https://asligacor.bet,asligacor.bet,1.0,strong:deposit bonus|strong:free spins|strong:live dealer|medium:casino|medium:slots|medium:sportsbook|medium:wager,2026-08-09T11:15:34Z
https://asona.bet,asona.bet,1.0,strong:place a bet|strong:live dealer|strong:cashier|strong:bet slip|medium:casino|medium:slots|medium:sportsbook|medium:wager|medium:betting|structural:age verification|negative:app store,2026-08-09T11:15:41Z
https://aspin.bet,aspin.bet,1.0,strong:place a bet|strong:withdraw winnings|medium:casino|medium:slots|medium:sportsbook|medium:wager|medium:betting|structural:age verification|negative:app store,2026-08-09T11:15:49Z
https://aspin.bet,aspin.bet,1.0,strong:place a bet|strong:withdraw winnings|medium:casino|medium:slots|medium:sportsbook|medium:wager|medium:betting|structural:age verification|negative:app store,2026-08-09T11:15:49Z
https://astratoto.bet,astratoto.bet,0.9,strong:free spins|strong:live dealer|medium:casino|medium:slots|medium:jackpot|medium:wager,2026-08-09T11:16:30Z
https://astralwin.bet,astralwin.bet,1.0,strong:free spins|strong:place a bet|strong:claim bonus|strong:cashier|medium:casino|medium:slots|medium:poker|medium:sportsbook|medium:jackpot|medium:betting,2026-08-09T11:16:30Z
https://atalanta.bet,atalanta.bet,0.9,strong:deposit bonus|strong:live dealer|medium:casino|medium:sportsbook|medium:wager|medium:betting,2026-08-09T11:17:08Z
https://atalanta.bet,atalanta.bet,0.9,strong:deposit bonus|strong:live dealer|medium:casino|medium:sportsbook|medium:wager|medium:betting,2026-08-09T11:17:08Z
https://atp555.bet,atp555.bet,1.0,strong:free spins|strong:live dealer|strong:play now|medium:casino|medium:slots|medium:poker|medium:jackpot|medium:wager|medium:betting|negative:how to play,2026-08-09T11:18:37Z
https://aud77.bet,aud77.bet,1.0,strong:free spins|strong:claim bonus|strong:play now|medium:casino|medium:slots|medium:poker,2026-08-09T11:19:27Z
https://aud77.bet,aud77.bet,1.0,strong:deposit bonus|strong:free spins|strong:live dealer|strong:claim bonus|strong:play now|medium:casino|medium:slots|medium:poker|medium:wager|structural:18+,2026-08-09T11:19:27Z
https://aud77.bet,aud77.bet,1.0,strong:deposit bonus|strong:free spins|strong:live dealer|strong:claim bonus|strong:play now|medium:casino|medium:slots|medium:poker|medium:wager|structural:18+,2026-08-09T11:19:27Z
https://aufcasino.bet,aufcasino.bet,1.0,strong:free spins|strong:curacao egaming|medium:casino|medium:slots|medium:poker|medium:jackpot|structural:18+,2026-08-09T11:19:30Z
https://aus55casino-au.bet,aus55casino-au.bet,1.0,strong:free spins|strong:live dealer|strong:play now|strong:cashier|strong:curaçao egaming|medium:casino|medium:jackpot|medium:wager|structural:18+|structural:responsible gambling,2026-08-09T11:20:06Z
https://aus55casino-au.bet,aus55casino-au.bet,1.0,strong:free spins|strong:live dealer|strong:play now|strong:curaçao egaming|medium:casino|medium:jackpot|medium:wager|structural:18+,2026-08-09T11:20:07Z
https://aus96.bet,aus96.bet,1.0,strong:deposit bonus|strong:free spins|strong:live dealer|strong:play now|strong:cashier|strong:curaçao egaming|strong:curacao egaming|medium:casino|medium:slots|medium:sportsbook|medium:wager|medium:betting|structural:responsible gambling,2026-08-09T11:20:09Z
https://aus96.bet,aus96.bet,1.0,strong:deposit bonus|strong:free spins|strong:live dealer|strong:withdraw winnings|strong:play now|strong:cashier|strong:curaçao egaming|strong:curacao egaming|medium:casino|medium:slots|medium:poker|medium:sportsbook|medium:wager|medium:betting|structural:18+|structural:responsible gambling,2026-08-09T11:20:09Z
https://auslots.bet,auslots.bet,1.0,strong:deposit bonus|strong:free spins|strong:play now|medium:casino|medium:slots|medium:poker|medium:jackpot|medium:wager|structural:18+|structural:responsible gambling,2026-08-09T11:20:35Z
https://auslots.bet,auslots.bet,1.0,strong:deposit bonus|strong:free spins|strong:play now|medium:casino|medium:slots|medium:poker|medium:jackpot|medium:wager|structural:18+|structural:responsible gambling,2026-08-09T11:20:36Z
https://aussie-casinos.bet,aussie-casinos.bet,1.0,strong:free spins|strong:live dealer|strong:play now|strong:ukgc|strong:curacao egaming|medium:casino|medium:slots|medium:poker|medium:jackpot|medium:wager|medium:betting|structural:responsible gambling|negative:app store|negative:google play,2026-08-09T11:20:40Z
https://aussie-casinos.bet,aussie-casinos.bet,1.0,strong:free spins|strong:live dealer|strong:play now|strong:ukgc|strong:curacao egaming|medium:casino|medium:slots|medium:poker|medium:jackpot|medium:wager|medium:betting|structural:responsible gambling|negative:app store|negative:google play,2026-08-09T11:20:40Z
https://aussieplay.bet,aussieplay.bet,1.0,strong:free spins|strong:claim bonus|strong:play now|medium:casino|medium:slots|medium:poker|medium:betting|structural:18+|structural:responsible gambling,2026-08-09T11:20:49Z
https://aussieplay.bet,aussieplay.bet,1.0,strong:free spins|strong:claim bonus|strong:play now|medium:casino|medium:slots|medium:poker|structural:responsible gambling,2026-08-09T11:20:49Z
https://australiabestonlinecasino.bet,australiabestonlinecasino.bet,1.0,strong:free spins|strong:curaçao egaming|medium:casino|medium:wager|structural:18+|structural:responsible gambling,2026-08-09T11:21:02Z
https://australiabestonlinecasino.bet,australiabestonlinecasino.bet,1.0,strong:free spins|strong:curaçao egaming|medium:casino|medium:wager|structural:18+|structural:responsible gambling,2026-08-09T11:21:03Z
https://australian.bet,australian.bet,1.0,strong:free spins|strong:live dealer|strong:play now|medium:casino|medium:poker|medium:jackpot|medium:betting,2026-08-09T11:21:07Z
https://autobet4d.bet,autobet4d.bet,1.0,strong:deposit bonus|strong:free spins|strong:live dealer|medium:casino|medium:slots|medium:wager,2026-08-09T11:22:09Z
https://autobet4d.bet,autobet4d.bet,1.0,strong:deposit bonus|strong:free spins|strong:live dealer|medium:casino|medium:slots|medium:wager,2026-08-09T11:22:09Z
https://autotogel.bet,autotogel.bet,1.0,strong:deposit bonus|strong:live dealer|medium:casino|medium:slots|medium:poker|medium:sportsbook|medium:wager|medium:betting,2026-08-09T11:22:38Z
https://avalon78casino.bet,avalon78casino.bet,1.0,strong:deposit bonus|strong:free spins|strong:claim bonus|strong:cashier|strong:mga/|medium:casino|medium:slots|medium:jackpot|medium:wager|structural:responsible gambling,2026-08-09T11:23:33Z
https://avaloncasino.bet,avaloncasino.bet,1.0,strong:deposit bonus|strong:free spins|strong:live dealer|strong:sign up now|strong:claim bonus|strong:cashier|strong:curaçao egaming|medium:casino|medium:slots|medium:jackpot|medium:wager|structural:age verification,2026-08-09T11:23:33Z
https://avaloncasino.bet,avaloncasino.bet,1.0,strong:deposit bonus|strong:free spins|strong:live dealer|strong:sign up now|strong:claim bonus|strong:play now|strong:cashier|strong:curaçao egaming|medium:casino|medium:slots|medium:jackpot|medium:wager|medium:betting|structural:18+|structural:age verification,2026-08-09T11:23:33Z
https://avantgarde-casino.bet,avantgarde-casino.bet,1.0,strong:deposit bonus|strong:free spins|strong:curacao egaming|medium:casino|medium:jackpot|structural:18+,2026-08-09T11:23:51Z
https://avc8.bet,avc8.bet,1.0,strong:deposit bonus|strong:live dealer|medium:casino|medium:slots|medium:jackpot|medium:wager|medium:betting|structural:18+|structural:responsible gambling|structural:age verification,2026-08-09T11:23:58Z
https://avengerscasino.bet,avengerscasino.bet,1.0,strong:free spins|strong:live dealer|strong:play now|medium:casino|medium:slots|medium:jackpot|medium:betting,2026-08-09T11:24:00Z
https://aviatorgameonline.bet,aviatorgameonline.bet,1.0,strong:deposit bonus|strong:free spins|strong:place a bet|strong:claim bonus|strong:ukgc|medium:casino|medium:wager|medium:betting|negative:how to play,2026-08-09T11:24:59Z
https://aviatorgameonline.bet,aviatorgameonline.bet,1.0,strong:deposit bonus|strong:free spins|strong:place a bet|strong:claim bonus|strong:ukgc|medium:casino|medium:wager|medium:betting|negative:how to play,2026-08-09T11:24:59Z
https://aviatorgames.bet,aviatorgames.bet,1.0,strong:live dealer|strong:bet slip|medium:casino|medium:slots|medium:poker|medium:sportsbook|medium:betting,2026-08-09T11:24:59Z
https://avocasino.bet,avocasino.bet,1.0,strong:deposit bonus|strong:free spins|strong:live dealer|strong:withdraw winnings|strong:sign up now|strong:play now|strong:cashier|medium:casino|medium:slots|medium:poker|medium:sportsbook|medium:jackpot|medium:wager|medium:betting|structural:18+|structural:responsible gambling,2026-08-09T11:25:08Z
https://avocasino.bet,avocasino.bet,1.0,strong:deposit bonus|strong:free spins|strong:live dealer|strong:sign up now|strong:cashier|medium:casino|medium:slots|medium:sportsbook|medium:wager|structural:responsible gambling,2026-08-09T11:25:08Z
https://ax53.bet,ax53.bet,1.0,strong:withdraw winnings|strong:register now|medium:casino|medium:slots|medium:poker|medium:jackpot|medium:wager|medium:betting|structural:responsible gambling|structural:age verification,2026-08-09T11:26:28Z
https://ax53.bet,ax53.bet,1.0,strong:withdraw winnings|strong:register now|medium:casino|medium:slots|medium:poker|medium:jackpot|medium:wager|medium:betting|structural:responsible gambling,2026-08-09T11:26:28Z
https://axe-casino.bet,axe-casino.bet,1.0,strong:deposit bonus|strong:free spins|strong:live dealer|strong:claim bonus|strong:play now|medium:casino|medium:slots|medium:wager|structural:18+,2026-08-09T11:26:41Z
https://axecasino2.bet,axecasino2.bet,1.0,strong:free spins|strong:play now|strong:cashier|strong:curacao egaming|medium:casino|medium:slots|medium:jackpot|medium:wager|medium:betting|structural:18+|negative:app store,2026-08-09T11:26:44Z
https://axe-casino.bet,axe-casino.bet,1.0,strong:deposit bonus|strong:free spins|strong:live dealer|strong:claim bonus|strong:play now|medium:casino|medium:slots|medium:wager|structural:18+,2026-08-09T11:26:44Z
https://axecasino.bet,axecasino.bet,1.0,strong:free spins|strong:live dealer|strong:play now|strong:cashier|medium:casino|medium:slots|medium:sportsbook|medium:jackpot|medium:wager,2026-08-09T11:26:44Z
https://axecasino.bet,axecasino.bet,1.0,strong:free spins|strong:live dealer|strong:play now|strong:cashier|medium:casino|medium:slots|medium:sportsbook|medium:jackpot|medium:wager,2026-08-09T11:26:44Z
https://axl.bet,axl.bet,1.0,strong:deposit bonus|strong:free spins|strong:live dealer|medium:casino|medium:slots|medium:poker|medium:sportsbook|medium:jackpot|medium:betting,2026-08-09T11:26:59Z
https://ayam.bet,ayam.bet,1.0,strong:free spins|strong:live dealer|medium:casino|medium:slots|medium:poker|medium:sportsbook|medium:wager,2026-08-09T11:27:14Z
https://ayucasino.bet,ayucasino.bet,0.9,strong:free spins|strong:live dealer|medium:casino|medium:slots|medium:sportsbook|medium:betting,2026-08-09T11:27:41Z
https://ayutogel.bet,ayutogel.bet,1.0,strong:free spins|strong:live dealer|strong:withdraw winnings|medium:casino|medium:slots|medium:wager|medium:betting,2026-08-09T11:27:49Z
https://ayutogel.bet,ayutogel.bet,1.0,strong:free spins|strong:live dealer|strong:withdraw winnings|medium:casino|medium:slots|medium:sportsbook|medium:wager|medium:betting,2026-08-09T11:27:49Z
https://az666.bet,az666.bet,1.0,strong:deposit bonus|strong:live dealer|medium:casino|medium:poker|medium:jackpot|medium:wager|medium:betting,2026-08-09T11:27:59Z
https://azjili.bet,azjili.bet,0.8,strong:free spins|strong:live dealer|medium:casino|medium:slots|medium:betting|structural:18+|negative:app store,2026-08-09T11:28:43Z
https://aztecriches.bet,aztecriches.bet,1.0,strong:free spins|strong:live dealer|strong:register now|strong:claim bonus|strong:play now|strong:cashier|medium:casino|medium:slots|medium:poker|medium:jackpot|medium:wager|structural:18+|structural:responsible gambling,2026-08-09T11:28:51Z
https://aztecriches.bet,aztecriches.bet,1.0,strong:free spins|strong:live dealer|strong:register now|strong:claim bonus|strong:play now|strong:cashier|medium:casino|medium:slots|medium:poker|medium:jackpot|medium:wager|structural:18+|structural:responsible gambling,2026-08-09T11:28:52Z
https://azurslot.bet,azurslot.bet,1.0,strong:deposit bonus|strong:free spins|strong:play now|medium:casino|medium:slots|medium:wager|medium:betting,2026-08-09T11:29:00Z
https://azurslot-australia.bet,azurslot-australia.bet,1.0,strong:free spins|strong:live dealer|medium:casino|medium:slots|medium:poker|medium:sportsbook|medium:wager|medium:betting|structural:18+,2026-08-09T11:29:01Z
https://azuri.bet,azuri.bet,1.0,strong:free spins|strong:curaçao egaming|medium:casino|medium:slots|medium:poker|medium:jackpot|medium:wager,2026-08-09T11:29:02Z
https://b-casino.bet,b-casino.bet,1.0,strong:deposit bonus|strong:free spins|strong:live dealer|medium:casino|medium:slots|medium:jackpot,2026-08-09T11:29:05Z
https://b11111.bet,b11111.bet,1.0,strong:free spins|strong:place a bet|strong:live dealer|strong:play now|medium:casino|medium:slots|medium:poker|medium:jackpot|medium:wager|medium:betting|structural:age verification,2026-08-09T11:29:16Z
https://b1game.bet,b1game.bet,1.0,strong:free spins|strong:live dealer|strong:play now|medium:casino|medium:slots|medium:poker|medium:sportsbook|medium:jackpot|medium:wager|medium:betting,2026-08-09T11:29:30Z
https://b2a.bet,b2a.bet,1.0,strong:live dealer|strong:register now|medium:casino|medium:slots|medium:jackpot|medium:wager|medium:betting|structural:age verification,2026-08-09T11:29:37Z
https://b33999.bet,b33999.bet,1.0,strong:deposit bonus|strong:free spins|strong:live dealer|strong:play now|medium:casino|medium:slots|medium:poker|medium:jackpot|medium:betting,2026-08-09T11:30:03Z
https://b33999.bet,b33999.bet,1.0,strong:deposit bonus|strong:free spins|strong:live dealer|strong:play now|medium:casino|medium:slots|medium:poker|medium:jackpot|medium:betting,2026-08-09T11:30:03Z
https://b34.bet,b34.bet,1.0,strong:live dealer|strong:register now|medium:casino|medium:slots|medium:poker|medium:jackpot|medium:wager|medium:betting,2026-08-09T11:30:05Z
https://b4.bet,b4.bet,1.0,strong:deposit bonus|strong:live dealer|medium:casino|medium:slots|medium:sportsbook|medium:wager|medium:betting,2026-08-09T11:30:24Z
https://b4999.bet,b4999.bet,1.0,strong:deposit bonus|strong:free spins|strong:live dealer|strong:play now|medium:casino|medium:slots|medium:poker|medium:jackpot|medium:wager|medium:betting|structural:18+|structural:age verification,2026-08-09T11:30:28Z
https://b4999.bet,b4999.bet,1.0,strong:deposit bonus|strong:free spins|strong:live dealer|strong:play now|medium:casino|medium:slots|medium:poker|medium:jackpot|medium:wager|medium:betting|structural:18+|structural:age verification,2026-08-09T11:30:28Z
https://b4r.bet,b4r.bet,1.0,strong:free spins|strong:cashier|strong:mga/|strong:ukgc|medium:casino|medium:slots|medium:poker|medium:sportsbook|medium:jackpot|medium:wager|medium:betting|structural:responsible gambling|negative:app store|negative:google play,2026-08-09T11:30:30Z
https://b5555.bet,b5555.bet,1.0,strong:live dealer|strong:cashier|medium:casino|medium:slots|medium:sportsbook|medium:jackpot|medium:wager|medium:betting|structural:18+,2026-08-09T11:30:45Z
https://b5555.bet,b5555.bet,1.0,strong:free spins|strong:live dealer|strong:play now|strong:cashier|medium:casino|medium:slots|medium:sportsbook|medium:jackpot|medium:wager|medium:betting|structural:18+|structural:responsible gambling,2026-08-09T11:30:45Z
https://b6666b.bet,b6666b.bet,1.0,strong:free spins|strong:live dealer|strong:register now|strong:play now|strong:cashier|medium:casino|medium:slots|medium:poker|medium:jackpot|medium:wager|medium:betting,2026-08-09T11:30:51Z
https://b6666b.bet,b6666b.bet,1.0,strong:free spins|strong:live dealer|strong:register now|strong:play now|strong:cashier|medium:casino|medium:slots|medium:poker|medium:jackpot|medium:wager|medium:betting,2026-08-09T11:30:51Z
https://b7-casino.bet,b7-casino.bet,1.0,strong:free spins|strong:curaçao egaming|medium:casino|medium:slots|medium:sportsbook|medium:jackpot|medium:betting|structural:18+,2026-08-09T11:30:53Z
https://b7999.bet,b7999.bet,1.0,strong:deposit bonus|strong:free spins|strong:live dealer|strong:register now|medium:casino|medium:slots|medium:sportsbook|medium:wager|medium:betting|structural:18+,2026-08-09T11:31:05Z
https://b8777.bet,b8777.bet,1.0,strong:deposit bonus|strong:live dealer|medium:casino|medium:slots|medium:poker|medium:sportsbook|medium:jackpot|medium:wager|medium:betting|structural:18+,2026-08-09T11:31:25Z
https://b8777.bet,b8777.bet,1.0,strong:deposit bonus|strong:live dealer|medium:casino|medium:slots|medium:poker|medium:sportsbook|medium:jackpot|medium:wager|medium:betting|structural:18+,2026-08-09T11:31:25Z
https://b88888.bet,b88888.bet,1.0,strong:deposit bonus|strong:live dealer|strong:claim bonus|strong:play now|medium:casino|medium:slots|medium:jackpot|medium:wager|medium:betting,2026-08-09T11:31:30Z
https://b8999.bet,b8999.bet,1.0,strong:deposit bonus|strong:live dealer|strong:play now|strong:cashier|medium:casino|medium:slots|medium:poker|medium:sportsbook|medium:jackpot|medium:wager|medium:betting|structural:18+,2026-08-09T11:31:34Z
https://b8999.bet,b8999.bet,1.0,strong:deposit bonus|strong:live dealer|strong:play now|strong:cashier|medium:casino|medium:slots|medium:poker|medium:sportsbook|medium:jackpot|medium:wager|medium:betting|structural:18+,2026-08-09T11:31:34Z
https://b8r.bet,b8r.bet,1.0,strong:deposit bonus|strong:register now|strong:sign up now|strong:bet slip|medium:casino|medium:slots|medium:poker|medium:jackpot|medium:wager|medium:betting,2026-08-09T11:31:40Z
https://b9777.bet,b9777.bet,0.95,strong:free spins|strong:live dealer|medium:casino|medium:slots|medium:betting|structural:18+,2026-08-09T11:31:46Z
https://b9777.bet,b9777.bet,0.85,strong:free spins|strong:live dealer|medium:casino|medium:slots|structural:18+,2026-08-09T11:31:46Z
https://ba3339.bet,ba3339.bet,1.0,strong:free spins|strong:live dealer|strong:claim bonus|medium:casino|medium:slots|medium:sportsbook|medium:jackpot|medium:wager|medium:betting|structural:18+|structural:responsible gambling,2026-08-09T11:32:07Z
https://ba3339.bet,ba3339.bet,1.0,strong:free spins|strong:live dealer|strong:claim bonus|medium:casino|medium:slots|medium:sportsbook|medium:jackpot|medium:wager|medium:betting|structural:18+|structural:responsible gambling,2026-08-09T11:32:07Z
https://ba9999.bet,ba9999.bet,0.95,strong:live dealer|strong:claim bonus|medium:casino|medium:slots|medium:betting|structural:18+,2026-08-09T11:32:16Z
https://ba999d.bet,ba999d.bet,1.0,strong:deposit bonus|strong:free spins|strong:live dealer|strong:play now|medium:casino|medium:slots|medium:poker|medium:wager|medium:betting|structural:age verification|negative:how to play,2026-08-09T11:32:17Z
https://ba999d.bet,ba999d.bet,1.0,strong:deposit bonus|strong:free spins|strong:live dealer|strong:play now|medium:casino|medium:slots|medium:poker|medium:wager|medium:betting|structural:age verification|negative:how to play,2026-08-09T11:32:17Z
https://ba99ap.bet,ba99ap.bet,1.0,strong:deposit bonus|strong:free spins|strong:place a bet|strong:live dealer|strong:withdraw winnings|strong:play now|medium:casino|medium:slots|medium:poker|medium:jackpot|medium:wager|medium:betting,2026-08-09T11:32:20Z
https://ba99ap.bet,ba99ap.bet,1.0,strong:deposit bonus|strong:free spins|strong:place a bet|strong:live dealer|strong:withdraw winnings|strong:play now|medium:casino|medium:slots|medium:poker|medium:jackpot|medium:wager|medium:betting,2026-08-09T11:32:20Z
https://baab88.bet,baab88.bet,1.0,strong:free spins|strong:live dealer|strong:play now|medium:casino|medium:slots|medium:poker|medium:jackpot|medium:wager|medium:betting|structural:responsible gambling|negative:how to play,2026-08-09T11:32:21Z
https://baab88.bet,baab88.bet,1.0,strong:free spins|strong:live dealer|strong:play now|medium:casino|medium:slots|medium:poker|medium:jackpot|medium:betting|negative:how to play,2026-08-09T11:32:21Z
https://baawin.bet,baawin.bet,1.0,strong:deposit bonus|strong:free spins|strong:live dealer|medium:casino|medium:slots|medium:poker|medium:betting|negative:in-app purchases,2026-08-09T11:32:23Z
https://baawin.bet,baawin.bet,1.0,strong:deposit bonus|strong:free spins|strong:live dealer|medium:casino|medium:slots|medium:poker|medium:betting|negative:in-app purchases,2026-08-09T11:32:23Z
https://bab088.bet,bab088.bet,1.0,strong:free spins|strong:place a bet|strong:live dealer|strong:register now|strong:play now|medium:casino|medium:slots|medium:jackpot|medium:wager|medium:betting,2026-08-09T11:32:28Z
https://baba88.bet,baba88.bet,1.0,strong:place a bet|strong:live dealer|strong:cashier|medium:casino|medium:slots|medium:poker|medium:sportsbook|medium:wager|medium:betting,2026-08-09T11:32:32Z
https://babeh.bet,babeh.bet,0.9,strong:live dealer|strong:claim bonus|medium:casino|medium:slots|medium:sportsbook|medium:wager,2026-08-09T11:32:37Z
https://babeltoto.bet,babeltoto.bet,1.0,strong:free spins|strong:live dealer|medium:casino|medium:slots|medium:sportsbook|medium:wager|medium:betting,2026-08-09T11:32:38Z
https://babeltoto.bet,babeltoto.bet,1.0,strong:free spins|strong:live dealer|medium:casino|medium:slots|medium:sportsbook|medium:wager|medium:betting,2026-08-09T11:32:38Z
https://babi.bet,babi.bet,1.0,strong:deposit bonus|strong:live dealer|medium:casino|medium:slots|medium:poker|medium:sportsbook|medium:betting,2026-08-09T11:32:39Z
https://babn88.bet,babn88.bet,0.95,strong:free spins|strong:play now|medium:casino|medium:slots|medium:poker|medium:jackpot|medium:wager|medium:betting|negative:how to play,2026-08-09T11:32:40Z
https://babu88-bangladesh.bet,babu88-bangladesh.bet,1.0,strong:live dealer|strong:mga/|strong:curaçao egaming|medium:casino|medium:slots|medium:poker|medium:sportsbook|medium:wager|medium:betting|structural:gambleaware|structural:responsible gambling|negative:app store|negative:porn,2026-08-09T11:32:46Z
https://babu88-bd.bet,babu88-bd.bet,0.9,strong:live dealer|strong:register now|medium:casino|medium:slots|medium:jackpot|medium:wager,2026-08-09T11:32:50Z
https://bacanaplaycasino.bet,bacanaplaycasino.bet,1.0,strong:deposit bonus|strong:free spins|strong:live dealer|strong:claim bonus|strong:play now|strong:cashier|strong:mga/|medium:casino|medium:slots|medium:jackpot|medium:wager|medium:betting|structural:18+,2026-08-09T11:33:15Z
https://bad3.bet,bad3.bet,0.8,strong:live dealer|strong:register now|medium:casino|medium:slots|medium:betting,2026-08-09T11:34:18Z
https://bad3.bet,bad3.bet,0.8,strong:live dealer|strong:register now|medium:casino|medium:slots|medium:betting,2026-08-09T11:34:18Z
https://bad888.bet,bad888.bet,1.0,strong:live dealer|strong:register now|strong:claim bonus|medium:casino|medium:slots|medium:wager|medium:betting,2026-08-09T11:34:22Z
https://badai77.bet,badai77.bet,1.0,strong:deposit bonus|strong:free spins|strong:live dealer|medium:casino|medium:slots|medium:sportsbook,2026-08-09T11:34:23Z
https://badai100.bet,badai100.bet,0.8,strong:deposit bonus|strong:live dealer|medium:casino|medium:slots|medium:betting,2026-08-09T11:34:23Z
https://badai100.bet,badai100.bet,0.8,strong:deposit bonus|strong:live dealer|medium:casino|medium:slots|medium:betting,2026-08-09T11:34:23Z
https://badai77.bet,badai77.bet,1.0,strong:deposit bonus|strong:free spins|strong:live dealer|medium:casino|medium:slots|medium:sportsbook,2026-08-09T11:34:23Z
https://bad888.bet,bad888.bet,1.0,strong:free spins|strong:live dealer|strong:register now|strong:claim bonus|strong:play now|medium:casino|medium:slots|medium:poker|medium:jackpot|medium:wager|medium:betting|structural:age verification|negative:how to play,2026-08-09T11:34:23Z
https://badai1000.bet,badai1000.bet,1.0,strong:deposit bonus|strong:live dealer|medium:casino|medium:slots|medium:sportsbook|medium:wager|medium:betting,2026-08-09T11:34:23Z
https://badaislot.bet,badaislot.bet,1.0,strong:deposit bonus|strong:free spins|strong:live dealer|medium:casino|medium:slots|medium:sportsbook|medium:wager|medium:betting,2026-08-09T11:34:23Z
https://badak187.bet,badak187.bet,0.9,strong:free spins|strong:live dealer|medium:casino|medium:slots|medium:sportsbook|medium:betting,2026-08-09T11:34:24Z
https://badak187.bet,badak187.bet,0.9,strong:free spins|strong:live dealer|medium:casino|medium:slots|medium:sportsbook|medium:betting,2026-08-09T11:34:24Z
https://badakslot.bet,badakslot.bet,0.9,strong:free spins|strong:live dealer|medium:casino|medium:slots|medium:sportsbook|medium:wager,2026-08-09T11:34:25Z
https://badakslot.bet,badakslot.bet,0.9,strong:free spins|strong:live dealer|medium:casino|medium:slots|medium:sportsbook|medium:wager,2026-08-09T11:34:25Z
https://baddy.bet,baddy.bet,1.0,strong:live dealer|strong:claim bonus|medium:casino|medium:slots|medium:betting|structural:18+|structural:responsible gambling,2026-08-09T11:34:28Z
https://baddy.bet,baddy.bet,1.0,strong:live dealer|strong:claim bonus|medium:casino|medium:slots|medium:betting|structural:18+|structural:responsible gambling,2026-08-09T11:34:29Z
https://bag333.bet,bag333.bet,1.0,strong:deposit bonus|strong:free spins|strong:live dealer|strong:play now|strong:cashier|medium:casino|medium:slots|medium:poker|medium:jackpot|medium:wager|medium:betting|structural:responsible gambling|negative:how to play,2026-08-09T11:34:52Z
https://baginda168.bet,baginda168.bet,1.0,strong:deposit bonus|strong:live dealer|medium:casino|medium:slots|medium:poker|medium:sportsbook|medium:jackpot,2026-08-09T11:35:23Z
https://baginda799.bet,baginda799.bet,0.8,strong:deposit bonus|strong:live dealer|medium:casino|medium:slots|medium:sportsbook,2026-08-09T11:35:24Z
https://baginda799.bet,baginda799.bet,0.8,strong:deposit bonus|strong:live dealer|medium:casino|medium:slots|medium:sportsbook,2026-08-09T11:35:24Z
https://bahagia77.bet,bahagia77.bet,0.9,strong:deposit bonus|strong:live dealer|medium:casino|medium:slots|medium:sportsbook|medium:betting,2026-08-09T11:35:31Z
https://bahagia77.bet,bahagia77.bet,0.9,strong:deposit bonus|strong:live dealer|medium:casino|medium:slots|medium:sportsbook|medium:betting,2026-08-09T11:35:31Z
https://baijid.bet,baijid.bet,1.0,strong:free spins|strong:live dealer|medium:casino|medium:slots|medium:jackpot|medium:wager|medium:betting|structural:18+|structural:age verification,2026-08-09T11:36:28Z
https://baji1.bet,baji1.bet,1.0,strong:deposit bonus|strong:live dealer|strong:play now|medium:casino|medium:slots|medium:jackpot|medium:betting|structural:18+,2026-08-09T11:37:02Z
https://baji33.bet,baji33.bet,1.0,strong:free spins|strong:place a bet|strong:live dealer|strong:play now|medium:casino|medium:slots|medium:poker|medium:jackpot|medium:wager|medium:betting|structural:age verification|negative:how to play,2026-08-09T11:37:08Z
https://baji65.bet,baji65.bet,1.0,strong:free spins|strong:live dealer|strong:play now|medium:casino|medium:slots|medium:poker|medium:sportsbook|medium:jackpot|medium:wager|medium:betting,2026-08-09T11:37:10Z
https://bajiaffiliate.bet,bajiaffiliate.bet,0.8,strong:live dealer|strong:register now|medium:casino|medium:wager|medium:betting,2026-08-09T11:37:16Z
https://bajiaffiliate.bet,bajiaffiliate.bet,0.8,strong:live dealer|strong:register now|medium:casino|medium:wager|medium:betting,2026-08-09T11:37:16Z
https://baki.bet,baki.bet,1.0,strong:deposit bonus|strong:live dealer|medium:casino|medium:slots|medium:poker|medium:sportsbook|medium:wager|medium:betting,2026-08-09T11:38:26Z
https://ballybetontario.bet,ballybetontario.bet,1.0,strong:free spins|strong:live dealer|strong:claim bonus|medium:casino|medium:slots|medium:jackpot|medium:betting,2026-08-09T11:39:39Z
https://bandar69.bet,bandar69.bet,1.0,strong:deposit bonus|strong:free spins|strong:live dealer|medium:casino|medium:slots|medium:wager,2026-08-09T11:41:08Z
https://bandottoto.bet,bandottoto.bet,0.8,strong:live dealer|strong:bet slip|medium:casino|medium:slots|medium:sportsbook,2026-08-09T11:41:28Z
https://bangsawin88.bet,bangsawin88.bet,0.75,strong:live dealer|strong:cashier|strong:bet slip|medium:casino|medium:slots|medium:sportsbook|negative:app store|negative:google play,2026-08-09T11:42:12Z
https://bangsawin88.bet,bangsawin88.bet,0.75,strong:live dealer|strong:cashier|strong:bet slip|medium:casino|medium:slots|medium:sportsbook|negative:app store|negative:google play,2026-08-09T11:42:12Z
https://bantogel.bet,bantogel.bet,0.9,strong:free spins|strong:live dealer|medium:casino|medium:slots|medium:sportsbook|medium:betting,2026-08-09T11:42:46Z
https://banzai-bet-uz.bet,banzai-bet-uz.bet,0.85,strong:free spins|strong:live dealer|medium:casino|medium:jackpot|structural:18+,2026-08-09T11:42:59Z
https://banzais.bet,banzais.bet,1.0,strong:deposit bonus|strong:free spins|strong:live dealer|medium:casino|medium:slots|medium:poker|medium:jackpot|negative:google play,2026-08-09T11:43:18Z
https://banzais.bet,banzais.bet,1.0,strong:deposit bonus|strong:free spins|strong:live dealer|medium:casino|medium:slots|medium:poker|medium:jackpot|negative:google play,2026-08-09T11:43:18Z
https://bao-casino.bet,bao-casino.bet,1.0,strong:deposit bonus|strong:free spins|strong:live dealer|medium:casino|medium:slots|medium:poker|medium:jackpot,2026-08-09T11:43:19Z
https://banzay.bet,banzay.bet,0.9,strong:free spins|strong:curaçao egaming|medium:casino|medium:slots|medium:jackpot|medium:wager,2026-08-09T11:43:20Z
https://baocasino.bet,baocasino.bet,1.0,strong:free spins|strong:live dealer|strong:curaçao egaming|medium:casino|medium:slots|medium:jackpot|medium:wager,2026-08-09T11:43:28Z
https://bape.bet,bape.bet,1.0,strong:free spins|strong:live dealer|medium:casino|medium:slots|medium:sportsbook|medium:wager|medium:betting,2026-08-09T11:43:30Z
https://bape.bet,bape.bet,1.0,strong:free spins|strong:live dealer|medium:casino|medium:slots|medium:sportsbook|medium:wager|medium:betting,2026-08-09T11:43:30Z
https://barbadoscasino.bet,barbadoscasino.bet,0.9,strong:free spins|strong:ukgc|medium:casino|medium:slots|medium:jackpot|medium:wager,2026-08-09T11:43:41Z
https://barbossa.bet,barbossa.bet,1.0,strong:free spins|strong:live dealer|strong:play now|strong:cashier|medium:casino|medium:slots|medium:jackpot|medium:wager|structural:18+,2026-08-09T11:43:44Z
https://barbossa.bet,barbossa.bet,1.0,strong:free spins|strong:live dealer|strong:play now|strong:cashier|medium:casino|medium:slots|medium:jackpot|medium:wager|structural:18+,2026-08-09T11:43:45Z
https://barcode.bet,barcode.bet,0.85,strong:deposit bonus|strong:live dealer|medium:casino|medium:slots|medium:sportsbook|medium:wager|medium:betting|negative:app store,2026-08-09T11:44:04Z
https://baronesport.bet,baronesport.bet,1.0,strong:free spins|strong:live dealer|strong:cashier|medium:casino|medium:poker|medium:jackpot|medium:betting,2026-08-09T11:44:44Z
https://baronesport.bet,baronesport.bet,1.0,strong:free spins|strong:live dealer|strong:cashier|medium:casino|medium:poker|medium:jackpot|medium:betting,2026-08-09T11:44:44Z
https://barrieres.bet,barrieres.bet,1.0,strong:free spins|strong:live dealer|strong:ukgc|medium:casino|medium:slots|medium:jackpot|medium:wager|medium:betting,2026-08-09T11:44:51Z
https://barz-casino.bet,barz-casino.bet,1.0,strong:free spins|strong:live dealer|strong:register now|strong:ukgc|medium:casino|medium:slots|medium:jackpot|medium:wager|medium:betting|structural:responsible gambling,2026-08-09T11:44:54Z
https://barzcasino.bet,barzcasino.bet,1.0,strong:deposit bonus|strong:free spins|strong:live dealer|strong:play now|strong:cashier|strong:mga/|medium:casino|medium:slots|medium:poker|medium:jackpot|medium:wager|medium:betting|structural:18+|structural:responsible gambling,2026-08-09T11:44:55Z
https://barzcasino.bet,barzcasino.bet,1.0,strong:deposit bonus|strong:free spins|strong:live dealer|strong:play now|strong:cashier|strong:mga/|medium:casino|medium:slots|medium:poker|medium:jackpot|medium:wager|medium:betting|structural:18+|structural:responsible gambling,2026-08-09T11:44:56Z
https://basa8.bet,basa8.bet,1.0,strong:free spins|strong:live dealer|strong:claim bonus|medium:casino|medium:slots|medium:sportsbook|medium:betting|structural:18+,2026-08-09T11:44:57Z
https://basa8.bet,basa8.bet,1.0,strong:free spins|strong:live dealer|strong:claim bonus|medium:casino|medium:slots|medium:sportsbook|medium:betting|structural:18+,2026-08-09T11:44:57Z
https://barzcasino-nz.bet,barzcasino-nz.bet,1.0,strong:free spins|strong:live dealer|strong:curacao egaming|medium:casino|medium:slots|medium:sportsbook|medium:jackpot|medium:betting,2026-08-09T11:44:58Z
https://basantclubs.bet,basantclubs.bet,0.75,strong:deposit bonus|strong:free spins|medium:slots|medium:jackpot|medium:wager|medium:betting|negative:how to play,2026-08-09T11:45:00Z
https://basantclubs.bet,basantclubs.bet,0.75,strong:deposit bonus|strong:free spins|medium:slots|medium:jackpot|medium:wager|medium:betting|negative:how to play,2026-08-09T11:45:00Z
https://basant.bet,basant.bet,1.0,strong:deposit bonus|strong:free spins|strong:live dealer|medium:casino|medium:slots|medium:poker|medium:sportsbook|medium:wager|medium:betting|structural:age verification,2026-08-09T11:45:00Z
https://basant.bet,basant.bet,1.0,strong:deposit bonus|strong:free spins|strong:live dealer|medium:casino|medium:slots|medium:poker|medium:sportsbook|medium:wager|medium:betting,2026-08-09T11:45:01Z
https://basel.bet,basel.bet,1.0,strong:free spins|strong:play now|medium:casino|medium:slots|medium:poker|medium:jackpot|medium:wager|medium:betting,2026-08-09T11:49:15Z
https://basel.bet,basel.bet,0.95,strong:free spins|strong:play now|medium:casino|medium:slots|medium:poker|medium:jackpot|medium:wager|medium:betting|negative:how to play,2026-08-09T11:49:15Z
https://bat15.bet,bat15.bet,0.8,strong:live dealer|strong:register now|medium:casino|medium:slots|medium:betting,2026-08-09T11:50:38Z
https://bat15.bet,bat15.bet,0.8,strong:live dealer|strong:register now|medium:casino|medium:slots|medium:betting,2026-08-09T11:50:38Z
https://bat54.bet,bat54.bet,0.8,strong:deposit bonus|strong:live dealer|medium:casino|medium:jackpot|medium:wager,2026-08-09T11:50:42Z
https://batakph.bet,batakph.bet,0.8,strong:free spins|strong:live dealer|medium:casino|medium:slots|medium:betting|structural:18+|negative:app store,2026-08-09T11:50:49Z
https://batamtoto.bet,batamtoto.bet,1.0,strong:live dealer|strong:bet slip|medium:casino|medium:slots|medium:poker|medium:sportsbook|medium:betting,2026-08-09T11:50:50Z
https://batamtoto.bet,batamtoto.bet,1.0,strong:live dealer|strong:bet slip|medium:casino|medium:slots|medium:poker|medium:sportsbook|medium:betting,2026-08-09T11:50:50Z
https://batara88.bet,batara88.bet,1.0,strong:live dealer|strong:bet slip|medium:casino|medium:slots|medium:poker|medium:sportsbook|medium:betting,2026-08-09T11:50:51Z
https://batik.bet,batik.bet,1.0,strong:free spins|strong:live dealer|medium:casino|medium:slots|medium:sportsbook|medium:wager|medium:betting,2026-08-09T11:50:58Z
https://batikslotlogin.bet,batikslotlogin.bet,0.8,strong:live dealer|strong:cashier|medium:casino|medium:slots|medium:sportsbook,2026-08-09T11:51:02Z
https://batikslotlogin.bet,batikslotlogin.bet,0.8,strong:live dealer|strong:cashier|medium:casino|medium:slots|medium:sportsbook,2026-08-09T11:51:02Z
https://batpkr.bet,batpkr.bet,1.0,strong:live dealer|strong:play now|strong:cashier|medium:casino|medium:slots|medium:jackpot|medium:wager|medium:betting|structural:responsible gambling|structural:age verification,2026-08-09T11:51:22Z
https://batpkr.bet,batpkr.bet,1.0,strong:live dealer|strong:play now|strong:cashier|medium:casino|medium:slots|medium:jackpot|medium:wager|medium:betting|structural:responsible gambling|structural:age verification,2026-08-09T11:51:22Z
https://bau888.bet,bau888.bet,1.0,strong:live dealer|strong:play now|medium:casino|medium:slots|medium:poker|medium:jackpot|medium:betting,2026-08-09T11:51:36Z
https://bau888.bet,bau888.bet,1.0,strong:live dealer|strong:play now|medium:casino|medium:slots|medium:poker|medium:jackpot|medium:betting,2026-08-09T11:51:36Z
https://bayartoto.bet,bayartoto.bet,0.9,strong:free spins|strong:live dealer|medium:casino|medium:slots|medium:poker|medium:jackpot,2026-08-09T11:52:01Z
https://bazi77.bet,bazi77.bet,1.0,strong:live dealer|strong:play now|medium:casino|medium:slots|medium:poker|medium:jackpot|medium:betting,2026-08-09T11:52:36Z
https://bazi77.bet,bazi77.bet,1.0,strong:deposit bonus|strong:free spins|strong:live dealer|strong:play now|medium:casino|medium:slots|medium:poker|medium:jackpot|medium:wager|medium:betting,2026-08-09T11:52:37Z
https://bazilogin.bet,bazilogin.bet,0.8,strong:live dealer|strong:register now|medium:casino|medium:slots|medium:betting,2026-08-09T11:52:38Z
https://bb444.bet,bb444.bet,1.0,strong:free spins|strong:live dealer|strong:claim bonus|medium:casino|medium:slots|medium:poker|medium:jackpot|medium:wager,2026-08-09T11:53:12Z
https://bb44login.bet,bb44login.bet,0.9,strong:register now|strong:play now|medium:casino|medium:slots|medium:sportsbook|medium:betting,2026-08-09T11:53:17Z
https://bb44login.bet,bb44login.bet,0.9,strong:register now|strong:play now|medium:casino|medium:slots|medium:sportsbook|medium:betting,2026-08-09T11:53:17Z
https://bb65.bet,bb65.bet,1.0,strong:free spins|strong:live dealer|strong:cashier|medium:casino|medium:slots|medium:betting,2026-08-09T11:53:22Z
https://bb65.bet,bb65.bet,1.0,strong:free spins|strong:live dealer|strong:cashier|medium:casino|medium:slots|medium:betting,2026-08-09T11:53:22Z
https://bb88ee.bet,bb88ee.bet,1.0,strong:deposit bonus|strong:free spins|strong:live dealer|strong:play now|medium:casino|medium:slots|medium:poker|medium:jackpot|medium:wager|medium:betting,2026-08-09T11:53:34Z
https://bb88ee.bet,bb88ee.bet,1.0,strong:deposit bonus|strong:free spins|strong:live dealer|strong:play now|medium:casino|medium:slots|medium:poker|medium:jackpot|medium:wager|medium:betting,2026-08-09T11:53:35Z
https://bb8bdt.bet,bb8bdt.bet,1.0,strong:deposit bonus|strong:live dealer|strong:play now|medium:casino|medium:slots|medium:poker|medium:jackpot|medium:wager|medium:betting,2026-08-09T11:53:36Z
https://bba999.bet,bba999.bet,1.0,strong:free spins|strong:live dealer|strong:play now|medium:casino|medium:slots|medium:poker|medium:jackpot|medium:wager|medium:betting,2026-08-09T11:53:38Z
https://bba999.bet,bba999.bet,1.0,strong:free spins|strong:live dealer|strong:play now|medium:casino|medium:slots|medium:poker|medium:jackpot|medium:wager|medium:betting,2026-08-09T11:53:38Z
https://bbd777.bet,bbd777.bet,1.0,strong:live dealer|strong:play now|strong:cashier|medium:casino|medium:slots|medium:poker|medium:jackpot|medium:wager|medium:betting|structural:responsible gambling|structural:age verification,2026-08-09T11:54:25Z
https://bbd777.bet,bbd777.bet,1.0,strong:live dealer|strong:play now|strong:cashier|medium:casino|medium:slots|medium:poker|medium:jackpot|medium:wager|medium:betting|structural:responsible gambling|structural:age verification,2026-08-09T11:54:25Z
https://bbet-way.bet,bbet-way.bet,1.0,strong:deposit bonus|strong:free spins|strong:live dealer|strong:mga/|medium:casino|medium:slots|medium:jackpot|medium:wager|medium:betting|structural:18+|structural:responsible gambling,2026-08-09T11:54:28Z
https://bbet-way.bet,bbet-way.bet,1.0,strong:deposit bonus|strong:free spins|strong:live dealer|strong:mga/|medium:casino|medium:slots|medium:jackpot|medium:wager|medium:betting|structural:18+|structural:responsible gambling,2026-08-09T11:54:28Z
https://bbh999.bet,bbh999.bet,1.0,strong:free spins|strong:live dealer|strong:claim bonus|strong:play now|medium:casino|medium:slots|medium:poker|medium:jackpot|medium:wager|medium:betting|negative:how to play,2026-08-09T11:54:39Z
https://bbk666.bet,bbk666.bet,1.0,strong:free spins|strong:live dealer|strong:play now|medium:casino|medium:slots|medium:poker|medium:jackpot|medium:wager|medium:betting|structural:responsible gambling|negative:how to play,2026-08-09T11:54:51Z
https://bbo33.bet,bbo33.bet,1.0,strong:deposit bonus|strong:free spins|strong:live dealer|medium:casino|medium:slots|medium:sportsbook|medium:wager|medium:betting,2026-08-09T11:55:02Z
https://bbo33.bet,bbo33.bet,1.0,strong:deposit bonus|strong:free spins|strong:live dealer|medium:casino|medium:slots|medium:sportsbook|medium:wager|medium:betting,2026-08-09T11:55:02Z
https://bbtaka.bet,bbtaka.bet,1.0,strong:free spins|strong:live dealer|strong:play now|medium:casino|medium:slots|medium:poker|medium:jackpot|medium:betting,2026-08-09T11:55:30Z
https://bbtn4d.bet,bbtn4d.bet,0.9,strong:free spins|strong:live dealer|medium:casino|medium:slots|medium:sportsbook|medium:betting,2026-08-09T11:55:33Z
https://bbtn4d.bet,bbtn4d.bet,0.9,strong:free spins|strong:live dealer|medium:casino|medium:slots|medium:sportsbook|medium:betting,2026-08-09T11:55:33Z
https://bbu8.bet,bbu8.bet,1.0,strong:free spins|strong:play now|medium:casino|medium:slots|medium:poker|medium:sportsbook|medium:jackpot|medium:betting|structural:18+,2026-08-09T11:55:49Z
https://bbu8.bet,bbu8.bet,1.0,strong:free spins|strong:play now|medium:casino|medium:slots|medium:poker|medium:sportsbook|medium:jackpot|medium:wager|medium:betting|structural:18+,2026-08-09T11:55:51Z
https://bbwin888.bet,bbwin888.bet,1.0,strong:live dealer|strong:cashier|medium:casino|medium:slots|medium:poker|medium:sportsbook|medium:betting,2026-08-09T11:56:03Z
https://bbwin888.bet,bbwin888.bet,1.0,strong:live dealer|strong:cashier|medium:casino|medium:slots|medium:poker|medium:sportsbook|medium:betting,2026-08-09T11:56:03Z
https://bc-game-in.bet,bc-game-in.bet,1.0,strong:free spins|strong:live dealer|strong:play now|medium:casino|medium:slots|medium:poker|medium:sportsbook|medium:wager|medium:betting|structural:18+|structural:gambleaware|negative:app store|negative:google play,2026-08-09T11:56:06Z
https://bc-game-in.bet,bc-game-in.bet,1.0,strong:free spins|strong:live dealer|strong:play now|medium:casino|medium:slots|medium:poker|medium:sportsbook|medium:wager|medium:betting|structural:18+|structural:gambleaware|negative:app store|negative:google play,2026-08-09T11:56:06Z
https://bc-game-in.bet,bc-game-in.bet,1.0,strong:free spins|strong:live dealer|strong:play now|medium:casino|medium:slots|medium:poker|medium:sportsbook|medium:wager|medium:betting|structural:18+|structural:gambleaware|negative:app store|negative:google play,2026-08-09T11:56:06Z
https://bc-game-in.bet,bc-game-in.bet,1.0,strong:free spins|strong:live dealer|strong:play now|medium:casino|medium:slots|medium:poker|medium:sportsbook|medium:wager|medium:betting|structural:18+|structural:gambleaware|negative:app store|negative:google play,2026-08-09T11:56:06Z
https://bc-game-india.bet,bc-game-india.bet,0.8,strong:deposit bonus|strong:play now|medium:casino|medium:slots|medium:betting,2026-08-09T11:56:07Z
https://bc-game-pk.bet,bc-game-pk.bet,0.85,strong:claim bonus|strong:play now|medium:casino|medium:betting|structural:18+,2026-08-09T11:56:07Z
https://bc-game-pk.bet,bc-game-pk.bet,0.85,strong:claim bonus|strong:play now|medium:casino|medium:betting|structural:18+,2026-08-09T11:56:07Z
https://bc-game-pk.bet,bc-game-pk.bet,0.85,strong:claim bonus|strong:play now|medium:casino|medium:betting|structural:18+,2026-08-09T11:56:07Z
https://bc-game-pk.bet,bc-game-pk.bet,0.85,strong:claim bonus|strong:play now|medium:casino|medium:betting|structural:18+,2026-08-09T11:56:07Z
https://bc-gamecasino.bet,bc-gamecasino.bet,1.0,strong:deposit bonus|strong:free spins|strong:curaçao egaming|medium:casino|medium:slots|structural:18+,2026-08-09T11:56:07Z
https://bc11.bet,bc11.bet,1.0,strong:free spins|strong:play now|medium:casino|medium:slots|medium:jackpot|medium:wager|medium:betting|structural:18+,2026-08-09T11:56:08Z
https://bc11.bet,bc11.bet,1.0,strong:free spins|strong:play now|medium:casino|medium:slots|medium:jackpot|medium:wager|medium:betting|structural:18+|structural:age verification,2026-08-09T11:56:08Z
https://bc2222.bet,bc2222.bet,1.0,strong:free spins|strong:live dealer|strong:play now|medium:casino|medium:slots|medium:jackpot|medium:wager|medium:betting|structural:responsible gambling,2026-08-09T11:56:10Z
https://bc2222.bet,bc2222.bet,1.0,strong:free spins|strong:live dealer|strong:play now|medium:casino|medium:slots|medium:jackpot|medium:wager|medium:betting|structural:responsible gambling,2026-08-09T11:56:10Z
https://bc3333.bet,bc3333.bet,1.0,strong:live dealer|strong:play now|medium:casino|medium:slots|medium:poker|medium:jackpot|medium:betting,2026-08-09T11:56:11Z
https://bc3333.bet,bc3333.bet,1.0,strong:live dealer|strong:play now|medium:casino|medium:slots|medium:poker|medium:jackpot|medium:betting,2026-08-09T11:56:11Z
https://bc4444.bet,bc4444.bet,1.0,strong:free spins|strong:live dealer|strong:play now|medium:casino|medium:slots|medium:poker|medium:jackpot|medium:wager|medium:betting,2026-08-09T11:56:12Z
https://bc7777.bet,bc7777.bet,1.0,strong:deposit bonus|strong:free spins|strong:place a bet|strong:live dealer|strong:play now|medium:casino|medium:slots|medium:jackpot|medium:wager|medium:betting,2026-08-09T11:56:15Z
https://bcb88a.bet,bcb88a.bet,0.9,strong:live dealer|strong:cashier|medium:casino|medium:slots|medium:sportsbook|medium:jackpot,2026-08-09T11:56:22Z
https://bcb88a.bet,bcb88a.bet,0.9,strong:live dealer|strong:cashier|medium:casino|medium:slots|medium:sportsbook|medium:jackpot,2026-08-09T11:56:22Z
https://bcd33.bet,bcd33.bet,0.8,strong:live dealer|strong:register now|medium:casino|medium:slots|medium:betting,2026-08-09T11:56:29Z
https://bcgamein.bet,bcgamein.bet,1.0,strong:deposit bonus|strong:place a bet|strong:live dealer|strong:claim bonus|strong:play now|medium:casino|medium:slots|medium:sportsbook|medium:betting|structural:18+,2026-08-09T11:56:34Z
https://bcgamein.bet,bcgamein.bet,1.0,strong:deposit bonus|strong:place a bet|strong:live dealer|strong:claim bonus|strong:play now|medium:casino|medium:slots|medium:sportsbook|medium:betting|structural:18+,2026-08-09T11:56:34Z
https://bcgamein.bet,bcgamein.bet,1.0,strong:deposit bonus|strong:place a bet|strong:live dealer|strong:claim bonus|strong:play now|medium:casino|medium:slots|medium:sportsbook|medium:betting|structural:18+,2026-08-09T11:56:34Z
https://bcgamein.bet,bcgamein.bet,1.0,strong:deposit bonus|strong:place a bet|strong:live dealer|strong:claim bonus|strong:play now|medium:casino|medium:slots|medium:sportsbook|medium:betting|structural:18+,2026-08-09T11:56:34Z
https://bcjili.bet,bcjili.bet,0.8,strong:live dealer|strong:cashier|medium:casino|medium:slots|medium:betting,2026-08-09T11:56:38Z
https://bd111cure.bet,bd111cure.bet,0.8,strong:live dealer|strong:register now|medium:casino|medium:slots|medium:betting,2026-08-09T11:57:50Z
https://bd111cure.bet,bd111cure.bet,0.8,strong:live dealer|strong:register now|medium:casino|medium:slots|medium:betting,2026-08-09T11:57:50Z
https://bd1333.bet,bd1333.bet,1.0,strong:deposit bonus|strong:free spins|strong:live dealer|strong:play now|medium:casino|medium:slots|medium:poker|medium:jackpot|medium:wager|medium:betting|structural:age verification|negative:how to play,2026-08-09T11:57:54Z
https://bd1991.bet,bd1991.bet,1.0,strong:deposit bonus|strong:live dealer|strong:play now|medium:casino|medium:slots|medium:poker|medium:jackpot|medium:wager|medium:betting,2026-08-09T11:57:57Z
https://bd1991.bet,bd1991.bet,1.0,strong:deposit bonus|strong:live dealer|strong:play now|medium:casino|medium:slots|medium:poker|medium:jackpot|medium:wager|medium:betting,2026-08-09T11:57:57Z
https://bd3222.bet,bd3222.bet,1.0,strong:free spins|strong:live dealer|strong:play now|medium:casino|medium:slots|medium:poker|medium:jackpot|medium:betting,2026-08-09T11:58:59Z
https://bd3455.bet,bd3455.bet,1.0,strong:deposit bonus|strong:free spins|strong:live dealer|strong:withdraw winnings|strong:play now|medium:casino|medium:slots|medium:jackpot|medium:wager|medium:betting|structural:18+,2026-08-09T11:59:08Z
https://bd566.bet,bd566.bet,1.0,strong:free spins|strong:withdraw winnings|strong:play now|medium:casino|medium:slots|medium:jackpot|medium:wager|medium:betting|structural:18+,2026-08-09T11:59:45Z
https://bd5678.bet,bd5678.bet,1.0,strong:free spins|strong:live dealer|strong:play now|medium:casino|medium:slots|medium:poker|medium:jackpot|medium:wager|medium:betting|structural:age verification,2026-08-09T11:59:49Z
https://bd6678.bet,bd6678.bet,1.0,strong:free spins|strong:place a bet|strong:live dealer|strong:play now|medium:casino|medium:slots|medium:poker|medium:sportsbook|medium:jackpot|medium:betting|negative:how to play,2026-08-09T11:59:55Z
https://bd6678.bet,bd6678.bet,1.0,strong:free spins|strong:place a bet|strong:live dealer|strong:play now|medium:casino|medium:slots|medium:poker|medium:sportsbook|medium:jackpot|medium:betting|negative:how to play,2026-08-09T11:59:55Z
https://bd6781.bet,bd6781.bet,1.0,strong:live dealer|strong:claim bonus|strong:play now|medium:casino|medium:slots|medium:jackpot|medium:wager|medium:betting,2026-08-09T12:00:00Z
https://bd6781.bet,bd6781.bet,1.0,strong:live dealer|strong:claim bonus|strong:play now|medium:casino|medium:slots|medium:jackpot|medium:wager|medium:betting,2026-08-09T12:00:00Z
https://bd7778.bet,bd7778.bet,1.0,strong:free spins|strong:place a bet|strong:live dealer|strong:play now|medium:casino|medium:slots|medium:jackpot|medium:wager|medium:betting|structural:age verification|negative:google play,2026-08-09T12:00:16Z
https://bd89h.bet,bd89h.bet,1.0,strong:free spins|strong:live dealer|strong:claim bonus|strong:play now|medium:casino|medium:slots|medium:jackpot|medium:wager|medium:betting|structural:18+|structural:responsible gambling,2026-08-09T12:00:32Z
https://bd999f.bet,bd999f.bet,1.0,strong:free spins|strong:live dealer|strong:play now|medium:casino|medium:slots|medium:jackpot|medium:wager|medium:betting,2026-08-09T12:00:46Z
https://bdbajeelogin.bet,bdbajeelogin.bet,0.8,strong:live dealer|strong:register now|medium:casino|medium:slots|medium:betting,2026-08-09T12:01:04Z
https://bdbajeelogin.bet,bdbajeelogin.bet,0.8,strong:live dealer|strong:register now|medium:casino|medium:slots|medium:betting,2026-08-09T12:01:05Z
https://bdc222.bet,bdc222.bet,1.0,strong:deposit bonus|strong:free spins|strong:live dealer|strong:play now|medium:casino|medium:slots|medium:wager|medium:betting|negative:how to play,2026-08-09T12:01:20Z
https://bdc222.bet,bdc222.bet,1.0,strong:deposit bonus|strong:free spins|strong:live dealer|strong:play now|medium:casino|medium:slots|medium:wager|medium:betting|negative:how to play,2026-08-09T12:01:20Z
https://bdc888.bet,bdc888.bet,1.0,strong:free spins|strong:live dealer|strong:claim bonus|strong:play now|medium:casino|medium:slots|medium:poker|medium:jackpot|medium:wager|medium:betting|negative:how to play,2026-08-09T12:01:23Z
https://bdc888.bet,bdc888.bet,1.0,strong:free spins|strong:live dealer|strong:claim bonus|strong:play now|medium:casino|medium:slots|medium:poker|medium:jackpot|medium:wager|medium:betting|negative:how to play,2026-08-09T12:01:23Z
https://bde888.bet,bde888.bet,1.0,strong:live dealer|strong:play now|medium:casino|medium:slots|medium:poker|medium:jackpot|medium:wager|medium:betting,2026-08-09T12:01:30Z
https://bde888.bet,bde888.bet,1.0,strong:live dealer|strong:play now|medium:casino|medium:slots|medium:poker|medium:jackpot|medium:wager|medium:betting,2026-08-09T12:01:30Z
https://bdee99.bet,bdee99.bet,1.0,strong:free spins|strong:live dealer|medium:casino|medium:slots|medium:poker|medium:sportsbook|medium:jackpot|medium:wager|medium:betting|structural:responsible gambling,2026-08-09T12:01:31Z
https://bdee99.bet,bdee99.bet,1.0,strong:free spins|strong:live dealer|medium:casino|medium:slots|medium:poker|medium:sportsbook|medium:jackpot|medium:wager|medium:betting|structural:responsible gambling,2026-08-09T12:01:31Z
https://bdf999.bet,bdf999.bet,1.0,strong:free spins|strong:place a bet|strong:live dealer|strong:play now|strong:cashier|medium:casino|medium:slots|medium:poker|medium:jackpot|medium:betting|structural:age verification|negative:how to play,2026-08-09T12:01:32Z
https://bdf999.bet,bdf999.bet,1.0,strong:free spins|strong:place a bet|strong:live dealer|strong:play now|strong:cashier|medium:casino|medium:slots|medium:poker|medium:jackpot|medium:betting|structural:age verification|negative:how to play,2026-08-09T12:01:32Z
https://bdmbetfr.bet,bdmbetfr.bet,1.0,strong:live dealer|strong:cashier|medium:casino|medium:slots|medium:poker|medium:jackpot|medium:wager,2026-08-09T12:02:02Z
https://bdmbetfr.bet,bdmbetfr.bet,1.0,strong:live dealer|strong:cashier|medium:casino|medium:slots|medium:poker|medium:jackpot|medium:wager,2026-08-09T12:02:02Z
https://bdmbetcasino.bet,bdmbetcasino.bet,1.0,strong:free spins|strong:curaçao egaming|medium:casino|medium:slots|medium:poker|medium:jackpot|medium:betting|structural:18+,2026-08-09T12:02:02Z
https://bdmbetcasino.bet,bdmbetcasino.bet,1.0,strong:free spins|strong:curaçao egaming|medium:casino|medium:slots|medium:poker|medium:jackpot|medium:betting|structural:18+,2026-08-09T12:02:02Z
https://bdt222login.bet,bdt222login.bet,0.8,strong:live dealer|strong:register now|medium:casino|medium:slots|medium:betting,2026-08-09T12:02:29Z
https://bdt222login.bet,bdt222login.bet,0.8,strong:live dealer|strong:register now|medium:casino|medium:slots|medium:betting,2026-08-09T12:02:29Z
https://bdt223.bet,bdt223.bet,1.0,strong:free spins|strong:live dealer|strong:withdraw winnings|strong:play now|medium:casino|medium:slots|medium:wager|medium:betting|structural:age verification|negative:app store,2026-08-09T12:02:30Z
https://bdt365.bet,bdt365.bet,1.0,strong:live dealer|strong:withdraw winnings|strong:play now|medium:casino|medium:slots|medium:poker|medium:jackpot|medium:wager|medium:betting,2026-08-09T12:02:35Z
https://bdt5222.bet,bdt5222.bet,0.9,strong:live dealer|strong:register now|medium:casino|medium:slots|medium:sportsbook|medium:betting,2026-08-09T12:02:38Z
https://bdt5222.bet,bdt5222.bet,0.9,strong:live dealer|strong:register now|medium:casino|medium:slots|medium:sportsbook|medium:betting,2026-08-09T12:02:38Z
https://bdt567.bet,bdt567.bet,1.0,strong:free spins|strong:cashier|medium:casino|medium:slots|medium:poker|medium:sportsbook|medium:jackpot|medium:betting|structural:18+,2026-08-09T12:02:40Z
https://bdt599.bet,bdt599.bet,0.8,strong:live dealer|strong:register now|medium:casino|medium:slots|medium:betting,2026-08-09T12:02:40Z
https://bdt599.bet,bdt599.bet,0.8,strong:live dealer|strong:register now|medium:casino|medium:slots|medium:betting,2026-08-09T12:02:40Z
https://bdt68.bet,bdt68.bet,1.0,strong:free spins|strong:live dealer|strong:play now|strong:cashier|medium:casino|medium:slots|medium:poker|medium:sportsbook|medium:jackpot|medium:wager|medium:betting|structural:18+|structural:age verification,2026-08-09T12:02:43Z
https://bdt78.bet,bdt78.bet,1.0,strong:free spins|strong:live dealer|medium:casino|medium:slots|medium:sportsbook|medium:jackpot|medium:wager|medium:betting|structural:18+|structural:age verification,2026-08-09T12:02:45Z
https://bdt899.bet,bdt899.bet,0.8,strong:live dealer|strong:register now|medium:casino|medium:slots|medium:betting,2026-08-09T12:02:55Z
https://bdt899.bet,bdt899.bet,0.8,strong:live dealer|strong:register now|medium:casino|medium:slots|medium:betting,2026-08-09T12:02:55Z
https://bdt995.bet,bdt995.bet,1.0,strong:live dealer|strong:play now|medium:casino|medium:slots|medium:poker|medium:jackpot|medium:wager|medium:betting,2026-08-09T12:02:58Z
https://bdtfun.bet,bdtfun.bet,1.0,strong:free spins|strong:live dealer|strong:register now|strong:claim bonus|strong:play now|medium:casino|medium:slots|medium:poker|medium:jackpot|medium:betting|structural:18+,2026-08-09T12:03:02Z
https://bdtfun.bet,bdtfun.bet,1.0,strong:free spins|strong:live dealer|strong:register now|strong:claim bonus|strong:play now|medium:casino|medium:slots|medium:poker|medium:jackpot|medium:betting|structural:18+,2026-08-09T12:03:02Z
https://bdtk35.bet,bdtk35.bet,1.0,strong:live dealer|strong:play now|medium:casino|medium:slots|medium:poker|medium:jackpot|medium:betting,2026-08-09T12:03:06Z
https://bdtk35.bet,bdtk35.bet,1.0,strong:live dealer|strong:play now|medium:casino|medium:slots|medium:poker|medium:jackpot|medium:wager|medium:betting,2026-08-09T12:03:07Z
https://bdtk71.bet,bdtk71.bet,1.0,strong:free spins|strong:live dealer|medium:casino|medium:slots|medium:poker|medium:jackpot|medium:wager|medium:betting,2026-08-09T12:03:08Z
https://bdtk71.bet,bdtk71.bet,1.0,strong:free spins|strong:live dealer|medium:casino|medium:slots|medium:poker|medium:jackpot|medium:wager|medium:betting,2026-08-09T12:03:08Z
https://be2026.bet,be2026.bet,0.8,strong:live dealer|strong:register now|medium:casino|medium:jackpot|medium:betting,2026-08-09T12:03:19Z
https://be2026.bet,be2026.bet,0.8,strong:live dealer|strong:register now|medium:casino|medium:jackpot|medium:betting,2026-08-09T12:03:19Z
https://be21.bet,be21.bet,0.8,strong:place a bet|strong:register now|medium:casino|medium:slots|medium:betting,2026-08-09T12:03:19Z
https://be25.bet,be25.bet,0.8,strong:live dealer|strong:register now|medium:casino|medium:slots|medium:betting,2026-08-09T12:03:20Z
https://be25.bet,be25.bet,0.8,strong:live dealer|strong:register now|medium:casino|medium:slots|medium:betting,2026-08-09T12:03:20Z
https://be9.bet,be9.bet,0.9,strong:live dealer|strong:register now|medium:casino|medium:slots|medium:sportsbook|medium:betting,2026-08-09T12:03:25Z
https://be9.bet,be9.bet,0.9,strong:live dealer|strong:register now|medium:casino|medium:slots|medium:sportsbook|medium:betting,2026-08-09T12:03:25Z
https://be999a.bet,be999a.bet,1.0,strong:free spins|strong:live dealer|strong:play now|medium:casino|medium:slots|medium:jackpot|medium:wager|medium:betting,2026-08-09T12:03:27Z
https://bearo.bet,bearo.bet,1.0,strong:free spins|strong:play now|medium:casino|medium:slots|medium:sportsbook|medium:jackpot|medium:wager|medium:betting|structural:responsible gambling,2026-08-09T12:03:29Z
https://bearo.bet,bearo.bet,1.0,strong:free spins|strong:play now|strong:cashier|medium:casino|medium:slots|medium:sportsbook|medium:jackpot|medium:wager|medium:betting|structural:18+|structural:gambleaware|structural:responsible gambling|structural:age verification,2026-08-09T12:03:30Z
https://beb999.bet,beb999.bet,1.0,strong:free spins|strong:live dealer|strong:play now|medium:casino|medium:slots|medium:jackpot|medium:wager|medium:betting,2026-08-09T12:03:42Z
https://beb999.bet,beb999.bet,1.0,strong:free spins|strong:live dealer|strong:play now|medium:casino|medium:slots|medium:jackpot|medium:wager|medium:betting,2026-08-09T12:03:42Z
https://beattheodds.bet,beattheodds.bet,0.95,strong:free spins|strong:live dealer|strong:play now|medium:casino|medium:slots,2026-08-09T12:03:44Z
https://beattheodds.bet,beattheodds.bet,0.95,strong:free spins|strong:live dealer|strong:play now|medium:casino|medium:slots,2026-08-09T12:03:44Z
https://bebasjitu.bet,bebasjitu.bet,1.0,strong:place a bet|strong:live dealer|strong:bet slip|medium:casino|medium:slots|medium:poker|medium:sportsbook|medium:betting,2026-08-09T12:03:45Z
https://bebasjitu.bet,bebasjitu.bet,1.0,strong:place a bet|strong:live dealer|strong:bet slip|medium:casino|medium:slots|medium:poker|medium:sportsbook|medium:betting,2026-08-09T12:03:45Z
https://becak4d.bet,becak4d.bet,1.0,strong:deposit bonus|strong:free spins|strong:live dealer|medium:casino|medium:slots|medium:wager|medium:betting,2026-08-09T12:03:50Z
https://becak4d.bet,becak4d.bet,1.0,strong:deposit bonus|strong:free spins|strong:live dealer|medium:casino|medium:slots|medium:wager|medium:betting,2026-08-09T12:03:50Z
https://bed7000.bet,bed7000.bet,0.8,strong:live dealer|strong:register now|medium:casino|medium:slots|medium:betting,2026-08-09T12:04:11Z
https://bed7000.bet,bed7000.bet,0.8,strong:live dealer|strong:register now|medium:casino|medium:slots|medium:betting,2026-08-09T12:04:11Z
https://bed888.bet,bed888.bet,1.0,strong:deposit bonus|strong:free spins|strong:live dealer|strong:play now|medium:casino|medium:slots|medium:poker|medium:jackpot|medium:wager|medium:betting|negative:how to play,2026-08-09T12:04:12Z
https://bed888.bet,bed888.bet,1.0,strong:deposit bonus|strong:free spins|strong:live dealer|strong:play now|medium:casino|medium:slots|medium:poker|medium:jackpot|medium:wager|medium:betting|negative:how to play,2026-08-09T12:04:13Z
https://bee365.bet,bee365.bet,1.0,strong:free spins|strong:live dealer|strong:play now|medium:casino|medium:slots|medium:poker|medium:sportsbook|medium:jackpot|medium:wager|medium:betting|structural:age verification,2026-08-09T12:04:21Z
https://bee888.bet,bee888.bet,1.0,strong:free spins|strong:live dealer|strong:play now|medium:casino|medium:slots|medium:poker|medium:jackpot|medium:wager|medium:betting,2026-08-09T12:04:22Z
https://beep-beepcasino.bet,beep-beepcasino.bet,1.0,strong:deposit bonus|strong:free spins|strong:live dealer|strong:withdraw winnings|strong:play now|strong:cashier|medium:casino|medium:slots|medium:jackpot|medium:wager|medium:betting|structural:18+|structural:responsible gambling,2026-08-09T12:04:32Z
https://bekaltoto.bet,bekaltoto.bet,1.0,strong:live dealer|strong:bet slip|medium:casino|medium:slots|medium:poker|medium:sportsbook|medium:betting,2026-08-09T12:05:09Z
https://bendera.bet,bendera.bet,0.9,strong:free spins|strong:live dealer|medium:casino|medium:slots|medium:sportsbook|medium:wager,2026-08-09T12:07:01Z
https://bengbeng.bet,bengbeng.bet,1.0,strong:live dealer|strong:claim bonus|medium:casino|medium:slots|medium:sportsbook|medium:wager|medium:betting,2026-08-09T12:07:15Z
https://bennett.bet,bennett.bet,1.0,strong:free spins|strong:live dealer|medium:casino|medium:slots|medium:sportsbook|medium:wager|medium:betting,2026-08-09T12:07:30Z
https://bennett.bet,bennett.bet,1.0,strong:free spins|strong:live dealer|medium:casino|medium:slots|medium:sportsbook|medium:wager|medium:betting,2026-08-09T12:07:30Z
https://bento188.bet,bento188.bet,0.9,strong:live dealer|strong:bet slip|medium:casino|medium:slots|medium:sportsbook|medium:betting,2026-08-09T12:07:36Z
https://bento188.bet,bento188.bet,0.9,strong:live dealer|strong:bet slip|medium:casino|medium:slots|medium:sportsbook|medium:betting,2026-08-09T12:07:36Z
https://benuajitu.bet,benuajitu.bet,0.9,strong:live dealer|strong:cashier|medium:casino|medium:slots|medium:sportsbook|medium:betting,2026-08-09T12:07:54Z
https://benuajitu.bet,benuajitu.bet,0.9,strong:live dealer|strong:cashier|medium:casino|medium:slots|medium:sportsbook|medium:betting,2026-08-09T12:07:54Z
https://berrycasino.bet,berrycasino.bet,1.0,strong:deposit bonus|strong:free spins|strong:live dealer|strong:play now|strong:curacao egaming|medium:casino|medium:slots|medium:jackpot|medium:wager|medium:betting|structural:18+|structural:responsible gambling,2026-08-09T12:08:57Z
https://berrycasino.bet,berrycasino.bet,1.0,strong:deposit bonus|strong:free spins|strong:live dealer|strong:play now|strong:curacao egaming|medium:casino|medium:slots|medium:jackpot|medium:wager|medium:betting|structural:18+|structural:responsible gambling,2026-08-09T12:08:57Z
https://bertilcasino.bet,bertilcasino.bet,0.95,strong:free spins|strong:mga/|medium:casino|medium:slots|medium:jackpot|structural:18+,2026-08-09T12:09:01Z
https://bertilcasino.bet,bertilcasino.bet,0.95,strong:free spins|strong:mga/|medium:casino|medium:slots|medium:jackpot|structural:18+,2026-08-09T12:09:01Z
https://besteonlinecasinonederland.bet,besteonlinecasinonederland.bet,1.0,strong:free spins|strong:live dealer|medium:casino|medium:slots|medium:poker|medium:sportsbook|medium:jackpot,2026-08-09T12:10:04Z
https://bestoffshoresportsbooks.bet,bestoffshoresportsbooks.bet,1.0,strong:deposit bonus|strong:free spins|strong:claim bonus|strong:cashier|strong:bet slip|medium:casino|medium:sportsbook|medium:wager|medium:betting,2026-08-09T12:10:29Z
https://bestoto.bet,bestoto.bet,1.0,strong:place a bet|strong:live dealer|strong:cashier|medium:casino|medium:slots|medium:poker|medium:sportsbook|medium:wager|medium:betting,2026-08-09T12:10:34Z
https://bestoto.bet,bestoto.bet,1.0,strong:place a bet|strong:live dealer|strong:cashier|medium:casino|medium:slots|medium:poker|medium:sportsbook|medium:wager|medium:betting,2026-08-09T12:10:34Z
https://bestwin99.bet,bestwin99.bet,1.0,strong:live dealer|strong:cashier|medium:casino|medium:slots|medium:poker|medium:sportsbook|medium:betting,2026-08-09T12:10:56Z
https://bet-alice.bet,bet-alice.bet,1.0,strong:free spins|strong:live dealer|strong:claim bonus|strong:cashier|medium:casino|medium:slots|medium:poker|medium:sportsbook|medium:jackpot|medium:wager|medium:betting|structural:18+|structural:responsible gambling|negative:app store,2026-08-09T12:11:11Z
https://bet-alice.bet,bet-alice.bet,1.0,strong:free spins|strong:live dealer|strong:claim bonus|strong:cashier|medium:casino|medium:slots|medium:sportsbook|medium:jackpot|medium:wager|medium:betting,2026-08-09T12:11:12Z
https://bet-and-you.bet,bet-and-you.bet,0.95,strong:free spins|strong:live dealer|medium:casino|medium:slots|medium:betting|structural:18+,2026-08-09T12:11:12Z
https://bet-first.bet,bet-first.bet,1.0,strong:deposit bonus|strong:free spins|medium:casino|medium:slots|medium:sportsbook|medium:jackpot|medium:wager|medium:betting|structural:18+,2026-08-09T12:11:32Z
https://bet-flare.bet,bet-flare.bet,0.95,strong:free spins|strong:curaçao egaming|medium:casino|medium:slots|medium:betting|structural:18+,2026-08-09T12:11:32Z
https://bet-flare.bet,bet-flare.bet,0.95,strong:free spins|strong:curaçao egaming|medium:casino|medium:slots|medium:betting|structural:18+,2026-08-09T12:11:33Z
https://bet-mgm.bet,bet-mgm.bet,1.0,strong:free spins|strong:live dealer|medium:casino|medium:slots|medium:poker|medium:jackpot|medium:wager,2026-08-09T12:11:44Z
https://bet-mgm.bet,bet-mgm.bet,1.0,strong:free spins|strong:live dealer|medium:casino|medium:slots|medium:poker|medium:jackpot|medium:wager,2026-08-09T12:11:44Z
https://bet-score.bet,bet-score.bet,1.0,strong:free spins|strong:live dealer|strong:sign up now|medium:casino|medium:slots|medium:jackpot|medium:betting|structural:18+|structural:gambleaware|structural:responsible gambling,2026-08-09T12:11:56Z
https://bet171.bet,bet171.bet,1.0,strong:free spins|strong:live dealer|strong:play now|medium:casino|medium:slots|medium:poker|medium:jackpot|medium:wager|medium:betting,2026-08-09T12:13:02Z
https://bet365bd.bet,bet365bd.bet,1.0,strong:deposit bonus|strong:free spins|strong:bet slip|medium:casino|medium:slots|medium:wager|medium:betting|structural:18+|structural:age verification,2026-08-09T12:15:17Z
https://bet365bd.bet,bet365bd.bet,1.0,strong:deposit bonus|strong:free spins|medium:casino|medium:slots|medium:wager|medium:betting|structural:18+,2026-08-09T12:15:17Z
https://bet442.bet,bet442.bet,1.0,strong:deposit bonus|strong:free spins|strong:live dealer|strong:cashier|medium:casino|medium:slots|medium:sportsbook|medium:jackpot|medium:wager|medium:betting|structural:gambleaware|structural:responsible gambling,2026-08-09T14:01:33Z
https://bet442.bet,bet442.bet,1.0,strong:deposit bonus|strong:free spins|strong:live dealer|strong:cashier|strong:bet slip|medium:casino|medium:slots|medium:poker|medium:sportsbook|medium:jackpot|medium:wager|medium:betting|structural:18+|structural:gambleaware|structural:responsible gambling,2026-08-09T14:01:33Z
https://bet575.bet,bet575.bet,0.8,strong:deposit bonus|strong:free spins|medium:casino|medium:slots|medium:sportsbook,2026-08-09T14:01:51Z
https://bet575.bet,bet575.bet,1.0,strong:deposit bonus|strong:free spins|strong:withdraw winnings|strong:play now|strong:cashier|medium:casino|medium:slots|medium:sportsbook|medium:jackpot|medium:wager|medium:betting|structural:18+|structural:responsible gambling,2026-08-09T14:01:52Z
https://betalice.bet,betalice.bet,0.8,strong:deposit bonus|strong:free spins|medium:casino|medium:slots|medium:sportsbook,2026-08-09T14:03:26Z
https://betalice.bet,betalice.bet,0.8,strong:deposit bonus|strong:free spins|medium:casino|medium:slots|medium:sportsbook,2026-08-09T14:03:26Z
https://betalrightcasino.bet,betalrightcasino.bet,1.0,strong:deposit bonus|strong:free spins|strong:live dealer|strong:cashier|medium:casino|medium:slots|medium:sportsbook|medium:wager|medium:betting|structural:responsible gambling,2026-08-09T14:03:28Z
https://betalrightcasino.bet,betalrightcasino.bet,1.0,strong:deposit bonus|strong:free spins|strong:live dealer|strong:withdraw winnings|strong:play now|strong:cashier|medium:casino|medium:slots|medium:poker|medium:sportsbook|medium:jackpot|medium:wager|medium:betting|structural:18+|structural:responsible gambling,2026-08-09T14:03:28Z
https://betamo-casino.bet,betamo-casino.bet,0.8,strong:live dealer|strong:mga/|medium:casino|medium:jackpot|medium:wager,2026-08-09T14:03:30Z
https://betamo.bet,betamo.bet,1.0,strong:deposit bonus|strong:free spins|medium:casino|medium:slots|medium:poker|medium:jackpot|medium:wager|medium:betting|structural:18+|structural:responsible gambling,2026-08-09T14:03:31Z
https://betamo.bet,betamo.bet,1.0,strong:deposit bonus|strong:free spins|medium:casino|medium:slots|medium:poker|medium:jackpot|medium:wager|medium:betting|structural:18+|structural:responsible gambling,2026-08-09T14:03:31Z
https://betandplay.bet,betandplay.bet,1.0,strong:deposit bonus|strong:free spins|strong:sign up now|medium:casino|medium:slots|medium:sportsbook,2026-08-09T14:03:40Z
https://betandres.bet,betandres.bet,0.85,strong:free spins|strong:register now|medium:casino|medium:betting|structural:18+,2026-08-09T14:04:00Z
https://betandres.bet,betandres.bet,0.85,strong:free spins|strong:register now|medium:casino|medium:betting|structural:18+,2026-08-09T14:04:00Z
https://betanocasino.bet,betanocasino.bet,1.0,strong:live dealer|strong:play now|medium:casino|medium:slots|medium:sportsbook|medium:jackpot|medium:wager|medium:betting,2026-08-09T14:04:12Z
https://betbeard.bet,betbeard.bet,1.0,strong:deposit bonus|strong:free spins|strong:live dealer|strong:play now|strong:cashier|strong:curaçao egaming|medium:casino|medium:slots|medium:sportsbook|medium:jackpot|medium:wager,2026-08-09T14:04:38Z
https://betbeast.bet,betbeast.bet,1.0,strong:deposit bonus|strong:free spins|strong:live dealer|strong:claim bonus|strong:play now|strong:curacao egaming|medium:casino|medium:slots|medium:jackpot|medium:wager|medium:betting|structural:18+|structural:responsible gambling,2026-08-09T14:04:39Z
https://betbeard.bet,betbeard.bet,1.0,strong:deposit bonus|strong:free spins|strong:live dealer|strong:play now|strong:cashier|strong:curaçao egaming|medium:casino|medium:slots|medium:sportsbook|medium:jackpot|medium:wager|medium:betting|structural:18+,2026-08-09T14:04:39Z
https://betbeast.bet,betbeast.bet,1.0,strong:deposit bonus|strong:free spins|strong:live dealer|strong:claim bonus|strong:play now|strong:curacao egaming|medium:casino|medium:slots|medium:jackpot|medium:wager|medium:betting|structural:18+|structural:responsible gambling,2026-08-09T14:04:39Z
https://betborocasino.bet,betborocasino.bet,0.8,strong:deposit bonus|strong:free spins|medium:casino|medium:slots|medium:sportsbook,2026-08-09T14:05:15Z
https://betborocasino.bet,betborocasino.bet,1.0,strong:deposit bonus|strong:free spins|strong:ukgc|medium:casino|medium:slots|medium:sportsbook|medium:jackpot|medium:wager|medium:betting|structural:responsible gambling,2026-08-09T14:05:17Z
https://betchancasino.bet,betchancasino.bet,0.8,strong:live dealer|strong:register now|medium:casino|medium:slots|medium:poker,2026-08-09T14:05:36Z
https://betchancasino.bet,betchancasino.bet,0.8,strong:live dealer|strong:register now|medium:casino|medium:slots|medium:poker,2026-08-09T14:05:36Z
https://betchan.bet,betchan.bet,1.0,strong:live dealer|strong:cashier|strong:mga/|medium:casino|medium:slots|medium:poker|medium:wager|structural:responsible gambling,2026-08-09T14:05:36Z
https://betchan.bet,betchan.bet,1.0,strong:live dealer|strong:cashier|strong:mga/|medium:casino|medium:slots|medium:poker|medium:wager|structural:responsible gambling,2026-08-09T14:05:37Z
https://betcriscasino.bet,betcriscasino.bet,1.0,strong:deposit bonus|strong:free spins|strong:live dealer|strong:play now|strong:cashier|strong:bet slip|strong:mga/|medium:casino|medium:slots|medium:poker|medium:sportsbook|medium:jackpot|medium:wager|medium:betting|structural:18+|structural:responsible gambling,2026-08-09T14:06:24Z
https://betcriscasino.bet,betcriscasino.bet,1.0,strong:deposit bonus|strong:free spins|strong:live dealer|strong:play now|strong:cashier|strong:bet slip|strong:mga/|medium:casino|medium:slots|medium:poker|medium:sportsbook|medium:jackpot|medium:wager|medium:betting|structural:18+|structural:responsible gambling,2026-08-09T14:06:28Z
https://beteum.bet,beteum.bet,0.9,strong:deposit bonus|strong:free spins|medium:casino|medium:slots|medium:sportsbook|medium:betting,2026-08-09T14:07:02Z
https://beteum.bet,beteum.bet,0.9,strong:deposit bonus|strong:free spins|medium:casino|medium:slots|medium:sportsbook|medium:betting,2026-08-09T14:07:02Z
https://betfoxx.bet,betfoxx.bet,0.95,strong:deposit bonus|strong:free spins|strong:ukgc|medium:casino|medium:slots,2026-08-09T14:08:13Z
https://betfoxx.bet,betfoxx.bet,1.0,strong:deposit bonus|strong:free spins|strong:live dealer|strong:withdraw winnings|strong:play now|strong:ukgc|medium:casino|medium:slots|medium:poker|medium:jackpot|medium:wager|medium:betting|structural:18+|structural:gambleaware,2026-08-09T14:08:16Z
https://betgrousecasino.bet,betgrousecasino.bet,1.0,strong:free spins|strong:register now|strong:play now|medium:casino|medium:slots|medium:betting,2026-08-09T14:08:37Z
https://betgrousecasino.bet,betgrousecasino.bet,1.0,strong:free spins|strong:register now|strong:play now|medium:casino|medium:slots|medium:betting,2026-08-09T14:08:37Z
https://bethardcasino.bet,bethardcasino.bet,1.0,strong:deposit bonus|strong:free spins|strong:sign up now|strong:mga/|medium:casino|medium:slots|medium:sportsbook|medium:betting,2026-08-09T14:08:41Z
https://bethardcasino.bet,bethardcasino.bet,1.0,strong:deposit bonus|strong:free spins|strong:live dealer|strong:sign up now|strong:claim bonus|strong:cashier|strong:mga/|medium:casino|medium:slots|medium:sportsbook|medium:wager|medium:betting|structural:responsible gambling,2026-08-09T14:08:43Z
https://betibetcasino.bet,betibetcasino.bet,1.0,strong:deposit bonus|strong:free spins|strong:live dealer|strong:sign up now|strong:claim bonus|strong:play now|strong:cashier|strong:curaçao egaming|medium:casino|medium:slots|medium:sportsbook|medium:wager|medium:betting|structural:18+,2026-08-09T14:08:59Z
https://betibetcasino.bet,betibetcasino.bet,1.0,strong:deposit bonus|strong:free spins|strong:sign up now|strong:claim bonus|strong:play now|strong:cashier|strong:curaçao egaming|medium:casino|medium:slots|medium:sportsbook|medium:betting,2026-08-09T14:08:59Z
https://betinferno.bet,betinferno.bet,0.8,strong:deposit bonus|strong:free spins|medium:casino|medium:slots|medium:betting,2026-08-09T14:09:20Z
https://betinferno.bet,betinferno.bet,1.0,strong:deposit bonus|strong:free spins|strong:live dealer|strong:play now|strong:cashier|medium:casino|medium:slots|medium:sportsbook|medium:jackpot|medium:wager|medium:betting|structural:18+|structural:responsible gambling|structural:age verification,2026-08-09T14:09:21Z
https://betiro.bet,betiro.bet,0.8,strong:deposit bonus|strong:free spins|medium:casino|medium:slots|medium:sportsbook,2026-08-09T14:09:30Z
https://betiro.bet,betiro.bet,1.0,strong:deposit bonus|strong:free spins|medium:casino|medium:slots|medium:sportsbook|medium:wager|medium:betting|structural:responsible gambling,2026-08-09T14:09:31Z
https://betitoncasino.bet,betitoncasino.bet,0.9,strong:free spins|strong:mga/|medium:casino|medium:slots|medium:sportsbook|medium:betting,2026-08-09T14:09:39Z
https://betjeb.bet,betjeb.bet,1.0,strong:place a bet|strong:live dealer|strong:play now|medium:casino|medium:slots|medium:poker|medium:jackpot|medium:wager|medium:betting|structural:age verification,2026-08-09T14:09:49Z
https://betjeb.bet,betjeb.bet,1.0,strong:place a bet|strong:live dealer|strong:play now|medium:casino|medium:slots|medium:poker|medium:jackpot|medium:wager|medium:betting|structural:age verification,2026-08-09T14:09:49Z
https://betmaccasino.bet,betmaccasino.bet,1.0,strong:deposit bonus|strong:free spins|strong:live dealer|strong:play now|strong:curacao egaming|medium:casino|medium:slots|medium:poker|medium:jackpot|medium:wager|medium:betting|structural:18+,2026-08-09T14:10:45Z
https://betmaccasino.bet,betmaccasino.bet,1.0,strong:deposit bonus|strong:free spins|strong:live dealer|strong:play now|strong:curacao egaming|medium:casino|medium:slots|medium:poker|medium:jackpot|medium:wager|medium:betting|structural:18+,2026-08-09T14:10:45Z
https://betmancasino.bet,betmancasino.bet,1.0,strong:deposit bonus|strong:free spins|strong:sign up now|strong:curacao egaming|medium:casino|medium:slots,2026-08-09T14:10:46Z
https://betmancasino.bet,betmancasino.bet,1.0,strong:deposit bonus|strong:free spins|strong:sign up now|strong:curacao egaming|medium:casino|medium:slots,2026-08-09T14:10:46Z
https://betmorph.bet,betmorph.bet,1.0,strong:deposit bonus|strong:free spins|strong:live dealer|strong:play now|strong:cashier|strong:bet slip|strong:ukgc|medium:casino|medium:slots|medium:sportsbook|medium:jackpot|medium:wager|medium:betting|structural:18+|structural:gambleaware|structural:responsible gambling,2026-08-09T14:11:08Z
https://betmorph.bet,betmorph.bet,0.8,strong:deposit bonus|strong:free spins|medium:casino|medium:slots|medium:sportsbook,2026-08-09T14:11:09Z
https://betnflix.bet,betnflix.bet,0.9,strong:free spins|strong:mga/|medium:casino|medium:slots|medium:sportsbook|medium:jackpot,2026-08-09T14:11:25Z
https://betnflix.bet,betnflix.bet,1.0,strong:free spins|strong:mga/|medium:casino|medium:slots|medium:sportsbook|medium:jackpot|structural:18+,2026-08-09T14:11:25Z
https://betninja-uk.bet,betninja-uk.bet,1.0,strong:free spins|strong:register now|strong:cashier|medium:casino|medium:slots|medium:sportsbook|medium:jackpot|medium:wager|structural:18+|structural:gambleaware|structural:responsible gambling,2026-08-09T14:11:27Z
https://betninja-uk.bet,betninja-uk.bet,1.0,strong:free spins|strong:register now|strong:cashier|medium:casino|medium:slots|medium:sportsbook|medium:jackpot|medium:wager|structural:18+|structural:gambleaware|structural:responsible gambling,2026-08-09T14:11:27Z
https://betonic.bet,betonic.bet,1.0,strong:deposit bonus|strong:free spins|strong:live dealer|strong:register now|strong:claim bonus|strong:curaçao egaming|medium:casino|medium:slots|medium:wager,2026-08-09T14:12:01Z
https://betonic.bet,betonic.bet,1.0,strong:deposit bonus|strong:free spins|strong:live dealer|strong:register now|strong:claim bonus|strong:curaçao egaming|medium:casino|medium:slots,2026-08-09T14:12:01Z
https://betongame.bet,betongame.bet,1.0,strong:free spins|strong:mga/|strong:ukgc|medium:casino|medium:slots|medium:sportsbook|medium:betting,2026-08-09T14:12:05Z
https://betonred-casino.bet,betonred-casino.bet,1.0,strong:deposit bonus|strong:free spins|strong:live dealer|strong:cashier|strong:curaçao egaming|medium:casino|medium:slots|medium:sportsbook|medium:wager|medium:betting,2026-08-09T14:12:05Z
https://betongame.bet,betongame.bet,1.0,strong:free spins|strong:place a bet|strong:cashier|strong:mga/|strong:ukgc|medium:casino|medium:slots|medium:poker|medium:sportsbook|medium:jackpot|medium:wager|medium:betting|structural:18+|structural:gambleaware|structural:responsible gambling|structural:age verification|negative:app store,2026-08-09T14:12:06Z
https://betospin.bet,betospin.bet,1.0,strong:deposit bonus|strong:free spins|strong:live dealer|strong:claim bonus|medium:casino|medium:slots|medium:sportsbook|medium:wager|medium:betting,2026-08-09T14:12:22Z
https://betospin.bet,betospin.bet,1.0,strong:deposit bonus|strong:free spins|strong:live dealer|strong:claim bonus|medium:casino|medium:slots|medium:sportsbook|medium:wager|medium:betting,2026-08-09T14:12:22Z
https://betovo-casino.bet,betovo-casino.bet,1.0,strong:deposit bonus|strong:free spins|strong:live dealer|strong:play now|strong:cashier|strong:curaçao egaming|medium:casino|medium:slots|medium:sportsbook|medium:jackpot|medium:wager|medium:betting|structural:18+|structural:responsible gambling,2026-08-09T14:12:27Z
https://betovo-casino.bet,betovo-casino.bet,1.0,strong:deposit bonus|strong:free spins|strong:live dealer|strong:cashier|strong:curaçao egaming|medium:casino|medium:slots|medium:sportsbook|medium:wager|medium:betting|structural:responsible gambling,2026-08-09T14:12:27Z
https://betpilot.bet,betpilot.bet,1.0,strong:mga/|strong:curaçao egaming|medium:casino|medium:poker|medium:sportsbook|medium:wager|medium:betting|structural:responsible gambling,2026-08-09T14:12:39Z
https://betrank.bet,betrank.bet,1.0,strong:deposit bonus|strong:free spins|medium:casino|medium:poker|medium:sportsbook|medium:wager|structural:gambleaware|structural:responsible gambling,2026-08-09T14:13:21Z
https://betrank.bet,betrank.bet,1.0,strong:deposit bonus|strong:free spins|medium:casino|medium:poker|medium:sportsbook|medium:wager|structural:gambleaware|structural:responsible gambling,2026-08-09T14:13:21Z
https://betrealm.bet,betrealm.bet,1.0,strong:deposit bonus|strong:free spins|strong:live dealer|strong:curacao egaming|medium:casino|medium:slots|medium:wager|structural:responsible gambling,2026-08-09T14:13:25Z
https://betrealm.bet,betrealm.bet,1.0,strong:deposit bonus|strong:free spins|strong:live dealer|strong:curacao egaming|medium:casino|medium:slots|structural:responsible gambling,2026-08-09T14:13:25Z
https://betrolla.bet,betrolla.bet,1.0,strong:deposit bonus|strong:free spins|strong:live dealer|strong:cashier|medium:casino|medium:slots|medium:poker|medium:jackpot|structural:18+|structural:responsible gambling,2026-08-09T14:13:31Z
https://betrolla.bet,betrolla.bet,1.0,strong:deposit bonus|strong:free spins|strong:live dealer|strong:cashier|medium:casino|medium:slots|medium:poker|medium:jackpot|structural:18+|structural:responsible gambling,2026-08-09T14:13:32Z
https://betrolla.bet,betrolla.bet,1.0,strong:deposit bonus|strong:free spins|strong:live dealer|strong:cashier|medium:casino|medium:slots|medium:poker|medium:jackpot|structural:18+|structural:responsible gambling,2026-08-09T14:13:32Z
https://betrocker.bet,betrocker.bet,1.0,strong:deposit bonus|strong:free spins|strong:live dealer|strong:play now|medium:casino|medium:slots|medium:sportsbook|medium:jackpot|medium:wager|medium:betting|structural:18+|structural:responsible gambling|negative:app store|negative:google play,2026-08-09T14:13:32Z
https://betrolla.bet,betrolla.bet,1.0,strong:deposit bonus|strong:free spins|strong:live dealer|strong:cashier|medium:casino|medium:slots|medium:poker|medium:jackpot|structural:18+|structural:responsible gambling,2026-08-09T14:13:32Z
https://betroom24.bet,betroom24.bet,0.8,strong:deposit bonus|strong:free spins|medium:casino|medium:slots|medium:sportsbook,2026-08-09T14:13:33Z
https://betroom24.bet,betroom24.bet,1.0,strong:deposit bonus|strong:free spins|strong:live dealer|strong:cashier|medium:casino|medium:slots|medium:sportsbook|medium:wager|medium:betting|structural:responsible gambling,2026-08-09T14:13:38Z
https://betsamigocasino.bet,betsamigocasino.bet,0.95,strong:deposit bonus|strong:free spins|strong:mga/|medium:casino|medium:slots,2026-08-09T14:13:54Z
https://betsamigocasino.bet,betsamigocasino.bet,1.0,strong:deposit bonus|strong:free spins|strong:live dealer|strong:play now|strong:cashier|strong:mga/|medium:casino|medium:slots|medium:sportsbook|medium:jackpot|medium:wager|medium:betting|structural:responsible gambling,2026-08-09T14:13:54Z
https://betscasino.bet,betscasino.bet,0.8,strong:deposit bonus|strong:free spins|medium:casino|medium:slots|medium:sportsbook,2026-08-09T14:14:00Z
https://betscasino.bet,betscasino.bet,0.8,strong:deposit bonus|strong:free spins|medium:casino|medium:slots|medium:sportsbook,2026-08-09T14:14:00Z
https://betscore.bet,betscore.bet,1.0,strong:free spins|strong:play now|medium:casino|medium:slots|medium:sportsbook|medium:jackpot|medium:wager|medium:betting|structural:18+|structural:gambleaware,2026-08-09T14:14:06Z
https://betscore.bet,betscore.bet,1.0,strong:free spins|strong:play now|medium:casino|medium:slots|medium:sportsbook|medium:jackpot|medium:wager|medium:betting|structural:18+|structural:gambleaware,2026-08-09T14:14:06Z
https://betscorecasino.bet,betscorecasino.bet,1.0,strong:free spins|strong:live dealer|strong:claim bonus|strong:mga/|strong:curacao egaming|medium:casino|medium:slots|medium:jackpot|medium:wager|medium:betting|structural:18+|structural:gambleaware|structural:responsible gambling,2026-08-09T14:14:08Z
https://betsio.bet,betsio.bet,1.0,strong:deposit bonus|strong:free spins|strong:live dealer|strong:play now|strong:cashier|strong:bet slip|medium:casino|medium:slots|medium:sportsbook|medium:jackpot|medium:wager|medium:betting|structural:responsible gambling,2026-08-09T14:14:26Z
https://betsio.bet,betsio.bet,1.0,strong:deposit bonus|strong:free spins|strong:live dealer|strong:cashier|medium:casino|medium:slots|medium:sportsbook|medium:wager|medium:betting|structural:responsible gambling,2026-08-09T14:14:26Z
https://betsixtycasino.bet,betsixtycasino.bet,1.0,strong:deposit bonus|strong:free spins|strong:claim bonus|medium:casino|medium:slots|medium:jackpot|medium:wager|structural:18+,2026-08-09T14:14:27Z
https://betsixtycasino.bet,betsixtycasino.bet,1.0,strong:deposit bonus|strong:free spins|strong:claim bonus|medium:casino|medium:slots|medium:jackpot|medium:wager|structural:18+,2026-08-09T14:14:27Z
https://betsixtycasino.bet,betsixtycasino.bet,1.0,strong:deposit bonus|strong:free spins|strong:claim bonus|medium:casino|medium:slots|medium:jackpot|medium:wager|structural:18+,2026-08-09T14:14:27Z
https://betso.bet,betso.bet,1.0,strong:free spins|strong:claim bonus|strong:play now|medium:casino|medium:slots|medium:wager|structural:18+,2026-08-09T14:14:35Z
https://betso.bet,betso.bet,1.0,strong:free spins|strong:live dealer|strong:claim bonus|strong:play now|medium:casino|medium:slots|medium:poker|medium:jackpot|medium:wager|medium:betting|structural:18+,2026-08-09T14:14:35Z
https://betsofacasino.bet,betsofacasino.bet,1.0,strong:deposit bonus|strong:free spins|strong:sign up now|strong:cashier|strong:curacao egaming|medium:casino|medium:slots|medium:sportsbook|medium:wager|medium:betting|structural:responsible gambling,2026-08-09T14:14:39Z
https://betsofacasino.bet,betsofacasino.bet,1.0,strong:deposit bonus|strong:free spins|strong:sign up now|medium:casino|medium:slots|medium:sportsbook|medium:betting,2026-08-09T14:14:39Z
https://betsolid.bet,betsolid.bet,1.0,strong:claim bonus|strong:mga/|medium:casino|medium:slots|medium:poker|medium:jackpot|medium:betting|structural:responsible gambling,2026-08-09T14:14:41Z
https://bettyspin.bet,bettyspin.bet,1.0,strong:free spins|strong:live dealer|strong:curacao egaming|medium:casino|medium:slots|medium:wager|structural:18+,2026-08-09T14:16:53Z
https://betukcasino.bet,betukcasino.bet,1.0,strong:deposit bonus|strong:free spins|strong:live dealer|strong:ukgc|medium:casino|medium:slots|medium:poker|medium:sportsbook|medium:jackpot|medium:wager|medium:betting|structural:responsible gambling,2026-08-09T14:16:57Z
https://betukcasino.bet,betukcasino.bet,0.9,strong:deposit bonus|strong:free spins|medium:casino|medium:slots|medium:sportsbook|medium:betting,2026-08-09T14:16:57Z
https://betvictorcasino.bet,betvictorcasino.bet,1.0,strong:deposit bonus|strong:free spins|strong:live dealer|strong:play now|strong:cashier|medium:casino|medium:slots|medium:poker|medium:sportsbook|medium:jackpot|medium:wager|medium:betting|structural:18+|structural:responsible gambling,2026-08-09T14:17:29Z
https://betvisa.bet,betvisa.bet,1.0,strong:deposit bonus|strong:free spins|strong:live dealer|strong:play now|medium:casino|medium:slots|medium:betting,2026-08-09T14:17:33Z
https://betvisa.bet,betvisa.bet,1.0,strong:deposit bonus|strong:free spins|strong:live dealer|strong:register now|strong:sign up now|strong:claim bonus|strong:play now|strong:cashier|strong:bet slip|strong:curacao egaming|medium:casino|medium:slots|medium:poker|medium:sportsbook|medium:jackpot|medium:wager|medium:betting,2026-08-09T14:17:33Z
https://betvisa88.bet,betvisa88.bet,0.9,strong:live dealer|strong:register now|medium:casino|medium:slots|medium:sportsbook|medium:jackpot,2026-08-09T14:17:33Z
https://betvictorcasino.bet,betvictorcasino.bet,1.0,strong:deposit bonus|strong:free spins|strong:live dealer|strong:play now|strong:cashier|medium:casino|medium:slots|medium:poker|medium:sportsbook|medium:jackpot|medium:wager|medium:betting|structural:18+|structural:responsible gambling,2026-08-09T14:17:34Z
https://betway-casino.bet,betway-casino.bet,1.0,strong:free spins|strong:live dealer|strong:ukgc|medium:casino|medium:slots|medium:poker|medium:jackpot|medium:wager|medium:betting|structural:responsible gambling,2026-08-09T14:17:43Z
https://betway-casino.bet,betway-casino.bet,1.0,strong:free spins|strong:live dealer|strong:ukgc|medium:casino|medium:slots|medium:poker|medium:jackpot|medium:wager|medium:betting|structural:responsible gambling,2026-08-09T14:17:43Z
https://betwest.bet,betwest.bet,1.0,strong:free spins|strong:live dealer|strong:cashier|medium:casino|medium:slots|medium:poker|medium:sportsbook|medium:jackpot|medium:wager|medium:betting|structural:18+,2026-08-09T14:17:47Z
https://betwest.bet,betwest.bet,1.0,strong:free spins|strong:live dealer|strong:cashier|medium:casino|medium:slots|medium:poker|medium:sportsbook|medium:jackpot|medium:wager|medium:betting|structural:18+,2026-08-09T14:17:48Z
https://betwin360-sports.bet,betwin360-sports.bet,0.75,strong:claim bonus|strong:ukgc|medium:jackpot|structural:18+,2026-08-09T14:17:50Z
https://betwin22.bet,betwin22.bet,0.9,strong:place a bet|strong:cashier|medium:casino|medium:slots|medium:sportsbook|medium:betting,2026-08-09T14:17:50Z
https://betwinner-guide-rwanda.bet,betwinner-guide-rwanda.bet,1.0,strong:deposit bonus|strong:free spins|strong:live dealer|strong:cashier|medium:casino|medium:slots|medium:sportsbook|medium:jackpot|medium:wager|medium:betting|structural:18+|negative:app store,2026-08-09T14:17:55Z
https://betwinner-guide-rwanda.bet,betwinner-guide-rwanda.bet,1.0,strong:deposit bonus|strong:free spins|strong:live dealer|strong:cashier|medium:casino|medium:slots|medium:sportsbook|medium:jackpot|medium:wager|medium:betting|structural:18+|negative:app store,2026-08-09T14:17:55Z
https://betwinner-guide-uganda.bet,betwinner-guide-uganda.bet,1.0,strong:play now|strong:cashier|medium:casino|medium:slots|medium:sportsbook|medium:jackpot|medium:wager|medium:betting,2026-08-09T14:17:56Z
https://betwinner-guide-uganda.bet,betwinner-guide-uganda.bet,1.0,strong:play now|strong:cashier|medium:casino|medium:slots|medium:sportsbook|medium:jackpot|medium:wager|medium:betting,2026-08-09T14:17:56Z
https://betwinner-india.bet,betwinner-india.bet,1.0,strong:play now|strong:cashier|medium:casino|medium:slots|medium:sportsbook|medium:jackpot|medium:wager|medium:betting|structural:18+|negative:app store,2026-08-09T14:17:57Z
https://betwinner-india.bet,betwinner-india.bet,1.0,strong:play now|strong:cashier|medium:casino|medium:slots|medium:sportsbook|medium:jackpot|medium:wager|medium:betting|structural:18+|negative:app store,2026-08-09T14:17:57Z
https://betwinner-india.bet,betwinner-india.bet,1.0,strong:play now|strong:cashier|medium:casino|medium:slots|medium:sportsbook|medium:jackpot|medium:wager|medium:betting|structural:18+|negative:app store,2026-08-09T14:17:57Z
https://betwinner-india.bet,betwinner-india.bet,1.0,strong:play now|strong:cashier|medium:casino|medium:slots|medium:sportsbook|medium:jackpot|medium:wager|medium:betting|structural:18+|negative:app store,2026-08-09T14:17:57Z
https://betwinner-nigeria.bet,betwinner-nigeria.bet,1.0,strong:deposit bonus|strong:free spins|strong:live dealer|strong:claim bonus|strong:cashier|medium:casino|medium:slots|medium:sportsbook|medium:jackpot|medium:wager|medium:betting|structural:18+|negative:google play,2026-08-09T14:17:58Z
https://betwinner-nigeria.bet,betwinner-nigeria.bet,1.0,strong:deposit bonus|strong:free spins|strong:live dealer|strong:claim bonus|strong:cashier|medium:casino|medium:slots|medium:sportsbook|medium:jackpot|medium:wager|medium:betting|structural:18+|negative:google play,2026-08-09T14:17:58Z
https://betwinner-nigeria.bet,betwinner-nigeria.bet,1.0,strong:deposit bonus|strong:free spins|strong:live dealer|strong:claim bonus|strong:cashier|medium:casino|medium:slots|medium:sportsbook|medium:jackpot|medium:wager|medium:betting|structural:18+|negative:google play,2026-08-09T14:17:58Z
https://betwinner-nigeria.bet,betwinner-nigeria.bet,1.0,strong:deposit bonus|strong:free spins|strong:live dealer|strong:claim bonus|strong:cashier|medium:casino|medium:slots|medium:sportsbook|medium:jackpot|medium:wager|medium:betting|structural:18+|negative:google play,2026-08-09T14:17:58Z
https://betwinner-pakistan.bet,betwinner-pakistan.bet,1.0,strong:free spins|strong:place a bet|strong:play now|strong:bet slip|medium:casino|medium:slots|medium:sportsbook|medium:jackpot|medium:wager|medium:betting|structural:18+|negative:app store|negative:google play,2026-08-09T14:17:58Z
https://betwinner-pakistan.bet,betwinner-pakistan.bet,1.0,strong:free spins|strong:place a bet|strong:play now|strong:bet slip|medium:casino|medium:slots|medium:sportsbook|medium:jackpot|medium:wager|medium:betting|structural:18+|negative:app store|negative:google play,2026-08-09T14:17:58Z
https://betwinner-pakistan.bet,betwinner-pakistan.bet,1.0,strong:free spins|strong:place a bet|strong:play now|strong:bet slip|medium:casino|medium:slots|medium:sportsbook|medium:jackpot|medium:wager|medium:betting|structural:18+|negative:app store|negative:google play,2026-08-09T14:17:58Z
https://betwinner-pakistan.bet,betwinner-pakistan.bet,1.0,strong:free spins|strong:place a bet|strong:play now|strong:bet slip|medium:casino|medium:slots|medium:sportsbook|medium:jackpot|medium:wager|medium:betting|structural:18+|negative:app store|negative:google play,2026-08-09T14:17:58Z
https://betwinner-tanzania.bet,betwinner-tanzania.bet,1.0,strong:free spins|strong:claim bonus|strong:play now|medium:casino|medium:slots|medium:sportsbook|medium:jackpot|medium:wager|medium:betting|structural:18+|negative:app store|negative:google play,2026-08-09T14:18:00Z
https://betwinner-tanzania.bet,betwinner-tanzania.bet,1.0,strong:free spins|strong:claim bonus|strong:play now|medium:casino|medium:slots|medium:sportsbook|medium:jackpot|medium:wager|medium:betting|structural:18+|negative:app store|negative:google play,2026-08-09T14:18:00Z
https://betwinner-panduan-malaysia.bet,betwinner-panduan-malaysia.bet,0.85,strong:free spins|strong:cashier|medium:casino|medium:slots|medium:sportsbook|medium:wager|medium:betting|structural:18+|negative:app store|negative:google play,2026-08-09T14:18:00Z
https://betwinner-tanzania.bet,betwinner-tanzania.bet,1.0,strong:free spins|strong:claim bonus|strong:play now|medium:casino|medium:slots|medium:sportsbook|medium:jackpot|medium:wager|medium:betting|structural:18+|negative:app store|negative:google play,2026-08-09T14:18:00Z
https://betwinner-tanzania.bet,betwinner-tanzania.bet,1.0,strong:free spins|strong:claim bonus|strong:play now|medium:casino|medium:slots|medium:sportsbook|medium:jackpot|medium:wager|medium:betting|structural:18+|negative:app store|negative:google play,2026-08-09T14:18:00Z
https://betwinner-panduan-malaysia.bet,betwinner-panduan-malaysia.bet,0.85,strong:free spins|strong:cashier|medium:casino|medium:slots|medium:sportsbook|medium:wager|medium:betting|structural:18+|negative:app store|negative:google play,2026-08-09T14:18:00Z
https://betwinner-zambia.bet,betwinner-zambia.bet,1.0,strong:free spins|strong:live dealer|strong:play now|strong:cashier|medium:casino|medium:slots|medium:poker|medium:jackpot|medium:wager|medium:betting|structural:18+|negative:app store,2026-08-09T14:18:00Z
https://betwinner-zambia.bet,betwinner-zambia.bet,1.0,strong:free spins|strong:live dealer|strong:play now|strong:cashier|medium:casino|medium:slots|medium:poker|medium:jackpot|medium:wager|medium:betting|structural:18+|negative:app store,2026-08-09T14:18:01Z
https://betwinner-zambia.bet,betwinner-zambia.bet,1.0,strong:free spins|strong:live dealer|strong:play now|strong:cashier|medium:casino|medium:slots|medium:poker|medium:jackpot|medium:wager|medium:betting|structural:18+|negative:app store,2026-08-09T14:18:01Z
https://betwinner-zambia.bet,betwinner-zambia.bet,1.0,strong:free spins|strong:live dealer|strong:play now|strong:cashier|medium:casino|medium:slots|medium:poker|medium:jackpot|medium:wager|medium:betting|structural:18+|negative:app store,2026-08-09T14:18:01Z
https://betwinnergambia.bet,betwinnergambia.bet,1.0,strong:deposit bonus|strong:live dealer|strong:bet slip|medium:casino|medium:slots|medium:sportsbook|medium:jackpot|medium:wager|medium:betting|structural:18+|structural:responsible gambling,2026-08-09T14:18:01Z
https://betwinnergambia.bet,betwinnergambia.bet,1.0,strong:deposit bonus|strong:live dealer|strong:bet slip|medium:casino|medium:slots|medium:sportsbook|medium:jackpot|medium:wager|medium:betting|structural:18+|structural:responsible gambling,2026-08-09T14:18:01Z
https://betwinnergambia.bet,betwinnergambia.bet,1.0,strong:deposit bonus|strong:live dealer|strong:bet slip|medium:casino|medium:slots|medium:sportsbook|medium:jackpot|medium:wager|medium:betting|structural:18+|structural:responsible gambling,2026-08-09T14:18:01Z
https://betwinnergambia.bet,betwinnergambia.bet,1.0,strong:deposit bonus|strong:live dealer|strong:bet slip|medium:casino|medium:slots|medium:sportsbook|medium:jackpot|medium:wager|medium:betting|structural:18+|structural:responsible gambling,2026-08-09T14:18:01Z
https://betwinnerbd.bet,betwinnerbd.bet,1.0,strong:deposit bonus|strong:free spins|strong:place a bet|strong:live dealer|strong:register now|strong:bet slip|medium:casino|medium:slots|medium:poker|medium:sportsbook|medium:jackpot|medium:betting|structural:18+|structural:responsible gambling,2026-08-09T14:18:01Z
https://betzard.bet,betzard.bet,1.0,strong:deposit bonus|strong:free spins|strong:live dealer|medium:casino|medium:slots|medium:sportsbook|medium:betting|structural:responsible gambling,2026-08-09T14:18:30Z
https://betzestcasino.bet,betzestcasino.bet,1.0,strong:deposit bonus|strong:free spins|strong:register now|medium:casino|medium:slots|medium:sportsbook,2026-08-09T14:18:37Z
https://betzestcasino.bet,betzestcasino.bet,1.0,strong:deposit bonus|strong:free spins|strong:live dealer|strong:register now|strong:play now|strong:cashier|strong:bet slip|strong:mga/|medium:casino|medium:slots|medium:poker|medium:sportsbook|medium:jackpot|medium:wager|medium:betting|structural:responsible gambling,2026-08-09T14:18:37Z
https://betzillo6.bet,betzillo6.bet,0.9,strong:live dealer|strong:play now|medium:casino|medium:slots|medium:sportsbook|medium:jackpot,2026-08-09T14:18:39Z
https://betzillo4.bet,betzillo4.bet,1.0,strong:free spins|strong:live dealer|strong:play now|medium:casino|medium:slots|medium:wager|structural:18+,2026-08-09T14:18:40Z
https://betzillo4.bet,betzillo4.bet,1.0,strong:free spins|strong:live dealer|strong:play now|strong:cashier|medium:casino|medium:slots|medium:jackpot|medium:wager|structural:18+|structural:responsible gambling,2026-08-09T14:18:40Z
https://betzillo6.bet,betzillo6.bet,0.9,strong:live dealer|strong:play now|medium:casino|medium:slots|medium:sportsbook|medium:jackpot,2026-08-09T14:18:41Z
https://betzinocasino.bet,betzinocasino.bet,0.9,strong:free spins|strong:live dealer|medium:casino|medium:slots|medium:poker|medium:jackpot,2026-08-09T14:18:45Z
https://betzinocasino.bet,betzinocasino.bet,1.0,strong:free spins|strong:live dealer|medium:casino|medium:slots|medium:poker|medium:jackpot|structural:18+,2026-08-09T14:18:48Z
https://bg33.bet,bg33.bet,1.0,strong:free spins|strong:live dealer|strong:claim bonus|medium:casino|medium:slots|medium:jackpot|medium:wager|medium:betting|structural:18+,2026-08-09T14:19:41Z
https://bg33.bet,bg33.bet,1.0,strong:free spins|strong:live dealer|strong:claim bonus|medium:casino|medium:slots|medium:jackpot|medium:wager|medium:betting|structural:18+,2026-08-09T14:19:42Z
https://bg333.bet,bg333.bet,1.0,strong:free spins|strong:claim bonus|medium:casino|medium:slots|medium:jackpot|medium:wager|medium:betting|structural:18+,2026-08-09T14:19:43Z
https://bg66u.bet,bg66u.bet,0.9,strong:deposit bonus|strong:live dealer|medium:casino|medium:poker|medium:jackpot|medium:wager,2026-08-09T14:19:49Z
https://bgd888.bet,bgd888.bet,1.0,strong:free spins|strong:live dealer|strong:play now|medium:casino|medium:slots|medium:poker|medium:jackpot|medium:wager|medium:betting|structural:age verification,2026-08-09T14:19:58Z
https://bgd999.bet,bgd999.bet,0.9,strong:free spins|strong:live dealer|medium:casino|medium:slots|medium:poker|medium:jackpot,2026-08-09T14:19:58Z
https://bgd999.bet,bgd999.bet,1.0,strong:free spins|strong:live dealer|medium:casino|medium:slots|medium:poker|medium:jackpot|medium:betting,2026-08-09T14:19:59Z
https://bh55.bet,bh55.bet,1.0,strong:place a bet|strong:live dealer|strong:claim bonus|medium:casino|medium:slots|medium:poker|medium:sportsbook|medium:jackpot|medium:wager|medium:betting,2026-08-09T14:20:13Z
https://biangtoto.bet,biangtoto.bet,0.9,strong:live dealer|strong:withdraw winnings|medium:casino|medium:slots|medium:poker|medium:sportsbook,2026-08-09T14:20:47Z
https://big-bang.bet,big-bang.bet,1.0,strong:deposit bonus|strong:free spins|strong:live dealer|strong:cashier|strong:curaçao egaming|medium:casino|medium:slots|medium:poker|medium:jackpot|medium:wager|medium:betting|structural:responsible gambling,2026-08-09T14:21:17Z
https://big-bass-bonanza.bet,big-bass-bonanza.bet,1.0,strong:deposit bonus|strong:free spins|strong:claim bonus|medium:casino|medium:slots|medium:wager|structural:18+|negative:app store,2026-08-09T14:21:18Z
https://big-pari.bet,big-pari.bet,0.8,strong:live dealer|strong:withdraw winnings|medium:casino|medium:slots|medium:betting|structural:18+|negative:app store,2026-08-09T14:21:18Z
https://big-pari.bet,big-pari.bet,0.8,strong:live dealer|strong:withdraw winnings|medium:casino|medium:slots|medium:betting|structural:18+|negative:app store,2026-08-09T14:21:18Z
https://biganslot.bet,biganslot.bet,1.0,strong:deposit bonus|strong:live dealer|medium:casino|medium:slots|medium:sportsbook|medium:wager|medium:betting,2026-08-09T14:21:37Z
https://bigclash.bet,bigclash.bet,1.0,strong:free spins|strong:mga/|medium:casino|medium:slots|structural:18+|structural:responsible gambling,2026-08-09T14:21:48Z
https://bigclash.bet,bigclash.bet,1.0,strong:free spins|strong:mga/|medium:casino|medium:slots|structural:18+|structural:responsible gambling,2026-08-09T14:21:49Z
https://bigpay77vip.bet,bigpay77vip.bet,1.0,strong:deposit bonus|strong:free spins|strong:live dealer|medium:casino|medium:slots|medium:jackpot,2026-08-09T14:22:26Z
https://bigwin919.bet,bigwin919.bet,0.8,strong:place a bet|strong:bet slip|medium:casino|medium:slots|medium:sportsbook,2026-08-09T14:22:53Z
https://bigpay77vip.bet,bigpay77vip.bet,1.0,strong:deposit bonus|strong:free spins|strong:live dealer|medium:casino|medium:slots|medium:jackpot,2026-08-09T14:22:57Z
https://billionairecasino.bet,billionairecasino.bet,1.0,strong:deposit bonus|strong:free spins|strong:curacao egaming|medium:casino|medium:slots|medium:wager,2026-08-09T14:23:29Z
https://bilucky.bet,bilucky.bet,1.0,strong:free spins|strong:cashier|medium:casino|medium:slots|medium:poker|medium:betting|structural:18+|structural:responsible gambling,2026-08-09T14:23:38Z
https://bilucky.bet,bilucky.bet,1.0,strong:free spins|strong:cashier|medium:casino|medium:slots|medium:poker|medium:betting|structural:18+|structural:responsible gambling,2026-08-09T14:23:38Z
https://bilucky.bet,bilucky.bet,1.0,strong:free spins|strong:cashier|medium:casino|medium:slots|medium:poker|medium:betting|structural:18+|structural:responsible gambling,2026-08-09T14:23:38Z
https://bimoin88.bet,bimoin88.bet,0.8,strong:live dealer|strong:cashier|medium:casino|medium:slots|medium:sportsbook,2026-08-09T14:23:43Z
https://bimoin88.bet,bimoin88.bet,0.8,strong:live dealer|strong:cashier|medium:casino|medium:slots|medium:sportsbook,2026-08-09T14:23:43Z
https://bingo-billy.bet,bingo-billy.bet,1.0,strong:deposit bonus|strong:free spins|strong:play now|strong:curaçao egaming|medium:casino|medium:slots|medium:poker|medium:wager|medium:betting|structural:18+|structural:responsible gambling,2026-08-09T14:23:54Z
https://bingo63.bet,bingo63.bet,0.9,strong:deposit bonus|strong:free spins|medium:casino|medium:slots|medium:poker|medium:betting,2026-08-09T14:24:03Z
https://bingobilly.bet,bingobilly.bet,0.9,strong:deposit bonus|strong:free spins|medium:casino|medium:slots|medium:poker|medium:jackpot,2026-08-09T14:24:07Z
https://bingobonga.bet,bingobonga.bet,1.0,strong:deposit bonus|strong:free spins|strong:play now|strong:mga/|medium:casino|medium:slots|medium:sportsbook|medium:jackpot|medium:wager|structural:responsible gambling,2026-08-09T14:24:08Z
https://bingobongacasino.bet,bingobongacasino.bet,1.0,strong:deposit bonus|strong:free spins|strong:live dealer|strong:register now|strong:cashier|strong:mga/|medium:casino|medium:slots|medium:poker|medium:jackpot|medium:wager|structural:responsible gambling|negative:app store,2026-08-09T14:24:08Z
https://bingobonga.bet,bingobonga.bet,1.0,strong:deposit bonus|strong:free spins|strong:play now|strong:mga/|medium:casino|medium:slots|medium:poker|medium:sportsbook|medium:jackpot|medium:wager|structural:responsible gambling,2026-08-09T14:24:08Z
https://bingocafe.bet,bingocafe.bet,1.0,strong:deposit bonus|strong:free spins|medium:casino|medium:slots|medium:jackpot|medium:wager|structural:responsible gambling,2026-08-09T14:24:10Z
https://bingobongacasino.bet,bingobongacasino.bet,0.95,strong:deposit bonus|strong:free spins|strong:register now|medium:casino|medium:slots,2026-08-09T14:24:20Z
https://bingoliner.bet,bingoliner.bet,1.0,strong:deposit bonus|strong:free spins|strong:cashier|medium:casino|medium:slots|medium:poker|medium:jackpot,2026-08-09T14:24:21Z
https://bingoplua.bet,bingoplua.bet,0.9,strong:live dealer|strong:play now|medium:casino|medium:slots|medium:sportsbook|medium:betting,2026-08-09T14:24:24Z
https://bingovillage.bet,bingovillage.bet,0.9,strong:deposit bonus|strong:free spins|strong:play now|medium:casino|medium:slots|medium:jackpot|negative:how to play,2026-08-09T14:24:28Z
https://binobetcasino.bet,binobetcasino.bet,1.0,strong:free spins|strong:claim bonus|strong:cashier|medium:casino|medium:slots|medium:poker|medium:jackpot|structural:18+,2026-08-09T14:24:31Z
https://binobetcasino.bet,binobetcasino.bet,1.0,strong:free spins|strong:claim bonus|strong:cashier|medium:casino|medium:slots|medium:poker|medium:jackpot|structural:18+,2026-08-09T14:24:32Z
https://binobetcasino.bet,binobetcasino.bet,1.0,strong:free spins|strong:claim bonus|strong:cashier|medium:casino|medium:slots|medium:poker|medium:jackpot|structural:18+,2026-08-09T14:24:32Z
https://bintang68.bet,bintang68.bet,0.8,strong:live dealer|strong:cashier|medium:casino|medium:slots|medium:sportsbook,2026-08-09T14:24:35Z
https://bison-casino.bet,bison-casino.bet,0.95,strong:free spins|strong:curaçao egaming|medium:casino|medium:slots|medium:sportsbook|structural:18+,2026-08-09T14:24:57Z
https://bisoncasino.bet,bisoncasino.bet,0.95,strong:free spins|strong:curaçao egaming|medium:casino|medium:jackpot|medium:wager|structural:18+,2026-08-09T14:24:57Z
https://bit-casino.bet,bit-casino.bet,1.0,strong:deposit bonus|strong:free spins|strong:live dealer|strong:claim bonus|medium:casino|medium:slots|medium:wager,2026-08-09T14:24:59Z
https://bit-dreams.bet,bit-dreams.bet,1.0,strong:deposit bonus|strong:free spins|strong:live dealer|strong:claim bonus|strong:curaçao egaming|medium:casino|medium:slots|medium:jackpot|medium:wager|structural:18+|structural:responsible gambling,2026-08-09T14:24:59Z
https://bit-dreams.bet,bit-dreams.bet,1.0,strong:deposit bonus|strong:free spins|strong:live dealer|strong:claim bonus|strong:curaçao egaming|medium:casino|medium:slots|medium:jackpot|medium:wager|structural:responsible gambling,2026-08-09T14:24:59Z
https://bit-casino.bet,bit-casino.bet,1.0,strong:deposit bonus|strong:free spins|strong:live dealer|strong:claim bonus|medium:casino|medium:slots|medium:wager|medium:betting,2026-08-09T14:25:00Z
https://bitkingz.bet,bitkingz.bet,1.0,strong:deposit bonus|strong:free spins|strong:withdraw winnings|strong:claim bonus|strong:play now|strong:ukgc|medium:casino|medium:slots|medium:jackpot|medium:wager|medium:betting|structural:18+|structural:responsible gambling,2026-08-09T14:25:41Z
https://bitkingz1.bet,bitkingz1.bet,1.0,strong:deposit bonus|strong:free spins|strong:live dealer|strong:claim bonus|medium:casino|medium:slots|medium:poker|medium:jackpot|medium:wager|structural:responsible gambling,2026-08-09T14:25:42Z
https://bitslercasino.bet,bitslercasino.bet,0.95,strong:cashier|strong:curacao egaming|medium:casino|medium:jackpot|medium:wager|structural:18+,2026-08-09T14:25:57Z
https://bitspincasino.bet,bitspincasino.bet,1.0,strong:deposit bonus|strong:free spins|strong:play now|strong:cashier|medium:casino|medium:slots|medium:jackpot|medium:wager|medium:betting|structural:18+,2026-08-09T14:25:59Z
https://bitspincasino.bet,bitspincasino.bet,1.0,strong:deposit bonus|strong:free spins|strong:play now|strong:cashier|medium:casino|medium:slots|medium:jackpot|medium:wager|medium:betting|structural:18+,2026-08-09T14:25:59Z
https://bitstakecasino.bet,bitstakecasino.bet,1.0,strong:free spins|strong:live dealer|strong:play now|medium:casino|medium:slots|medium:poker|medium:jackpot|medium:betting|structural:responsible gambling,2026-08-09T14:25:59Z
https://bitstrike.bet,bitstrike.bet,1.0,strong:deposit bonus|strong:free spins|strong:live dealer|strong:claim bonus|strong:play now|strong:cashier|strong:curaçao egaming|medium:casino|medium:slots|medium:jackpot|medium:wager|medium:betting|structural:18+|structural:responsible gambling,2026-08-09T14:26:00Z
https://bitstrike.bet,bitstrike.bet,1.0,strong:deposit bonus|strong:free spins|strong:live dealer|strong:claim bonus|strong:play now|strong:cashier|strong:curaçao egaming|medium:casino|medium:slots|medium:jackpot|medium:wager|medium:betting|structural:18+|structural:responsible gambling,2026-08-09T14:26:00Z
https://bitzcasino.bet,bitzcasino.bet,1.0,strong:deposit bonus|strong:free spins|strong:live dealer|strong:cashier|medium:casino|medium:slots|medium:sportsbook|medium:wager|medium:betting|structural:responsible gambling,2026-08-09T14:26:08Z
https://bitzcasino.bet,bitzcasino.bet,1.0,strong:deposit bonus|strong:free spins|strong:live dealer|medium:casino|medium:slots|medium:sportsbook,2026-08-09T14:26:08Z
https://bizzo.bet,bizzo.bet,1.0,strong:deposit bonus|strong:free spins|strong:live dealer|strong:register now|medium:casino|medium:slots|medium:poker|structural:18+|structural:gambleaware|structural:responsible gambling,2026-08-09T14:26:24Z
https://bizzo.bet,bizzo.bet,1.0,strong:deposit bonus|strong:free spins|strong:live dealer|strong:register now|medium:casino|medium:slots|medium:poker|structural:18+|structural:gambleaware|structural:responsible gambling,2026-08-09T14:26:24Z
https://bizzocasino.bet,bizzocasino.bet,0.85,strong:live dealer|strong:register now|medium:casino|medium:wager|structural:18+,2026-08-09T14:26:25Z
https://bizzocasino.bet,bizzocasino.bet,0.85,strong:live dealer|strong:register now|medium:casino|medium:wager|structural:18+,2026-08-09T14:26:25Z
https://bizzocasinos.bet,bizzocasinos.bet,0.85,strong:live dealer|strong:register now|medium:casino|medium:wager|structural:18+,2026-08-09T14:26:26Z
https://bizzocasinos.bet,bizzocasinos.bet,0.85,strong:live dealer|strong:register now|medium:casino|medium:wager|structural:18+,2026-08-09T14:26:26Z
https://bizzocasinoau.bet,bizzocasinoau.bet,1.0,strong:deposit bonus|strong:free spins|strong:live dealer|strong:claim bonus|strong:play now|strong:curaçao egaming|medium:casino|medium:slots|medium:jackpot|medium:wager,2026-08-09T14:26:27Z
https://bj-99.bet,bj-99.bet,1.0,strong:free spins|strong:live dealer|strong:play now|medium:casino|medium:slots|medium:poker|medium:jackpot|medium:wager|medium:betting|structural:18+|structural:responsible gambling,2026-08-09T14:26:27Z
https://bj6636.bet,bj6636.bet,1.0,strong:live dealer|strong:register now|medium:casino|medium:slots|medium:poker|medium:jackpot|medium:betting,2026-08-09T14:26:33Z
https://bj6012.bet,bj6012.bet,1.0,strong:free spins|strong:live dealer|strong:play now|medium:casino|medium:slots|medium:poker|medium:jackpot|medium:wager|medium:betting,2026-08-09T14:26:35Z
https://bjbaje.bet,bjbaje.bet,1.0,strong:free spins|strong:live dealer|medium:casino|medium:slots|medium:poker|medium:sportsbook|medium:betting,2026-08-09T14:26:47Z
https://bjbaje.bet,bjbaje.bet,0.8,strong:free spins|strong:live dealer|medium:casino|medium:slots|medium:betting,2026-08-09T14:26:47Z
https://bjeet.bet,bjeet.bet,0.9,strong:cashier|strong:bet slip|medium:casino|medium:slots|medium:sportsbook|medium:betting,2026-08-09T14:26:50Z
https://bjeet.bet,bjeet.bet,1.0,strong:cashier|strong:bet slip|medium:casino|medium:slots|medium:sportsbook|medium:betting|structural:age verification,2026-08-09T14:26:51Z
https://bji999.bet,bji999.bet,0.8,strong:live dealer|strong:register now|medium:casino|medium:slots|medium:betting,2026-08-09T14:26:52Z
https://bk3.bet,bk3.bet,1.0,strong:live dealer|strong:sign up now|strong:play now|medium:casino|medium:slots|medium:jackpot|medium:betting|structural:18+,2026-08-09T14:27:04Z
https://bk333app.bet,bk333app.bet,1.0,strong:place a bet|strong:live dealer|strong:register now|medium:casino|medium:slots|medium:betting,2026-08-09T14:27:06Z
https://bl77.bet,bl77.bet,0.8,strong:live dealer|strong:register now|medium:casino|medium:slots|medium:betting,2026-08-09T14:27:59Z
https://blackdiamond-casino.bet,blackdiamond-casino.bet,1.0,strong:deposit bonus|strong:free spins|strong:live dealer|medium:casino|medium:slots|medium:poker|medium:jackpot|medium:wager|medium:betting,2026-08-09T14:28:04Z
https://blackjackcity.bet,blackjackcity.bet,0.8,strong:free spins|strong:live dealer|medium:casino|medium:slots|medium:betting,2026-08-09T14:28:04Z
https://blackjackballroom.bet,blackjackballroom.bet,1.0,strong:deposit bonus|strong:free spins|strong:withdraw winnings|strong:register now|strong:claim bonus|strong:play now|strong:cashier|medium:casino|medium:slots|medium:poker|medium:jackpot|medium:wager|medium:betting|structural:18+|structural:responsible gambling,2026-08-09T14:28:06Z
https://blackjackballroom.bet,blackjackballroom.bet,1.0,strong:deposit bonus|strong:free spins|strong:withdraw winnings|strong:register now|strong:claim bonus|strong:play now|strong:cashier|medium:casino|medium:slots|medium:poker|medium:jackpot|medium:wager|medium:betting|structural:18+|structural:responsible gambling,2026-08-09T14:28:06Z
https://blacklotus-casino.bet,blacklotus-casino.bet,1.0,strong:free spins|strong:live dealer|strong:cashier|medium:casino|medium:poker|medium:jackpot|medium:wager|structural:18+,2026-08-09T14:28:07Z
https://blacklotus-casino.bet,blacklotus-casino.bet,1.0,strong:free spins|strong:live dealer|strong:cashier|medium:casino|medium:poker|medium:jackpot|medium:wager|structural:18+,2026-08-09T14:28:08Z
https://blazziocasino.bet,blazziocasino.bet,1.0,strong:deposit bonus|strong:free spins|strong:live dealer|medium:casino|medium:slots|medium:jackpot|structural:responsible gambling,2026-08-09T14:28:41Z
https://blest.bet,blest.bet,1.0,strong:deposit bonus|strong:free spins|strong:live dealer|strong:cashier|strong:ukgc|medium:casino|medium:slots|medium:poker|medium:sportsbook|medium:jackpot|medium:wager|medium:betting|structural:responsible gambling,2026-08-09T14:29:19Z
https://blest.bet,blest.bet,1.0,strong:deposit bonus|strong:free spins|strong:live dealer|strong:ukgc|medium:casino|medium:slots|medium:poker|medium:sportsbook|medium:jackpot|medium:wager|medium:betting|structural:responsible gambling,2026-08-09T14:29:19Z
https://blonde.bet,blonde.bet,1.0,strong:deposit bonus|strong:free spins|strong:live dealer|strong:claim bonus|strong:play now|medium:casino|medium:slots|medium:wager|medium:betting|structural:responsible gambling,2026-08-09T14:29:59Z
https://blonde.bet,blonde.bet,1.0,strong:deposit bonus|strong:free spins|strong:live dealer|strong:claim bonus|medium:casino|medium:slots|medium:wager|medium:betting|structural:responsible gambling,2026-08-09T14:30:00Z
https://bloo.bet,bloo.bet,1.0,strong:deposit bonus|strong:free spins|strong:live dealer|medium:casino|medium:slots|medium:poker|medium:sportsbook|medium:wager,2026-08-09T14:30:00Z
https://bloody-slots.bet,bloody-slots.bet,1.0,strong:deposit bonus|strong:free spins|strong:live dealer|strong:register now|strong:cashier|medium:casino|medium:slots|medium:jackpot|structural:responsible gambling,2026-08-09T14:30:03Z
https://blue-leo.bet,blue-leo.bet,1.0,strong:free spins|strong:live dealer|strong:register now|strong:sign up now|medium:casino|medium:wager|medium:betting|structural:responsible gambling,2026-08-09T14:30:12Z
https://bluvegascasino.bet,bluvegascasino.bet,1.0,strong:deposit bonus|strong:free spins|strong:live dealer|strong:cashier|medium:casino|medium:slots|medium:poker|medium:jackpot|medium:wager|medium:betting|structural:18+|structural:responsible gambling,2026-08-09T14:30:40Z
https://bm777.bet,bm777.bet,0.8,strong:live dealer|strong:register now|medium:casino|medium:slots|medium:betting,2026-08-09T14:30:50Z
https://bm777.bet,bm777.bet,0.8,strong:live dealer|strong:register now|medium:casino|medium:slots|medium:betting,2026-08-09T14:30:50Z
https://bmaj7.bet,bmaj7.bet,0.8,strong:free spins|strong:live dealer|medium:casino|medium:jackpot|medium:wager,2026-08-09T14:30:53Z
https://bmd.bet,bmd.bet,0.8,strong:live dealer|strong:bet slip|medium:casino|medium:slots|medium:betting,2026-08-09T14:30:54Z
https://bmd.bet,bmd.bet,1.0,strong:free spins|strong:live dealer|strong:play now|strong:bet slip|medium:casino|medium:slots|medium:poker|medium:sportsbook|medium:jackpot|medium:wager|medium:betting,2026-08-09T14:30:55Z
https://bmw33.bet,bmw33.bet,0.8,strong:live dealer|strong:register now|medium:casino|medium:slots|medium:betting,2026-08-09T14:31:01Z
https://bmwslot.bet,bmwslot.bet,0.8,strong:live dealer|strong:cashier|medium:casino|medium:slots|medium:sportsbook,2026-08-09T14:31:09Z
https://bn666.bet,bn666.bet,1.0,strong:free spins|strong:live dealer|medium:casino|medium:slots|medium:jackpot|medium:betting|structural:18+,2026-08-09T14:31:18Z
https://bn880.bet,bn880.bet,1.0,strong:free spins|strong:live dealer|strong:claim bonus|medium:casino|medium:slots|medium:sportsbook|medium:jackpot|medium:betting|structural:18+,2026-08-09T14:31:20Z
https://bn880.bet,bn880.bet,1.0,strong:free spins|strong:live dealer|strong:claim bonus|medium:casino|medium:slots|medium:sportsbook|medium:jackpot|medium:betting|structural:18+,2026-08-09T14:31:20Z
https://bn8880.bet,bn8880.bet,1.0,strong:free spins|strong:live dealer|strong:play now|strong:cashier|medium:casino|medium:slots|medium:poker|medium:jackpot|medium:wager|medium:betting|negative:how to play,2026-08-09T14:31:21Z
https://boaboacasino.bet,boaboacasino.bet,1.0,strong:deposit bonus|strong:free spins|strong:live dealer|strong:withdraw winnings|strong:cashier|medium:casino|medium:slots|medium:poker|medium:jackpot|medium:wager|medium:betting|structural:18+|structural:responsible gambling,2026-08-09T14:31:42Z
https://boaboacasino.bet,boaboacasino.bet,0.95,strong:deposit bonus|strong:free spins|strong:live dealer|medium:casino|medium:slots,2026-08-09T14:31:45Z
https://bob-casino.bet,bob-casino.bet,1.0,strong:deposit bonus|strong:free spins|medium:casino|medium:slots|medium:poker|medium:jackpot|medium:wager|medium:betting|structural:18+|structural:responsible gambling|negative:how to play,2026-08-09T14:31:50Z
https://bob-casino.bet,bob-casino.bet,1.0,strong:deposit bonus|strong:free spins|medium:casino|medium:slots|medium:poker|medium:jackpot|medium:wager|medium:betting|structural:18+|structural:responsible gambling|negative:how to play,2026-08-09T14:31:51Z
https://bobcasino.bet,bobcasino.bet,1.0,strong:deposit bonus|strong:free spins|strong:mga/|medium:casino|medium:slots|medium:poker|medium:wager,2026-08-09T14:32:03Z
https://bobbycasino.bet,bobbycasino.bet,0.8,strong:deposit bonus|strong:free spins|medium:casino|medium:slots|medium:jackpot,2026-08-09T14:32:03Z
https://bobcasino.bet,bobcasino.bet,1.0,strong:deposit bonus|strong:free spins|strong:mga/|medium:casino|medium:slots|medium:poker|medium:wager,2026-08-09T14:32:04Z
https://bobcasino.bet,bobcasino.bet,1.0,strong:deposit bonus|strong:free spins|strong:mga/|medium:casino|medium:slots|medium:poker|medium:wager,2026-08-09T14:32:04Z
https://bobcasino.bet,bobcasino.bet,1.0,strong:deposit bonus|strong:free spins|strong:mga/|medium:casino|medium:slots|medium:poker|medium:wager,2026-08-09T14:32:05Z
https://bobbycasino.bet,bobbycasino.bet,0.8,strong:deposit bonus|strong:free spins|medium:casino|medium:slots|medium:jackpot,2026-08-09T14:32:05Z
https://boho-ca.bet,boho-ca.bet,1.0,strong:free spins|strong:cashier|medium:casino|medium:slots|medium:sportsbook|medium:jackpot|medium:wager|medium:betting|structural:18+,2026-08-09T14:32:25Z
https://bokucasino.bet,bokucasino.bet,1.0,strong:deposit bonus|strong:free spins|strong:sign up now|strong:play now|strong:cashier|strong:curaçao egaming|medium:casino|medium:slots|medium:jackpot|medium:wager|medium:betting|structural:18+,2026-08-09T14:33:00Z
https://bokucasino.bet,bokucasino.bet,0.85,strong:deposit bonus|strong:free spins|strong:sign up now|medium:slots,2026-08-09T14:33:00Z
https://bonanzacasino.bet,bonanzacasino.bet,1.0,strong:deposit bonus|strong:free spins|strong:live dealer|strong:register now|medium:casino|medium:slots,2026-08-09T14:34:16Z
https://bonanzacasino.bet,bonanzacasino.bet,1.0,strong:deposit bonus|strong:free spins|strong:live dealer|strong:register now|strong:play now|strong:cashier|medium:casino|medium:slots|medium:poker|medium:jackpot|medium:wager|medium:betting|structural:18+|structural:responsible gambling,2026-08-09T14:34:17Z
https://bondi.bet,bondi.bet,1.0,strong:deposit bonus|strong:free spins|strong:play now|strong:cashier|strong:curaçao egaming|medium:casino|medium:slots|medium:poker|medium:jackpot|medium:wager|medium:betting|structural:responsible gambling,2026-08-09T14:34:21Z
https://bondi.bet,bondi.bet,1.0,strong:deposit bonus|strong:free spins|strong:play now|strong:cashier|strong:curaçao egaming|medium:casino|medium:slots|medium:jackpot|medium:wager|structural:responsible gambling,2026-08-09T14:34:22Z
https://bongocasino.bet,bongocasino.bet,1.0,strong:deposit bonus|strong:free spins|strong:live dealer|strong:play now|medium:casino|medium:slots|medium:sportsbook|medium:jackpot|medium:wager|medium:betting|structural:18+|structural:responsible gambling,2026-08-09T14:34:45Z
https://bongocasino.bet,bongocasino.bet,1.0,strong:deposit bonus|strong:free spins|strong:live dealer|strong:play now|medium:casino|medium:slots|medium:sportsbook|medium:jackpot|medium:wager|medium:betting|structural:18+|structural:responsible gambling,2026-08-09T14:34:48Z
https://bonrush.bet,bonrush.bet,1.0,strong:deposit bonus|strong:free spins|strong:play now|strong:curaçao egaming|medium:casino|medium:slots,2026-08-09T14:34:59Z
https://bonsai4d.bet,bonsai4d.bet,0.75,strong:cashier|strong:bet slip|medium:casino|medium:slots|medium:sportsbook|medium:betting|negative:app store,2026-08-09T14:34:59Z
https://bonsai4d.bet,bonsai4d.bet,0.75,strong:cashier|strong:bet slip|medium:casino|medium:slots|medium:sportsbook|medium:betting|negative:app store,2026-08-09T14:35:00Z
https://bonrush.bet,bonrush.bet,1.0,strong:deposit bonus|strong:free spins|strong:live dealer|strong:play now|strong:cashier|strong:ukgc|strong:curaçao egaming|medium:casino|medium:slots|medium:jackpot|medium:wager|medium:betting|structural:18+|structural:age verification,2026-08-09T14:35:00Z
https://bonusblitz.bet,bonusblitz.bet,1.0,strong:deposit bonus|strong:free spins|strong:live dealer|strong:play now|strong:cashier|medium:casino|medium:slots|medium:wager|structural:18+,2026-08-09T14:35:18Z
https://bonusblitz.bet,bonusblitz.bet,1.0,strong:deposit bonus|strong:free spins|strong:live dealer|strong:cashier|medium:casino|medium:slots,2026-08-09T14:35:19Z
https://bonusrush.bet,bonusrush.bet,0.95,strong:free spins|strong:claim bonus|medium:casino|medium:slots|medium:wager|structural:18+,2026-08-09T14:35:25Z
https://bonusrush.bet,bonusrush.bet,0.95,strong:free spins|strong:claim bonus|medium:casino|medium:slots|medium:wager|structural:18+,2026-08-09T14:35:25Z
https://bonuswin.bet,bonuswin.bet,1.0,strong:free spins|strong:live dealer|medium:casino|medium:poker|medium:sportsbook|medium:jackpot|medium:wager|medium:betting,2026-08-09T14:35:28Z
https://boomerang-casinos.bet,boomerang-casinos.bet,1.0,strong:deposit bonus|strong:free spins|medium:casino|medium:slots|medium:poker|medium:sportsbook|medium:wager|medium:betting,2026-08-09T14:36:11Z
https://bos01.bet,bos01.bet,0.8,strong:live dealer|strong:bet slip|medium:casino|medium:slots|medium:sportsbook,2026-08-09T14:37:14Z
https://bosku33.bet,bosku33.bet,0.9,strong:free spins|strong:live dealer|medium:casino|medium:slots|medium:sportsbook|medium:betting,2026-08-09T14:37:28Z
https://bosmujur.bet,bosmujur.bet,1.0,strong:deposit bonus|strong:free spins|strong:live dealer|medium:casino|medium:slots|medium:poker|medium:sportsbook|medium:betting,2026-08-09T14:37:30Z
https://boss99.bet,boss99.bet,0.8,strong:live dealer|strong:cashier|medium:casino|medium:slots|medium:sportsbook,2026-08-09T14:37:37Z
https://bossjili.bet,bossjili.bet,0.8,strong:live dealer|strong:register now|medium:casino|medium:slots|medium:betting,2026-08-09T14:37:42Z
https://boswin88.bet,boswin88.bet,0.8,strong:live dealer|strong:cashier|medium:casino|medium:slots|medium:sportsbook,2026-08-09T14:37:49Z
https://botspins.bet,botspins.bet,1.0,strong:free spins|strong:claim bonus|strong:play now|medium:casino|medium:slots|medium:jackpot|medium:wager|structural:18+,2026-08-09T14:38:04Z
https://bovada-casino.bet,bovada-casino.bet,1.0,strong:deposit bonus|strong:free spins|medium:casino|medium:slots|medium:poker|medium:sportsbook|medium:betting|structural:responsible gambling,2026-08-09T14:38:20Z
https://bovegas.bet,bovegas.bet,1.0,strong:deposit bonus|strong:free spins|strong:cashier|strong:curaçao egaming|medium:casino|medium:slots|medium:poker,2026-08-09T14:38:24Z
https://bovegascasino.bet,bovegascasino.bet,1.0,strong:deposit bonus|strong:free spins|strong:live dealer|medium:casino|medium:slots|medium:poker|medium:jackpot|structural:responsible gambling,2026-08-09T14:38:24Z
https://bovegascasino.bet,bovegascasino.bet,1.0,strong:deposit bonus|strong:free spins|strong:live dealer|medium:casino|medium:slots|medium:poker|medium:jackpot|structural:responsible gambling,2026-08-09T14:38:25Z
https://box24casino-au.bet,box24casino-au.bet,0.95,strong:deposit bonus|strong:free spins|strong:live dealer|medium:casino|medium:slots,2026-08-09T14:38:33Z
https://braga89.bet,braga89.bet,0.8,strong:free spins|strong:live dealer|medium:casino|medium:sportsbook|medium:wager,2026-08-09T14:40:35Z
https://braja.bet,braja.bet,1.0,strong:live dealer|strong:cashier|strong:bet slip|medium:casino|medium:slots|medium:sportsbook|medium:wager|medium:betting|structural:age verification,2026-08-09T14:40:38Z
https://brango-casino.bet,brango-casino.bet,1.0,strong:deposit bonus|strong:free spins|strong:live dealer|strong:claim bonus|medium:casino|medium:slots|medium:poker|medium:jackpot,2026-08-09T14:40:47Z
https://brangocasino.bet,brangocasino.bet,1.0,strong:deposit bonus|strong:free spins|strong:live dealer|strong:sign up now|medium:casino|medium:slots|medium:poker|medium:wager,2026-08-09T14:40:48Z
https://brangocasino.bet,brangocasino.bet,1.0,strong:deposit bonus|strong:free spins|strong:live dealer|strong:sign up now|medium:casino|medium:slots|medium:poker|medium:wager,2026-08-09T14:40:48Z
https://bronzecasino.bet,bronzecasino.bet,0.9,strong:free spins|strong:curaçao egaming|medium:casino|medium:slots|medium:jackpot|medium:wager,2026-08-09T14:43:39Z
https://bs9999.bet,bs9999.bet,1.0,strong:free spins|strong:live dealer|strong:play now|strong:cashier|medium:casino|medium:slots|medium:poker|medium:jackpot|medium:wager|medium:betting|structural:responsible gambling|negative:how to play,2026-08-09T14:44:43Z
https://bs9991.bet,bs9991.bet,1.0,strong:free spins|strong:live dealer|strong:claim bonus|strong:play now|medium:casino|medium:slots|medium:poker|medium:jackpot|medium:wager|medium:betting,2026-08-09T14:44:43Z
https://bs9991.bet,bs9991.bet,1.0,strong:free spins|strong:live dealer|strong:claim bonus|strong:play now|medium:casino|medium:slots|medium:poker|medium:jackpot|medium:wager|medium:betting,2026-08-09T14:44:44Z
https://bsb007-aus.bet,bsb007-aus.bet,0.95,strong:deposit bonus|strong:live dealer|medium:casino|medium:slots|medium:jackpot|structural:18+,2026-08-09T14:44:45Z
https://bsb007-aus.bet,bsb007-aus.bet,1.0,strong:deposit bonus|strong:free spins|strong:live dealer|strong:cashier|medium:casino|medium:slots|medium:poker|medium:jackpot|medium:wager|structural:18+,2026-08-09T14:44:45Z
https://bsb007-casino.bet,bsb007-casino.bet,1.0,strong:deposit bonus|strong:free spins|strong:live dealer|strong:cashier|strong:curaçao egaming|medium:casino|medium:slots|medium:jackpot|medium:wager|structural:18+|structural:responsible gambling,2026-08-09T14:44:46Z
https://bs9999.bet,bs9999.bet,1.0,strong:free spins|strong:live dealer|strong:play now|strong:cashier|medium:casino|medium:slots|medium:poker|medium:jackpot|medium:wager|medium:betting|structural:responsible gambling|negative:how to play,2026-08-09T14:44:47Z
https://bspin.bet,bspin.bet,1.0,strong:deposit bonus|strong:free spins|medium:casino|medium:slots|medium:sportsbook|medium:jackpot|medium:betting|structural:18+,2026-08-09T14:44:51Z
https://bspin-casino.bet,bspin-casino.bet,1.0,strong:deposit bonus|strong:free spins|strong:live dealer|strong:play now|strong:cashier|medium:casino|medium:slots|medium:poker|medium:jackpot|medium:wager|medium:betting|structural:18+|structural:responsible gambling,2026-08-09T14:44:51Z
https://bt2777.bet,bt2777.bet,1.0,strong:free spins|strong:live dealer|strong:play now|medium:casino|medium:slots|medium:poker|medium:jackpot|medium:betting|negative:how to play,2026-08-09T14:45:03Z
https://btb222.bet,btb222.bet,1.0,strong:deposit bonus|strong:free spins|strong:live dealer|strong:play now|medium:casino|medium:slots|medium:poker|medium:jackpot|medium:wager|medium:betting,2026-08-09T14:45:12Z
https://bubbless.bet,bubbless.bet,1.0,strong:free spins|strong:claim bonus|strong:cashier|medium:casino|medium:slots|medium:poker|medium:sportsbook|medium:wager|structural:responsible gambling|structural:age verification,2026-08-09T14:45:50Z
https://bubbless.bet,bubbless.bet,0.8,strong:free spins|strong:claim bonus|medium:casino|medium:slots|medium:poker,2026-08-09T14:45:51Z
https://buenasplus.bet,buenasplus.bet,0.9,strong:live dealer|strong:register now|medium:casino|medium:slots|medium:sportsbook|medium:betting,2026-08-09T14:46:04Z
https://buffaloking.bet,buffaloking.bet,0.85,strong:free spins|strong:play now|medium:casino|medium:wager|structural:18+,2026-08-09T14:46:07Z
https://buffalocasino.bet,buffalocasino.bet,0.95,strong:deposit bonus|strong:free spins|strong:register now|medium:casino|medium:slots,2026-08-09T14:46:10Z
https://bugistotologin.bet,bugistotologin.bet,0.8,strong:live dealer|strong:cashier|medium:casino|medium:slots|medium:sportsbook,2026-08-09T14:46:11Z
https://buffalocasino.bet,buffalocasino.bet,1.0,strong:deposit bonus|strong:free spins|strong:register now|strong:play now|strong:cashier|strong:curaçao egaming|medium:casino|medium:slots|medium:sportsbook|medium:jackpot|medium:wager|medium:betting|structural:18+|structural:responsible gambling,2026-08-09T14:46:11Z
https://buitenlandse-casino.bet,buitenlandse-casino.bet,1.0,strong:deposit bonus|strong:free spins|strong:ukgc|strong:curaçao egaming|medium:casino|medium:slots,2026-08-09T14:46:17Z
https://bull-casino.bet,bull-casino.bet,1.0,strong:deposit bonus|strong:free spins|strong:live dealer|medium:casino|medium:slots|medium:poker|medium:wager|medium:betting|structural:18+|negative:how to play,2026-08-09T14:46:32Z
https://bull-casino.bet,bull-casino.bet,1.0,strong:deposit bonus|strong:free spins|strong:live dealer|medium:casino|medium:slots|medium:poker|medium:wager|medium:betting|structural:18+|negative:how to play,2026-08-09T14:46:32Z
https://bullcasino.bet,bullcasino.bet,0.95,strong:deposit bonus|strong:free spins|strong:live dealer|medium:casino|medium:slots,2026-08-09T14:46:37Z
https://bullcasino.bet,bullcasino.bet,1.0,strong:deposit bonus|strong:free spins|strong:live dealer|strong:withdraw winnings|strong:claim bonus|strong:play now|strong:cashier|medium:casino|medium:slots|medium:jackpot|medium:wager|medium:betting|structural:18+|structural:responsible gambling,2026-08-09T14:46:39Z
https://bulletz.bet,bulletz.bet,1.0,strong:deposit bonus|strong:free spins|strong:play now|strong:cashier|medium:casino|medium:slots|medium:poker|medium:wager|medium:betting|structural:18+|structural:responsible gambling,2026-08-09T14:46:44Z
https://bulletz-au.bet,bulletz-au.bet,1.0,strong:deposit bonus|strong:free spins|strong:live dealer|strong:claim bonus|strong:curaçao egaming|medium:casino|medium:slots|medium:poker|medium:jackpot|medium:wager,2026-08-09T14:46:44Z
https://bulletz-au.bet,bulletz-au.bet,1.0,strong:deposit bonus|strong:free spins|strong:live dealer|strong:claim bonus|strong:curaçao egaming|medium:casino|medium:slots|medium:poker|medium:jackpot|medium:wager,2026-08-09T14:46:44Z
https://bulletzcasino.bet,bulletzcasino.bet,1.0,strong:deposit bonus|strong:free spins|strong:play now|strong:cashier|medium:casino|medium:slots|medium:wager|structural:responsible gambling|structural:age verification,2026-08-09T14:46:45Z
https://bulletzcasino.bet,bulletzcasino.bet,1.0,strong:deposit bonus|strong:free spins|strong:play now|medium:casino|medium:slots|medium:wager|structural:responsible gambling|structural:age verification,2026-08-09T14:46:45Z
https://bulletz.bet,bulletz.bet,1.0,strong:deposit bonus|strong:free spins|strong:cashier|medium:casino|medium:slots|medium:wager|structural:responsible gambling,2026-08-09T14:46:47Z
https://bullshark.bet,bullshark.bet,1.0,strong:withdraw winnings|strong:bet slip|medium:casino|medium:slots|medium:sportsbook|medium:wager|medium:betting|structural:age verification,2026-08-09T14:46:54Z
https://buran-casino.bet,buran-casino.bet,1.0,strong:deposit bonus|strong:free spins|strong:live dealer|medium:casino|medium:slots|medium:jackpot|medium:wager|structural:responsible gambling,2026-08-09T14:47:39Z
https://buran-casino.bet,buran-casino.bet,1.0,strong:deposit bonus|strong:free spins|strong:live dealer|strong:curacao egaming|medium:casino|medium:slots|medium:jackpot|medium:wager|structural:18+|structural:responsible gambling,2026-08-09T14:47:39Z
https://burhan4d.bet,burhan4d.bet,0.8,strong:live dealer|strong:cashier|medium:casino|medium:slots|medium:sportsbook,2026-08-09T14:47:40Z
https://burma999.bet,burma999.bet,1.0,strong:free spins|strong:live dealer|medium:casino|medium:slots|medium:poker|medium:jackpot|medium:betting,2026-08-09T14:47:43Z
https://burning.bet,burning.bet,1.0,strong:deposit bonus|strong:free spins|strong:live dealer|strong:play now|strong:cashier|strong:curaçao egaming|medium:casino|medium:slots|medium:sportsbook|medium:wager|medium:betting|structural:18+|structural:age verification,2026-08-09T14:47:45Z
https://burning.bet,burning.bet,0.95,strong:deposit bonus|strong:free spins|strong:curaçao egaming|medium:casino|medium:slots,2026-08-09T14:47:48Z
https://buumicasino.bet,buumicasino.bet,0.95,strong:deposit bonus|strong:free spins|strong:sign up now|medium:casino|medium:slots,2026-08-09T14:48:09Z
https://buumicasino.bet,buumicasino.bet,1.0,strong:deposit bonus|strong:free spins|strong:sign up now|strong:cashier|medium:casino|medium:slots|medium:wager,2026-08-09T14:48:09Z
https://buzzluckcasino.bet,buzzluckcasino.bet,1.0,strong:deposit bonus|strong:free spins|strong:claim bonus|strong:play now|strong:cashier|medium:casino|medium:slots|medium:poker|medium:jackpot|medium:wager|structural:responsible gambling,2026-08-09T14:48:21Z
https://bv7777.bet,bv7777.bet,1.0,strong:live dealer|strong:cashier|medium:casino|medium:slots|medium:sportsbook|medium:jackpot|medium:wager|medium:betting|structural:age verification,2026-08-09T14:48:31Z
https://bv7777.bet,bv7777.bet,1.0,strong:live dealer|strong:cashier|medium:casino|medium:slots|medium:sportsbook|medium:jackpot|medium:wager|medium:betting|structural:age verification,2026-08-09T14:48:31Z
https://bw321.bet,bw321.bet,1.0,strong:free spins|strong:register now|strong:play now|medium:casino|medium:slots|medium:poker|medium:jackpot|medium:betting|structural:18+,2026-08-09T14:48:42Z
https://bw321.bet,bw321.bet,1.0,strong:free spins|strong:register now|strong:play now|medium:casino|medium:slots|medium:poker|medium:jackpot|medium:betting|structural:18+,2026-08-09T14:48:42Z
https://bwin-casino.bet,bwin-casino.bet,1.0,strong:free spins|strong:mga/|medium:casino|medium:slots|medium:poker|medium:sportsbook|medium:jackpot|medium:wager|structural:18+,2026-08-09T14:48:53Z
https://bwin-casino.bet,bwin-casino.bet,1.0,strong:free spins|strong:mga/|medium:casino|medium:slots|medium:poker|medium:sportsbook|medium:jackpot|medium:wager|structural:18+,2026-08-09T14:48:54Z
https://byu777.bet,byu777.bet,0.8,strong:live dealer|strong:register now|medium:casino|medium:slots|medium:betting,2026-08-09T14:49:22Z
https://byond.bet,byond.bet,1.0,strong:deposit bonus|strong:free spins|strong:live dealer|medium:casino|medium:slots|medium:sportsbook,2026-08-09T14:49:24Z
https://c100i.bet,c100i.bet,1.0,strong:deposit bonus|strong:live dealer|medium:casino|medium:slots|medium:jackpot|medium:wager|medium:betting|structural:18+,2026-08-09T14:49:53Z
https://c200m.bet,c200m.bet,1.0,strong:deposit bonus|strong:place a bet|medium:casino|medium:slots|medium:sportsbook|medium:wager|medium:betting,2026-08-09T14:50:08Z
https://c7666.bet,c7666.bet,1.0,strong:deposit bonus|strong:live dealer|strong:claim bonus|medium:casino|medium:slots|medium:wager|medium:betting|structural:18+,2026-08-09T14:50:27Z
https://ca-stake.bet,ca-stake.bet,1.0,strong:deposit bonus|strong:live dealer|strong:play now|medium:casino|medium:slots|medium:poker|medium:wager|structural:18+,2026-08-09T14:51:02Z
https://ca-stake.bet,ca-stake.bet,1.0,strong:deposit bonus|strong:live dealer|strong:play now|medium:casino|medium:slots|medium:poker|medium:wager|structural:18+,2026-08-09T14:51:02Z
https://ca99.bet,ca99.bet,1.0,strong:free spins|strong:live dealer|medium:casino|medium:slots|medium:wager|medium:betting|structural:18+,2026-08-09T14:51:08Z
https://cactuscasino.bet,cactuscasino.bet,0.8,strong:deposit bonus|strong:free spins|medium:casino|medium:slots|medium:sportsbook,2026-08-09T14:51:30Z
https://cactuscasino.bet,cactuscasino.bet,1.0,strong:deposit bonus|strong:free spins|strong:play now|strong:cashier|medium:casino|medium:slots|medium:poker|medium:sportsbook|medium:jackpot|medium:wager|medium:betting|structural:18+|structural:responsible gambling,2026-08-09T14:51:30Z
https://cadabruscasino.bet,cadabruscasino.bet,1.0,strong:deposit bonus|strong:free spins|strong:live dealer|strong:sign up now|medium:casino|medium:slots,2026-08-09T14:51:34Z
https://cadabruscasino.bet,cadabruscasino.bet,1.0,strong:deposit bonus|strong:free spins|strong:live dealer|strong:sign up now|strong:play now|strong:cashier|strong:mga/|medium:casino|medium:slots|medium:jackpot|medium:wager|medium:betting|structural:18+|structural:responsible gambling|structural:age verification|negative:app store|negative:google play,2026-08-09T14:51:34Z
https://cadoolacasino.bet,cadoolacasino.bet,1.0,strong:deposit bonus|strong:free spins|strong:sign up now|strong:cashier|medium:casino|medium:slots,2026-08-09T14:51:48Z
https://cadoolacasino.bet,cadoolacasino.bet,1.0,strong:deposit bonus|strong:free spins|strong:sign up now|strong:cashier|medium:casino|medium:slots,2026-08-09T14:51:51Z
https://cafe-casino.bet,cafe-casino.bet,1.0,strong:deposit bonus|strong:free spins|strong:live dealer|strong:sign up now|strong:curacao egaming|medium:casino|medium:slots|medium:jackpot|medium:wager,2026-08-09T14:51:58Z
https://caibocasino.bet,caibocasino.bet,1.0,strong:deposit bonus|strong:free spins|strong:live dealer|strong:play now|strong:cashier|strong:ukgc|strong:curaçao egaming|medium:casino|medium:slots|medium:sportsbook|medium:wager|medium:betting,2026-08-09T14:52:35Z
https://caibocasino.bet,caibocasino.bet,1.0,strong:deposit bonus|strong:free spins|strong:live dealer|strong:play now|strong:cashier|strong:ukgc|strong:curaçao egaming|medium:casino|medium:slots|medium:sportsbook|medium:wager|medium:betting,2026-08-09T14:52:35Z
https://calientesport.bet,calientesport.bet,1.0,strong:deposit bonus|strong:free spins|strong:live dealer|strong:claim bonus|strong:play now|strong:cashier|strong:curacao egaming|medium:casino|medium:slots|medium:poker|medium:sportsbook|medium:jackpot|medium:wager|medium:betting|structural:18+|structural:responsible gambling,2026-08-09T14:53:12Z
https://calientesport.bet,calientesport.bet,1.0,strong:deposit bonus|strong:free spins|strong:live dealer|strong:claim bonus|strong:play now|strong:cashier|strong:curacao egaming|medium:casino|medium:slots|medium:poker|medium:sportsbook|medium:jackpot|medium:wager|medium:betting|structural:18+|structural:responsible gambling,2026-08-09T14:53:13Z
https://calzone.bet,calzone.bet,0.95,strong:free spins|strong:mga/|medium:casino|medium:slots|medium:jackpot|structural:18+,2026-08-09T14:53:25Z
https://calzone.bet,calzone.bet,0.95,strong:free spins|strong:mga/|medium:casino|medium:slots|medium:jackpot|structural:18+,2026-08-09T14:53:29Z
https://cammy.bet,cammy.bet,1.0,strong:free spins|strong:live dealer|medium:casino|medium:slots|medium:sportsbook|medium:wager|medium:betting,2026-08-09T14:53:36Z
https://cammy.bet,cammy.bet,1.0,strong:free spins|strong:live dealer|medium:casino|medium:slots|medium:sportsbook|medium:wager|medium:betting,2026-08-09T14:53:36Z
https://campobetcasino.bet,campobetcasino.bet,1.0,strong:deposit bonus|strong:free spins|strong:live dealer|strong:play now|strong:cashier|strong:mga/|medium:casino|medium:slots|medium:sportsbook|medium:wager|medium:betting|structural:responsible gambling,2026-08-09T14:53:56Z
https://campobetcasino.bet,campobetcasino.bet,0.9,strong:deposit bonus|strong:free spins|medium:casino|medium:slots|medium:sportsbook|medium:betting,2026-08-09T14:53:58Z
https://canadacasino.bet,canadacasino.bet,0.85,strong:free spins|strong:live dealer|strong:claim bonus|medium:casino,2026-08-09T14:54:09Z
https://candy-casino.bet,candy-casino.bet,1.0,strong:deposit bonus|strong:free spins|strong:play now|strong:cashier|strong:curaçao egaming|medium:casino|medium:slots|medium:poker|medium:jackpot|medium:wager|medium:betting|structural:18+,2026-08-09T14:54:35Z
https://candy-casino.bet,candy-casino.bet,1.0,strong:deposit bonus|strong:free spins|strong:play now|strong:cashier|strong:curaçao egaming|medium:casino|medium:slots|medium:poker|medium:jackpot|medium:wager|medium:betting|structural:18+,2026-08-09T14:54:35Z
https://candyland.bet,candyland.bet,1.0,strong:free spins|strong:live dealer|strong:curaçao egaming|medium:casino|medium:slots|medium:jackpot|medium:wager|structural:responsible gambling,2026-08-09T14:54:39Z
https://candylandcasino.bet,candylandcasino.bet,1.0,strong:live dealer|strong:ukgc|strong:curaçao egaming|medium:casino|medium:slots|medium:poker|medium:jackpot|medium:wager,2026-08-09T14:54:41Z
https://captain-jack.bet,captain-jack.bet,1.0,strong:deposit bonus|strong:free spins|medium:casino|medium:slots|medium:poker|medium:jackpot|medium:wager,2026-08-09T14:55:29Z
https://captogel.bet,captogel.bet,0.8,strong:free spins|strong:live dealer|medium:casino|medium:slots|medium:sportsbook,2026-08-09T14:55:29Z
https://captogel.bet,captogel.bet,0.8,strong:free spins|strong:live dealer|medium:casino|medium:slots|medium:sportsbook,2026-08-09T14:55:29Z
https://carina.bet,carina.bet,1.0,strong:deposit bonus|strong:free spins|strong:live dealer|strong:register now|strong:play now|medium:casino|medium:slots|medium:sportsbook|medium:jackpot|medium:wager|medium:betting|structural:18+,2026-08-09T14:55:52Z
https://carlospin.bet,carlospin.bet,1.0,strong:free spins|strong:live dealer|strong:claim bonus|strong:curaçao egaming|medium:casino|medium:slots|medium:poker|medium:jackpot|medium:wager|structural:18+,2026-08-09T14:55:55Z
https://carlospin.bet,carlospin.bet,1.0,strong:free spins|strong:live dealer|strong:claim bonus|strong:curaçao egaming|medium:casino|medium:slots|medium:poker|medium:jackpot|medium:wager|structural:18+,2026-08-09T14:55:55Z
https://carlospin.bet,carlospin.bet,1.0,strong:free spins|strong:live dealer|strong:claim bonus|strong:curaçao egaming|medium:casino|medium:slots|medium:poker|medium:jackpot|medium:wager|structural:18+,2026-08-09T14:55:56Z
https://carouselcasino.bet,carouselcasino.bet,0.9,strong:deposit bonus|strong:free spins|medium:casino|medium:slots|medium:poker|medium:wager,2026-08-09T14:56:13Z
https://carouselcasino.bet,carouselcasino.bet,1.0,strong:deposit bonus|strong:free spins|medium:casino|medium:slots|medium:poker|medium:wager|structural:18+,2026-08-09T14:56:13Z
https://casapariurilorcasino.bet,casapariurilorcasino.bet,1.0,strong:deposit bonus|strong:free spins|strong:claim bonus|strong:mga/|medium:casino|medium:slots|medium:jackpot,2026-08-09T14:57:03Z
https://casapariurilorcasino.bet,casapariurilorcasino.bet,0.95,strong:deposit bonus|strong:free spins|strong:claim bonus|medium:casino|medium:slots,2026-08-09T14:57:03Z
https://cashalotcasino.bet,cashalotcasino.bet,0.95,strong:deposit bonus|strong:free spins|strong:register now|medium:casino|medium:slots,2026-08-09T14:57:40Z
https://cashalotcasino.bet,cashalotcasino.bet,0.95,strong:deposit bonus|strong:free spins|strong:register now|medium:casino|medium:slots,2026-08-09T14:57:41Z
https://cashiopeiacasino.bet,cashiopeiacasino.bet,1.0,strong:deposit bonus|strong:free spins|strong:sign up now|strong:mga/|medium:casino|medium:slots,2026-08-09T14:57:59Z
https://cashiopeiacasino.bet,cashiopeiacasino.bet,1.0,strong:deposit bonus|strong:free spins|strong:sign up now|strong:mga/|medium:casino|medium:slots,2026-08-09T14:58:02Z
https://cashmocasino.bet,cashmocasino.bet,0.85,strong:deposit bonus|strong:free spins|medium:casino|medium:slots|structural:18+,2026-08-09T14:58:03Z
https://cashmocasino.bet,cashmocasino.bet,0.85,strong:deposit bonus|strong:free spins|medium:casino|medium:slots|structural:18+,2026-08-09T14:58:03Z
https://cashmiocasino.bet,cashmiocasino.bet,1.0,strong:deposit bonus|strong:free spins|strong:play now|strong:cashier|strong:mga/|medium:casino|medium:slots|medium:jackpot|medium:wager|structural:responsible gambling|structural:age verification,2026-08-09T14:58:03Z
https://cashouvaza.bet,cashouvaza.bet,0.9,strong:free spins|strong:live dealer|medium:casino|medium:slots|medium:jackpot|medium:wager,2026-08-09T14:58:07Z
https://cashouvaza.bet,cashouvaza.bet,0.9,strong:free spins|strong:live dealer|medium:casino|medium:slots|medium:jackpot|medium:wager,2026-08-09T14:58:07Z
https://cashpotcasino.bet,cashpotcasino.bet,1.0,strong:deposit bonus|strong:free spins|strong:play now|strong:cashier|strong:curacao egaming|medium:casino|medium:slots|medium:jackpot|medium:wager|structural:responsible gambling,2026-08-09T14:58:20Z
https://cashpotcasino.bet,cashpotcasino.bet,1.0,strong:deposit bonus|strong:free spins|strong:play now|strong:cashier|strong:curacao egaming|medium:casino|medium:slots|medium:poker|medium:jackpot|medium:wager|structural:responsible gambling,2026-08-09T14:58:22Z
https://cashwincasino.bet,cashwincasino.bet,1.0,strong:deposit bonus|strong:free spins|strong:play now|strong:ukgc|strong:curacao egaming|medium:casino|medium:slots|medium:jackpot|medium:wager|structural:responsible gambling,2026-08-09T14:58:25Z
https://casilandocasino.bet,casilandocasino.bet,1.0,strong:deposit bonus|strong:free spins|strong:live dealer|strong:play now|strong:mga/|medium:casino|medium:slots|structural:responsible gambling,2026-08-09T14:58:41Z
https://casilando.bet,casilando.bet,1.0,strong:free spins|strong:mga/|medium:casino|medium:slots|medium:poker|medium:jackpot|structural:18+,2026-08-09T14:58:41Z
https://casilimecasino.bet,casilimecasino.bet,0.95,strong:deposit bonus|strong:free spins|strong:mga/|medium:casino|medium:slots,2026-08-09T14:58:42Z
https://casimbaipl.bet,casimbaipl.bet,1.0,strong:free spins|strong:ukgc|medium:casino|medium:slots|medium:jackpot|medium:wager|structural:18+,2026-08-09T14:58:42Z
https://casimbacasino.bet,casimbacasino.bet,1.0,strong:deposit bonus|strong:free spins|strong:live dealer|strong:play now|strong:cashier|strong:mga/|medium:casino|medium:slots|medium:jackpot|medium:wager|medium:betting|structural:responsible gambling,2026-08-09T14:58:43Z
https://casimbacasino.bet,casimbacasino.bet,1.0,strong:deposit bonus|strong:free spins|strong:live dealer|strong:play now|strong:cashier|strong:mga/|medium:casino|medium:slots|medium:poker|medium:jackpot|medium:wager|medium:betting|structural:18+|structural:responsible gambling,2026-08-09T14:58:45Z
https://casinia-casino.bet,casinia-casino.bet,1.0,strong:deposit bonus|strong:free spins|strong:claim bonus|medium:casino|medium:slots|medium:sportsbook,2026-08-09T14:58:50Z
https://casinia-casino.bet,casinia-casino.bet,1.0,strong:deposit bonus|strong:free spins|strong:claim bonus|medium:casino|medium:slots|medium:sportsbook,2026-08-09T14:58:56Z
https://casino-adrenaline.bet,casino-adrenaline.bet,0.9,strong:deposit bonus|strong:free spins|medium:casino|medium:slots|medium:jackpot|medium:wager,2026-08-09T14:58:56Z
https://casino-2000.bet,casino-2000.bet,1.0,strong:free spins|strong:claim bonus|medium:casino|medium:slots|medium:poker|medium:jackpot|medium:wager,2026-08-09T14:58:58Z
https://casino-boo.bet,casino-boo.bet,1.0,strong:deposit bonus|strong:free spins|strong:play now|strong:mga/|medium:casino|medium:slots|medium:jackpot|medium:wager,2026-08-09T14:59:02Z
https://casino-cat.bet,casino-cat.bet,0.95,strong:deposit bonus|strong:live dealer|strong:curacao egaming|medium:casino|medium:slots,2026-08-09T14:59:05Z
https://casino-chan.bet,casino-chan.bet,1.0,strong:deposit bonus|strong:free spins|strong:live dealer|medium:casino|medium:slots|medium:wager|structural:18+,2026-08-09T14:59:05Z
https://casino-days.bet,casino-days.bet,1.0,strong:deposit bonus|strong:free spins|strong:live dealer|strong:curacao egaming|medium:casino|medium:slots|medium:jackpot|medium:wager|structural:18+|structural:responsible gambling,2026-08-09T14:59:07Z
https://casino-days.bet,casino-days.bet,1.0,strong:live dealer|strong:curacao egaming|medium:casino|medium:slots|medium:jackpot|structural:18+|structural:responsible gambling,2026-08-09T14:59:08Z
https://casino-chan.bet,casino-chan.bet,1.0,strong:deposit bonus|strong:free spins|strong:live dealer|medium:casino|medium:slots|medium:wager,2026-08-09T14:59:10Z
https://casino-europa.bet,casino-europa.bet,0.8,strong:free spins|strong:mga/|medium:casino|medium:slots|medium:jackpot,2026-08-09T14:59:10Z
https://casino-europa.bet,casino-europa.bet,0.8,strong:free spins|strong:mga/|medium:casino|medium:slots|medium:jackpot,2026-08-09T14:59:11Z
https://casino-gg.bet,casino-gg.bet,0.95,strong:deposit bonus|strong:free spins|strong:curacao egaming|medium:casino|medium:jackpot,2026-08-09T14:59:17Z
https://casino-games.bet,casino-games.bet,0.95,strong:deposit bonus|strong:free spins|medium:casino|medium:slots|medium:jackpot|structural:18+,2026-08-09T14:59:18Z
https://casino-golisimo.bet,casino-golisimo.bet,1.0,strong:deposit bonus|strong:free spins|strong:live dealer|strong:play now|strong:cashier|medium:casino|medium:slots|medium:sportsbook|medium:jackpot|medium:wager|medium:betting|structural:18+|structural:responsible gambling|negative:app store,2026-08-09T14:59:19Z
https://casino-golisimo.bet,casino-golisimo.bet,0.9,strong:deposit bonus|strong:free spins|medium:casino|medium:slots|medium:sportsbook|medium:betting,2026-08-09T14:59:19Z
https://casino-guru.bet,casino-guru.bet,0.95,strong:deposit bonus|strong:free spins|strong:register now|medium:casino|medium:slots,2026-08-09T14:59:19Z
https://casino-guru.bet,casino-guru.bet,0.95,strong:deposit bonus|strong:free spins|strong:register now|medium:casino|medium:slots,2026-08-09T14:59:20Z
https://casino-jet.bet,casino-jet.bet,0.75,strong:deposit bonus|strong:free spins|medium:casino|structural:18+,2026-08-09T14:59:23Z
https://casino-lab.bet,casino-lab.bet,0.75,strong:free spins|strong:mga/|medium:casino|structural:18+,2026-08-09T14:59:27Z
https://casino-lucky.bet,casino-lucky.bet,1.0,strong:deposit bonus|strong:free spins|strong:live dealer|strong:mga/|medium:casino|medium:slots|medium:jackpot|medium:wager|medium:betting|structural:responsible gambling,2026-08-09T14:59:28Z
https://casino-extra.bet,casino-extra.bet,0.95,strong:free spins|strong:play now|medium:casino|medium:slots|medium:jackpot|structural:18+,2026-08-09T14:59:28Z
https://casino-extra.bet,casino-extra.bet,0.95,strong:free spins|strong:play now|medium:casino|medium:slots|medium:jackpot|structural:18+,2026-08-09T14:59:29Z
https://casino-extra.bet,casino-extra.bet,0.95,strong:free spins|strong:play now|medium:casino|medium:slots|medium:jackpot|structural:18+,2026-08-09T14:59:29Z
https://casino-mega.bet,casino-mega.bet,1.0,strong:free spins|strong:mga/|medium:casino|medium:slots|medium:poker|medium:jackpot|structural:18+,2026-08-09T14:59:29Z
https://casino-mega.bet,casino-mega.bet,1.0,strong:free spins|strong:mga/|medium:casino|medium:slots|medium:poker|medium:jackpot|structural:18+,2026-08-09T14:59:29Z
https://casino-midas.bet,casino-midas.bet,1.0,strong:deposit bonus|strong:free spins|strong:live dealer|strong:play now|medium:casino|medium:slots,2026-08-09T14:59:29Z
https://casino-midas.bet,casino-midas.bet,1.0,strong:deposit bonus|strong:free spins|strong:live dealer|strong:play now|medium:casino|medium:slots|medium:poker|medium:jackpot|medium:wager,2026-08-09T14:59:30Z
https://casino-national.bet,casino-national.bet,1.0,strong:deposit bonus|strong:free spins|strong:live dealer|strong:withdraw winnings|strong:play now|strong:cashier|strong:curaçao egaming|medium:casino|medium:slots|medium:poker|medium:jackpot|medium:wager|medium:betting|structural:18+|structural:responsible gambling,2026-08-09T14:59:30Z
https://casino-non-aams-che-pagano-subito.bet,casino-non-aams-che-pagano-subito.bet,0.9,strong:mga/|strong:curaçao egaming|medium:casino|medium:poker|medium:jackpot|medium:wager,2026-08-09T14:59:31Z
https://casino-one.bet,casino-one.bet,0.95,strong:deposit bonus|strong:free spins|strong:mga/|medium:casino|medium:slots,2026-08-09T14:59:35Z
https://casino-one.bet,casino-one.bet,1.0,strong:deposit bonus|strong:free spins|strong:live dealer|strong:play now|strong:cashier|strong:mga/|medium:casino|medium:slots|medium:poker|medium:jackpot|medium:wager|medium:betting|structural:18+|structural:responsible gambling,2026-08-09T14:59:35Z
https://casino-national.bet,casino-national.bet,0.95,strong:deposit bonus|strong:free spins|strong:curaçao egaming|medium:casino|medium:slots,2026-08-09T14:59:36Z
https://casino-pasino-grand.bet,casino-pasino-grand.bet,1.0,strong:free spins|strong:claim bonus|medium:casino|medium:poker|medium:jackpot|medium:wager|structural:18+|structural:gambleaware,2026-08-09T14:59:44Z
https://casino-rex.bet,casino-rex.bet,1.0,strong:deposit bonus|strong:free spins|strong:mga/|medium:casino|medium:slots|structural:18+,2026-08-09T14:59:50Z
https://casino-scout.bet,casino-scout.bet,1.0,strong:deposit bonus|strong:free spins|medium:casino|medium:slots|medium:jackpot|medium:wager|structural:18+,2026-08-09T14:59:51Z
https://casino-sg.bet,casino-sg.bet,1.0,strong:deposit bonus|strong:free spins|strong:live dealer|strong:sign up now|strong:curacao egaming|medium:casino|medium:slots|medium:sportsbook|medium:jackpot|medium:wager|medium:betting|structural:18+,2026-08-09T14:59:51Z
https://casino-spiele.bet,casino-spiele.bet,0.9,strong:ukgc|strong:curaçao egaming|medium:casino|medium:slots|medium:poker|medium:jackpot,2026-08-09T14:59:53Z
https://casino-spiele.bet,casino-spiele.bet,0.9,strong:ukgc|strong:curaçao egaming|medium:casino|medium:slots|medium:poker|medium:jackpot,2026-08-09T14:59:53Z
https://casino-spinanga.bet,casino-spinanga.bet,1.0,strong:deposit bonus|strong:free spins|strong:live dealer|strong:curaçao egaming|medium:casino|medium:slots|medium:sportsbook|medium:jackpot|medium:wager|medium:betting|structural:responsible gambling,2026-08-09T14:59:54Z
https://casino-spinanga.bet,casino-spinanga.bet,1.0,strong:deposit bonus|strong:free spins|strong:live dealer|strong:curaçao egaming|medium:casino|medium:slots|medium:sportsbook|medium:betting|structural:responsible gambling,2026-08-09T14:59:54Z
https://casino-sol.bet,casino-sol.bet,1.0,strong:deposit bonus|strong:free spins|strong:curacao egaming|medium:casino|medium:slots|structural:18+,2026-08-09T14:59:55Z
https://casino-time.bet,casino-time.bet,1.0,strong:deposit bonus|strong:free spins|strong:live dealer|strong:play now|medium:casino|medium:slots|medium:jackpot|medium:wager|structural:responsible gambling,2026-08-09T14:59:57Z
https://casino-universe.bet,casino-universe.bet,1.0,strong:deposit bonus|strong:free spins|strong:mga/|medium:casino|medium:slots|medium:jackpot|structural:18+,2026-08-09T15:00:00Z
https://casino-vip.bet,casino-vip.bet,1.0,strong:deposit bonus|strong:free spins|strong:live dealer|strong:play now|medium:casino|medium:slots|medium:poker|medium:jackpot|structural:responsible gambling,2026-08-09T15:00:03Z
https://casino-sg.bet,casino-sg.bet,1.0,strong:deposit bonus|strong:free spins|strong:live dealer|strong:sign up now|strong:curacao egaming|medium:casino|medium:slots|medium:sportsbook|medium:jackpot|medium:wager|medium:betting|structural:18+,2026-08-09T15:00:03Z
https://casino-vibes.bet,casino-vibes.bet,1.0,strong:deposit bonus|strong:free spins|strong:live dealer|medium:casino|medium:slots|medium:jackpot|structural:responsible gambling,2026-08-09T15:00:04Z
https://casino-woo.bet,casino-woo.bet,1.0,strong:deposit bonus|strong:free spins|strong:live dealer|strong:cashier|strong:curacao egaming|medium:casino|medium:slots|medium:poker|medium:jackpot|medium:wager|medium:betting|structural:responsible gambling|structural:age verification,2026-08-09T15:00:05Z
https://casino-world.bet,casino-world.bet,0.95,strong:deposit bonus|strong:free spins|strong:curaçao egaming|medium:casino|medium:slots,2026-08-09T15:00:07Z
https://casino-woo.bet,casino-woo.bet,1.0,strong:deposit bonus|strong:free spins|strong:live dealer|strong:curacao egaming|medium:casino|medium:slots|medium:jackpot|medium:wager|structural:responsible gambling|structural:age verification,2026-08-09T15:00:09Z
https://casino-zer.bet,casino-zer.bet,1.0,strong:deposit bonus|strong:free spins|strong:live dealer|strong:curaçao egaming|medium:casino|medium:slots|medium:jackpot|medium:wager|medium:betting|structural:18+|structural:age verification,2026-08-09T15:00:09Z
https://casino-world.bet,casino-world.bet,0.95,strong:deposit bonus|strong:free spins|strong:curaçao egaming|medium:casino|medium:slots,2026-08-09T15:00:09Z
https://casino7bit.bet,casino7bit.bet,1.0,strong:deposit bonus|strong:free spins|strong:live dealer|strong:play now|strong:cashier|medium:casino|medium:slots|medium:poker|medium:sportsbook|medium:jackpot|medium:wager|medium:betting|structural:18+|structural:responsible gambling,2026-08-09T15:00:33Z
https://casinoamunra.bet,casinoamunra.bet,1.0,strong:free spins|strong:live dealer|medium:casino|medium:slots|medium:poker|medium:jackpot|medium:wager|structural:18+,2026-08-09T15:00:35Z
https://casinoany.bet,casinoany.bet,0.75,strong:ukgc|strong:curacao egaming|medium:casino|structural:18+,2026-08-09T15:00:37Z
https://casinobethub.bet,casinobethub.bet,1.0,strong:free spins|strong:live dealer|medium:casino|medium:slots|medium:poker|medium:jackpot|medium:wager,2026-08-09T15:00:40Z
https://casinoboo.bet,casinoboo.bet,1.0,strong:free spins|strong:mga/|medium:casino|medium:slots|medium:poker|medium:jackpot|structural:18+,2026-08-09T15:00:45Z
https://casinoboo.bet,casinoboo.bet,1.0,strong:free spins|strong:mga/|medium:casino|medium:slots|medium:poker|medium:jackpot|structural:18+,2026-08-09T15:00:46Z
https://casinocastle.bet,casinocastle.bet,1.0,strong:deposit bonus|strong:free spins|strong:curacao egaming|medium:casino|medium:slots|medium:poker|medium:jackpot|medium:wager|structural:responsible gambling,2026-08-09T15:00:48Z
https://casinochan.bet,casinochan.bet,1.0,strong:free spins|strong:live dealer|medium:casino|medium:slots|medium:poker|medium:jackpot|medium:wager,2026-08-09T15:00:51Z
https://casinoclick.bet,casinoclick.bet,1.0,strong:deposit bonus|strong:free spins|strong:play now|strong:cashier|strong:curacao egaming|medium:casino|medium:slots|medium:jackpot|medium:wager|structural:18+,2026-08-09T15:00:53Z
https://casinoconcord.bet,casinoconcord.bet,1.0,strong:deposit bonus|strong:free spins|strong:live dealer|medium:casino|medium:slots|medium:poker|medium:jackpot|medium:wager|structural:18+|structural:responsible gambling|negative:written by,2026-08-09T15:00:57Z
https://casinoconcord.bet,casinoconcord.bet,1.0,strong:deposit bonus|strong:free spins|strong:live dealer|medium:casino|medium:slots|medium:poker|medium:jackpot|medium:wager|structural:18+|structural:responsible gambling|negative:written by,2026-08-09T15:00:57Z
https://casinochan.bet,casinochan.bet,1.0,strong:free spins|strong:live dealer|medium:casino|medium:slots|medium:poker|medium:jackpot|medium:wager,2026-08-09T15:00:57Z
https://casinodaddy.bet,casinodaddy.bet,1.0,strong:deposit bonus|strong:free spins|strong:live dealer|strong:claim bonus|strong:play now|strong:cashier|strong:curaçao egaming|medium:casino|medium:slots|medium:jackpot|medium:wager|medium:betting|structural:18+|structural:responsible gambling,2026-08-09T15:00:58Z
https://casinocruise.bet,casinocruise.bet,1.0,strong:deposit bonus|strong:free spins|strong:play now|strong:cashier|strong:mga/|strong:ukgc|medium:casino|medium:slots|medium:poker|medium:jackpot|medium:wager|medium:betting|structural:18+|structural:responsible gambling,2026-08-09T15:00:58Z
https://casinodaddy.bet,casinodaddy.bet,1.0,strong:deposit bonus|strong:free spins|strong:live dealer|strong:claim bonus|strong:curaçao egaming|medium:casino|medium:slots|structural:responsible gambling,2026-08-09T15:01:01Z
https://casinoclick.bet,casinoclick.bet,1.0,strong:deposit bonus|strong:free spins|strong:play now|strong:cashier|strong:curacao egaming|medium:casino|medium:slots|medium:jackpot|medium:wager|structural:18+,2026-08-09T15:01:06Z
https://casinodrake.bet,casinodrake.bet,1.0,strong:deposit bonus|strong:free spins|strong:sign up now|strong:curacao egaming|medium:casino|medium:slots,2026-08-09T15:01:08Z
https://casinodubai.bet,casinodubai.bet,1.0,strong:deposit bonus|strong:free spins|strong:live dealer|strong:play now|medium:casino|medium:slots|medium:poker|medium:jackpot|medium:wager|medium:betting|negative:how to play,2026-08-09T15:01:09Z
https://casinodrake.bet,casinodrake.bet,1.0,strong:deposit bonus|strong:free spins|strong:live dealer|strong:sign up now|strong:claim bonus|strong:curacao egaming|medium:casino|medium:slots|medium:poker|medium:jackpot|medium:wager|structural:responsible gambling,2026-08-09T15:01:09Z
https://casinoestorilonline.bet,casinoestorilonline.bet,1.0,strong:deposit bonus|strong:free spins|medium:casino|medium:slots|medium:poker|medium:jackpot|medium:wager|structural:18+,2026-08-09T15:01:17Z
https://casinoestorilonline.bet,casinoestorilonline.bet,1.0,strong:deposit bonus|strong:free spins|medium:casino|medium:slots|medium:poker|medium:jackpot|medium:wager,2026-08-09T15:01:17Z
https://casinoestrella.bet,casinoestrella.bet,1.0,strong:deposit bonus|strong:free spins|strong:live dealer|medium:casino|medium:slots|medium:sportsbook|medium:jackpot|medium:betting|structural:responsible gambling,2026-08-09T15:01:19Z
https://casinoestrella.bet,casinoestrella.bet,1.0,strong:deposit bonus|strong:free spins|strong:live dealer|medium:casino|medium:slots|medium:sportsbook|medium:jackpot|medium:wager|medium:betting|structural:responsible gambling,2026-08-09T15:01:19Z
https://casinoeuropa.bet,casinoeuropa.bet,0.95,strong:deposit bonus|strong:free spins|strong:mga/|medium:casino|medium:slots,2026-08-09T15:01:19Z
https://casinoeuropa.bet,casinoeuropa.bet,1.0,strong:deposit bonus|strong:free spins|strong:live dealer|strong:play now|strong:cashier|strong:mga/|medium:casino|medium:slots|medium:poker|medium:jackpot|medium:wager,2026-08-09T15:01:21Z
https://casinofairgo.bet,casinofairgo.bet,0.95,strong:deposit bonus|strong:free spins|strong:curaçao egaming|medium:casino|medium:slots,2026-08-09T15:01:23Z
https://casinofest.bet,casinofest.bet,1.0,strong:deposit bonus|strong:free spins|strong:live dealer|strong:play now|strong:curacao egaming|medium:casino|medium:slots|medium:jackpot|medium:wager,2026-08-09T15:01:25Z
https://casinofairgo.bet,casinofairgo.bet,1.0,strong:deposit bonus|strong:free spins|strong:cashier|strong:curaçao egaming|medium:casino|medium:slots|medium:poker|medium:wager|structural:responsible gambling,2026-08-09T15:01:27Z
https://casinofriday-canada.bet,casinofriday-canada.bet,1.0,strong:deposit bonus|strong:free spins|strong:live dealer|strong:play now|strong:cashier|medium:casino|medium:slots|medium:jackpot|medium:wager|medium:betting|structural:18+,2026-08-09T15:01:29Z
https://casinofriday-canada.bet,casinofriday-canada.bet,1.0,strong:deposit bonus|strong:free spins|strong:live dealer|medium:casino|medium:slots|medium:jackpot|medium:wager,2026-08-09T15:01:29Z
https://casinogcash.bet,casinogcash.bet,0.9,strong:live dealer|strong:register now|medium:casino|medium:slots|medium:sportsbook|medium:betting,2026-08-09T15:01:35Z
https://casinogcash.bet,casinogcash.bet,0.9,strong:live dealer|strong:register now|medium:casino|medium:slots|medium:sportsbook|medium:betting,2026-08-09T15:01:35Z
https://casinogames.bet,casinogames.bet,1.0,strong:deposit bonus|strong:free spins|strong:play now|medium:casino|medium:slots|medium:poker|medium:jackpot|medium:betting|structural:18+,2026-08-09T15:01:35Z
https://casinogames.bet,casinogames.bet,1.0,strong:deposit bonus|strong:free spins|strong:play now|medium:casino|medium:slots|medium:poker|medium:jackpot|medium:betting|structural:18+,2026-08-09T15:01:35Z
https://casinogods.bet,casinogods.bet,1.0,strong:deposit bonus|strong:free spins|strong:live dealer|strong:play now|strong:mga/|medium:casino|medium:slots|medium:jackpot|medium:wager|structural:responsible gambling,2026-08-09T15:01:40Z
https://casinogrounds.bet,casinogrounds.bet,1.0,strong:deposit bonus|strong:free spins|strong:live dealer|strong:claim bonus|strong:play now|medium:casino|medium:slots|medium:wager|structural:responsible gambling,2026-08-09T15:01:41Z
https://casinogods.bet,casinogods.bet,1.0,strong:deposit bonus|strong:free spins|strong:live dealer|strong:play now|strong:mga/|medium:casino|medium:slots|medium:jackpot|medium:wager|structural:responsible gambling,2026-08-09T15:01:41Z
https://casinoheroes.bet,casinoheroes.bet,0.8,strong:free spins|strong:mga/|medium:casino|medium:slots|medium:jackpot,2026-08-09T15:01:45Z
https://casinoinfinity-au.bet,casinoinfinity-au.bet,1.0,strong:free spins|strong:cashier|strong:curaçao egaming|medium:casino|medium:slots|medium:poker|medium:jackpot|medium:wager|medium:betting,2026-08-09T15:01:51Z
https://casinoinstant.bet,casinoinstant.bet,1.0,strong:deposit bonus|strong:free spins|strong:live dealer|strong:register now|strong:play now|medium:casino|medium:slots|medium:jackpot|medium:wager,2026-08-09T15:01:52Z
https://casinointense.bet,casinointense.bet,0.95,strong:deposit bonus|strong:free spins|strong:curaçao egaming|medium:casino|medium:slots,2026-08-09T15:01:52Z
https://casinoinstant.bet,casinoinstant.bet,1.0,strong:deposit bonus|strong:free spins|strong:live dealer|strong:register now|strong:play now|medium:casino|medium:slots|medium:jackpot|medium:wager|structural:responsible gambling,2026-08-09T15:01:52Z
https://casinoin.bet,casinoin.bet,0.9,strong:free spins|strong:curaçao egaming|medium:casino|medium:slots|medium:sportsbook|medium:jackpot,2026-08-09T15:01:52Z
https://casinojax.bet,casinojax.bet,1.0,strong:deposit bonus|strong:free spins|strong:live dealer|strong:register now|strong:play now|strong:curacao egaming|medium:casino|medium:slots|medium:jackpot|medium:wager,2026-08-09T15:01:56Z
https://casinojax.bet,casinojax.bet,1.0,strong:deposit bonus|strong:free spins|strong:live dealer|strong:register now|strong:play now|strong:curacao egaming|medium:casino|medium:slots|medium:jackpot|medium:wager|medium:betting|structural:18+|structural:responsible gambling,2026-08-09T15:01:57Z
https://casinojefe.bet,casinojefe.bet,1.0,strong:free spins|strong:live dealer|strong:mga/|medium:casino|medium:slots|medium:jackpot,2026-08-09T15:01:58Z
https://casinojazz.bet,casinojazz.bet,1.0,strong:deposit bonus|strong:free spins|strong:live dealer|strong:cashier|strong:ukgc|medium:casino|medium:slots|medium:poker|medium:sportsbook|medium:jackpot|medium:wager|medium:betting|structural:responsible gambling|negative:app store,2026-08-09T15:01:59Z
https://casinokaramba.bet,casinokaramba.bet,0.95,strong:free spins|strong:mga/|medium:casino|medium:slots|medium:jackpot|structural:18+,2026-08-09T15:02:04Z
https://casinolyipl.bet,casinolyipl.bet,0.75,strong:claim bonus|strong:ukgc|medium:casino|structural:18+,2026-08-09T15:02:19Z
https://casinolyipl.bet,casinolyipl.bet,0.75,strong:claim bonus|strong:ukgc|medium:casino|structural:18+,2026-08-09T15:02:19Z
https://casinolukki.bet,casinolukki.bet,1.0,strong:deposit bonus|strong:free spins|strong:live dealer|strong:play now|strong:cashier|medium:casino|medium:slots|medium:poker|medium:jackpot|medium:wager|medium:betting|structural:18+|structural:responsible gambling,2026-08-09T15:02:19Z
https://casinolukki.bet,casinolukki.bet,1.0,strong:deposit bonus|strong:free spins|strong:live dealer|strong:play now|strong:cashier|medium:casino|medium:slots|medium:poker|medium:jackpot|medium:wager|medium:betting|structural:18+|structural:responsible gambling,2026-08-09T15:02:19Z
https://casinomafia.bet,casinomafia.bet,1.0,strong:deposit bonus|strong:free spins|strong:cashier|medium:casino|medium:slots|medium:sportsbook,2026-08-09T15:02:21Z
https://casinomate.bet,casinomate.bet,1.0,strong:deposit bonus|strong:free spins|strong:live dealer|medium:casino|medium:slots|medium:poker|medium:jackpot|medium:wager|medium:betting|structural:responsible gambling,2026-08-09T15:02:24Z
https://casinomate.bet,casinomate.bet,1.0,strong:deposit bonus|strong:free spins|strong:live dealer|medium:casino|medium:slots|medium:poker|medium:jackpot|medium:wager|medium:betting|structural:responsible gambling,2026-08-09T15:02:24Z
https://casinomega.bet,casinomega.bet,1.0,strong:deposit bonus|strong:free spins|strong:live dealer|strong:claim bonus|strong:play now|strong:cashier|medium:casino|medium:slots|medium:poker|medium:sportsbook|medium:jackpot|medium:wager|medium:betting|structural:18+|structural:responsible gambling,2026-08-09T15:02:25Z
https://casinomega.bet,casinomega.bet,1.0,strong:deposit bonus|strong:free spins|strong:live dealer|strong:claim bonus|strong:play now|strong:cashier|medium:casino|medium:slots|medium:sportsbook|medium:jackpot|medium:wager|medium:betting|structural:responsible gambling,2026-08-09T15:02:25Z
https://casinomegapari.bet,casinomegapari.bet,1.0,strong:deposit bonus|strong:free spins|strong:live dealer|strong:cashier|medium:casino|medium:slots|medium:sportsbook|medium:betting|structural:responsible gambling,2026-08-09T15:02:27Z
https://casinomegapari.bet,casinomegapari.bet,0.8,strong:deposit bonus|strong:free spins|medium:casino|medium:slots|medium:betting,2026-08-09T15:02:28Z
https://casinomr.bet,casinomr.bet,1.0,strong:deposit bonus|strong:free spins|strong:live dealer|strong:claim bonus|strong:cashier|strong:curaçao egaming|medium:casino|medium:slots|medium:poker|medium:sportsbook|medium:jackpot|medium:wager|medium:betting|structural:18+,2026-08-09T15:02:34Z
https://casinomoons.bet,casinomoons.bet,0.95,strong:free spins|strong:play now|medium:casino|medium:slots|medium:poker|structural:responsible gambling,2026-08-09T15:02:35Z
https://casinomoons.bet,casinomoons.bet,0.95,strong:free spins|strong:play now|medium:casino|medium:slots|medium:poker|structural:responsible gambling,2026-08-09T15:02:36Z
https://casinomoons.bet,casinomoons.bet,0.95,strong:free spins|strong:play now|medium:casino|medium:slots|medium:poker|structural:responsible gambling,2026-08-09T15:02:36Z
https://casinonational.bet,casinonational.bet,0.95,strong:deposit bonus|strong:free spins|strong:sign up now|medium:casino|medium:slots,2026-08-09T15:02:40Z
https://casinonational.bet,casinonational.bet,0.95,strong:deposit bonus|strong:free spins|strong:sign up now|medium:casino|medium:slots,2026-08-09T15:02:40Z
https://casinoniccasino.bet,casinoniccasino.bet,1.0,strong:deposit bonus|strong:free spins|strong:live dealer|strong:sign up now|strong:play now|strong:curacao egaming|medium:casino|medium:slots|medium:jackpot|medium:wager|medium:betting|structural:18+,2026-08-09T15:02:41Z
https://casinoniccasino.bet,casinoniccasino.bet,0.95,strong:deposit bonus|strong:free spins|strong:sign up now|medium:casino|medium:slots,2026-08-09T15:02:41Z
https://casinoofgold.bet,casinoofgold.bet,0.8,strong:cashier|strong:curacao egaming|medium:casino|medium:slots|medium:jackpot,2026-08-09T15:02:45Z
https://casinoone.bet,casinoone.bet,1.0,strong:deposit bonus|strong:free spins|strong:live dealer|strong:play now|strong:mga/|medium:casino|medium:slots|medium:poker|medium:jackpot|medium:wager|medium:betting|structural:18+|structural:responsible gambling,2026-08-09T15:02:47Z
https://casinoone.bet,casinoone.bet,0.95,strong:deposit bonus|strong:free spins|strong:mga/|medium:casino|medium:slots,2026-08-09T15:02:48Z
https://casinopelican.bet,casinopelican.bet,1.0,strong:deposit bonus|strong:free spins|strong:live dealer|strong:cashier|strong:curacao egaming|medium:casino|medium:slots|medium:sportsbook|medium:jackpot|medium:betting|structural:responsible gambling|structural:age verification,2026-08-09T15:02:59Z
https://casinopelican.bet,casinopelican.bet,1.0,strong:deposit bonus|strong:free spins|strong:live dealer|strong:play now|strong:cashier|strong:curacao egaming|medium:casino|medium:slots|medium:poker|medium:sportsbook|medium:jackpot|medium:wager|medium:betting|structural:18+|structural:responsible gambling|structural:age verification,2026-08-09T15:03:00Z
https://casinoquatro.bet,casinoquatro.bet,1.0,strong:deposit bonus|strong:free spins|strong:sign up now|strong:mga/|medium:casino|medium:slots,2026-08-09T15:03:10Z
https://casinoquatro.bet,casinoquatro.bet,1.0,strong:deposit bonus|strong:free spins|strong:live dealer|strong:sign up now|strong:mga/|medium:casino|medium:slots|medium:jackpot|structural:responsible gambling|structural:age verification,2026-08-09T15:03:13Z
https://casinoripper.bet,casinoripper.bet,1.0,strong:deposit bonus|strong:free spins|strong:live dealer|strong:cashier|strong:curaçao egaming|medium:casino|medium:slots|medium:wager|structural:18+|structural:responsible gambling,2026-08-09T15:03:17Z
https://casinoripper.bet,casinoripper.bet,1.0,strong:deposit bonus|strong:free spins|strong:live dealer|strong:cashier|strong:curaçao egaming|medium:casino|medium:slots|medium:wager|structural:18+|structural:responsible gambling,2026-08-09T15:03:18Z
https://casinoroom.bet,casinoroom.bet,0.9,strong:free spins|strong:mga/|medium:casino|medium:slots|medium:jackpot|medium:wager,2026-08-09T15:03:18Z
https://casinos-lab.bet,casinos-lab.bet,1.0,strong:deposit bonus|strong:free spins|strong:live dealer|strong:cashier|medium:casino|medium:slots|medium:poker|medium:sportsbook|medium:jackpot|medium:wager|medium:betting|structural:18+|structural:responsible gambling|negative:app store|negative:google play,2026-08-09T15:03:23Z
https://casinoscrypto.bet,casinoscrypto.bet,1.0,strong:free spins|strong:claim bonus|strong:play now|medium:casino|structural:18+|structural:responsible gambling,2026-08-09T15:03:30Z
https://casinoseven.bet,casinoseven.bet,1.0,strong:deposit bonus|strong:free spins|strong:live dealer|medium:casino|medium:slots|medium:poker|medium:jackpot|medium:wager|medium:betting,2026-08-09T15:03:32Z
https://casinoshuffle.bet,casinoshuffle.bet,0.8,strong:deposit bonus|strong:free spins|medium:casino|medium:slots|medium:betting,2026-08-09T15:03:36Z
https://casinoshuffle.bet,casinoshuffle.bet,1.0,strong:deposit bonus|strong:free spins|strong:live dealer|strong:play now|strong:cashier|medium:casino|medium:slots|medium:sportsbook|medium:jackpot|medium:wager|medium:betting|structural:responsible gambling,2026-08-09T15:03:36Z
https://casinostugan.bet,casinostugan.bet,0.95,strong:deposit bonus|strong:free spins|medium:casino|medium:slots|medium:jackpot|structural:18+,2026-08-09T15:03:53Z
https://casinostugan.bet,casinostugan.bet,0.95,strong:deposit bonus|strong:free spins|medium:casino|medium:slots|medium:jackpot|structural:18+,2026-08-09T15:03:53Z
https://casinotg.bet,casinotg.bet,1.0,strong:deposit bonus|strong:free spins|medium:casino|medium:slots|medium:poker|medium:jackpot|structural:18+,2026-08-09T15:03:55Z
https://casinounique.bet,casinounique.bet,1.0,strong:deposit bonus|strong:free spins|strong:live dealer|strong:play now|medium:casino|medium:slots|structural:18+|structural:responsible gambling,2026-08-09T15:04:04Z
https://casinovacasino.bet,casinovacasino.bet,0.95,strong:deposit bonus|strong:free spins|strong:register now|medium:casino|medium:slots,2026-08-09T15:04:08Z
https://casinovacasino.bet,casinovacasino.bet,1.0,strong:deposit bonus|strong:free spins|strong:register now|strong:claim bonus|strong:curacao egaming|medium:casino|medium:slots|medium:wager|structural:responsible gambling,2026-08-09T15:04:09Z
https://casinowildz.bet,casinowildz.bet,1.0,strong:deposit bonus|strong:free spins|medium:casino|medium:slots|medium:jackpot|medium:wager|structural:responsible gambling|structural:age verification,2026-08-09T15:04:20Z
https://casinowinner.bet,casinowinner.bet,1.0,strong:deposit bonus|strong:free spins|strong:play now|medium:casino|medium:slots|medium:sportsbook|medium:betting,2026-08-09T15:04:21Z
https://casinowolinak.bet,casinowolinak.bet,0.8,strong:deposit bonus|strong:free spins|medium:casino|medium:slots|medium:betting,2026-08-09T15:04:22Z
https://casinowolinak.bet,casinowolinak.bet,1.0,strong:deposit bonus|strong:free spins|strong:live dealer|strong:play now|strong:cashier|medium:casino|medium:slots|medium:poker|medium:sportsbook|medium:wager|medium:betting|structural:responsible gambling,2026-08-09T15:04:23Z
https://casinoyabby.bet,casinoyabby.bet,1.0,strong:deposit bonus|strong:free spins|strong:claim bonus|medium:casino|medium:slots|medium:jackpot,2026-08-09T15:04:23Z
https://casinowinner.bet,casinowinner.bet,1.0,strong:deposit bonus|strong:free spins|strong:play now|strong:cashier|strong:mga/|medium:casino|medium:slots|medium:poker|medium:sportsbook|medium:jackpot|medium:wager|medium:betting,2026-08-09T15:04:26Z
https://casinozonder-cruks.bet,casinozonder-cruks.bet,1.0,strong:deposit bonus|strong:free spins|strong:curaçao egaming|medium:casino|medium:slots|medium:jackpot|structural:18+,2026-08-09T15:04:26Z
https://casinozondercruks-snelle-uitbetaling.bet,casinozondercruks-snelle-uitbetaling.bet,0.9,strong:free spins|strong:claim bonus|medium:casino|medium:slots|medium:jackpot|medium:wager,2026-08-09T15:04:27Z
https://casinozonder-cruks.bet,casinozonder-cruks.bet,1.0,strong:deposit bonus|strong:free spins|strong:curaçao egaming|medium:casino|medium:slots|medium:jackpot|structural:18+,2026-08-09T15:04:28Z
https://casinycasino-au.bet,casinycasino-au.bet,1.0,strong:free spins|strong:live dealer|strong:register now|strong:claim bonus|medium:casino|medium:slots|medium:jackpot|medium:wager|structural:responsible gambling,2026-08-09T15:04:33Z
https://casiplaycasino.bet,casiplaycasino.bet,0.95,strong:deposit bonus|strong:free spins|strong:mga/|medium:casino|medium:slots,2026-08-09T15:04:35Z
https://casiplaycasino.bet,casiplaycasino.bet,0.95,strong:deposit bonus|strong:free spins|strong:mga/|medium:casino|medium:slots,2026-08-09T15:04:35Z
https://casiqocasino.bet,casiqocasino.bet,1.0,strong:deposit bonus|strong:free spins|strong:live dealer|strong:register now|strong:claim bonus|strong:play now|strong:mga/|medium:casino|medium:slots|medium:jackpot|medium:wager|medium:betting|structural:18+|structural:responsible gambling,2026-08-09T15:04:36Z
https://casipot.bet,casipot.bet,1.0,strong:free spins|strong:ukgc|strong:curacao egaming|medium:casino|medium:poker|medium:jackpot,2026-08-09T15:04:37Z
https://casitsucasino.bet,casitsucasino.bet,0.9,strong:free spins|strong:live dealer|medium:casino|medium:sportsbook|medium:jackpot|medium:betting,2026-08-09T15:04:40Z
https://casitsucasino.bet,casitsucasino.bet,0.9,strong:free spins|strong:live dealer|medium:casino|medium:sportsbook|medium:jackpot|medium:betting,2026-08-09T15:04:41Z
https://casiyoucasino.bet,casiyoucasino.bet,1.0,strong:deposit bonus|strong:free spins|strong:play now|strong:cashier|medium:casino|medium:slots|medium:sportsbook|medium:jackpot|medium:wager|medium:betting|structural:responsible gambling,2026-08-09T15:04:41Z
https://casmiro.bet,casmiro.bet,1.0,strong:deposit bonus|strong:free spins|strong:cashier|medium:casino|medium:slots|medium:jackpot|medium:wager|structural:18+,2026-08-09T15:04:44Z
https://casombie.bet,casombie.bet,1.0,strong:deposit bonus|strong:free spins|strong:live dealer|strong:claim bonus|strong:play now|strong:cashier|medium:casino|medium:slots|medium:sportsbook|medium:jackpot|medium:wager|medium:betting|structural:18+|structural:responsible gambling,2026-08-09T15:04:44Z
https://casombie.bet,casombie.bet,1.0,strong:deposit bonus|strong:free spins|strong:live dealer|strong:claim bonus|strong:play now|strong:cashier|medium:casino|medium:slots|medium:sportsbook|medium:jackpot|medium:wager|medium:betting|structural:18+|structural:responsible gambling,2026-08-09T15:04:44Z
https://casoocasino.bet,casoocasino.bet,1.0,strong:deposit bonus|strong:free spins|strong:live dealer|strong:cashier|strong:curaçao egaming|medium:casino|medium:slots|medium:betting|structural:responsible gambling,2026-08-09T15:04:45Z
https://casoocasino.bet,casoocasino.bet,1.0,strong:deposit bonus|strong:free spins|strong:live dealer|strong:play now|strong:cashier|strong:curaçao egaming|medium:casino|medium:slots|medium:poker|medium:jackpot|medium:wager|medium:betting|structural:18+|structural:responsible gambling,2026-08-09T15:04:45Z
https://casoolacasino.bet,casoolacasino.bet,1.0,strong:deposit bonus|strong:free spins|strong:live dealer|strong:play now|strong:cashier|strong:mga/|medium:casino|medium:slots|medium:poker|medium:jackpot|medium:wager|medium:betting|structural:18+|structural:responsible gambling,2026-08-09T15:04:45Z
https://casoolacasino.bet,casoolacasino.bet,1.0,strong:deposit bonus|strong:free spins|strong:live dealer|strong:play now|strong:cashier|strong:mga/|medium:casino|medium:slots|medium:poker|medium:jackpot|medium:wager|structural:responsible gambling,2026-08-09T15:04:48Z
https://casualspin.bet,casualspin.bet,0.95,strong:free spins|strong:live dealer|medium:casino|medium:slots|medium:poker|medium:sportsbook|medium:wager|medium:betting|structural:18+|negative:app store|negative:google play,2026-08-09T15:05:22Z
https://casuno.bet,casuno.bet,0.9,strong:live dealer|strong:register now|medium:casino|medium:slots|medium:wager|medium:betting,2026-08-09T15:05:25Z
https://caswinocasino-au.bet,caswinocasino-au.bet,1.0,strong:deposit bonus|strong:free spins|strong:live dealer|strong:curaçao egaming|medium:casino|medium:slots|medium:poker|medium:jackpot|medium:wager,2026-08-09T15:05:28Z
https://caswinocasino-au.bet,caswinocasino-au.bet,1.0,strong:deposit bonus|strong:free spins|strong:live dealer|strong:curaçao egaming|medium:casino|medium:slots|medium:poker|medium:jackpot|medium:wager,2026-08-09T15:05:28Z
https://caxinocasino.bet,caxinocasino.bet,1.0,strong:deposit bonus|strong:free spins|strong:claim bonus|strong:cashier|strong:mga/|medium:casino|medium:slots|medium:sportsbook|medium:jackpot|medium:wager|structural:responsible gambling,2026-08-09T15:06:16Z
https://caxinocasino.bet,caxinocasino.bet,0.95,strong:deposit bonus|strong:free spins|strong:mga/|medium:casino|medium:slots,2026-08-09T15:06:17Z
https://cazeuscasino.bet,cazeuscasino.bet,1.0,strong:deposit bonus|strong:free spins|strong:claim bonus|medium:casino|medium:slots|medium:jackpot|medium:wager|structural:18+,2026-08-09T15:06:23Z
https://cazeuscasino.bet,cazeuscasino.bet,1.0,strong:deposit bonus|strong:free spins|strong:claim bonus|medium:casino|medium:slots|medium:jackpot|medium:wager|structural:18+,2026-08-09T15:06:23Z
https://cazeuscasino.bet,cazeuscasino.bet,1.0,strong:deposit bonus|strong:free spins|strong:claim bonus|medium:casino|medium:slots|medium:jackpot|medium:wager|structural:18+,2026-08-09T15:06:23Z
https://cazimbocasino.bet,cazimbocasino.bet,1.0,strong:deposit bonus|strong:free spins|strong:live dealer|medium:casino|medium:slots|medium:sportsbook|medium:wager|medium:betting|structural:responsible gambling,2026-08-09T15:06:27Z
https://cazimbocasino.bet,cazimbocasino.bet,0.9,strong:deposit bonus|strong:free spins|medium:casino|medium:slots|medium:sportsbook|medium:betting,2026-08-09T15:06:27Z
https://cazzino-slots.bet,cazzino-slots.bet,1.0,strong:deposit bonus|strong:free spins|strong:live dealer|strong:claim bonus|strong:play now|medium:casino|medium:slots|medium:wager|structural:18+,2026-08-09T15:06:40Z
https://cazzino-slots.bet,cazzino-slots.bet,0.85,strong:live dealer|strong:play now|medium:casino|medium:slots|structural:18+,2026-08-09T15:06:40Z
https://cb333b.bet,cb333b.bet,1.0,strong:place a bet|strong:live dealer|strong:play now|medium:casino|medium:slots|medium:poker|medium:sportsbook|medium:jackpot|medium:wager|medium:betting,2026-08-09T15:06:47Z
https://cb333b.bet,cb333b.bet,1.0,strong:place a bet|strong:live dealer|strong:play now|medium:casino|medium:slots|medium:poker|medium:sportsbook|medium:jackpot|medium:wager|medium:betting,2026-08-09T15:06:47Z
https://cbajilogin.bet,cbajilogin.bet,1.0,strong:live dealer|strong:register now|medium:casino|medium:slots|medium:sportsbook|medium:wager|medium:betting,2026-08-09T15:06:59Z
https://cbajilogin.bet,cbajilogin.bet,1.0,strong:live dealer|strong:register now|medium:casino|medium:slots|medium:sportsbook|medium:wager|medium:betting,2026-08-09T15:07:00Z
https://cbetcasino.bet,cbetcasino.bet,1.0,strong:free spins|strong:live dealer|medium:casino|medium:slots|medium:jackpot|medium:wager|structural:18+,2026-08-09T15:07:07Z
https://cbetcasino.bet,cbetcasino.bet,1.0,strong:free spins|strong:live dealer|medium:casino|medium:slots|medium:jackpot|medium:wager|structural:18+,2026-08-09T15:07:09Z
https://cc444.bet,cc444.bet,1.0,strong:deposit bonus|strong:live dealer|strong:register now|strong:play now|medium:casino|medium:jackpot|medium:betting|structural:18+|structural:age verification,2026-08-09T15:07:21Z
https://cd66.bet,cd66.bet,1.0,strong:deposit bonus|strong:free spins|strong:register now|strong:play now|medium:casino|medium:sportsbook|medium:betting|structural:18+,2026-08-09T15:08:24Z
https://cek333.bet,cek333.bet,0.8,strong:deposit bonus|strong:claim bonus|medium:casino|medium:slots|medium:betting,2026-08-09T15:08:47Z
https://celsiuscasino.bet,celsiuscasino.bet,1.0,strong:deposit bonus|strong:free spins|strong:live dealer|strong:play now|strong:cashier|medium:casino|medium:slots|medium:sportsbook|medium:jackpot|medium:wager|medium:betting|structural:responsible gambling,2026-08-09T15:08:49Z
https://ceobd9.bet,ceobd9.bet,1.0,strong:free spins|strong:live dealer|strong:play now|medium:casino|medium:slots|medium:poker|medium:jackpot|medium:wager|medium:betting|structural:18+,2026-08-09T15:09:23Z
https://cg44.bet,cg44.bet,1.0,strong:deposit bonus|strong:free spins|strong:live dealer|medium:casino|medium:slots|medium:jackpot|medium:wager|medium:betting|structural:18+,2026-08-09T15:10:49Z
https://cgk222.bet,cgk222.bet,1.0,strong:deposit bonus|strong:free spins|strong:live dealer|strong:play now|medium:casino|medium:slots|medium:poker|medium:jackpot|medium:wager|medium:betting|structural:age verification,2026-08-09T15:10:53Z
https://cgk222.bet,cgk222.bet,1.0,strong:deposit bonus|strong:free spins|strong:live dealer|strong:play now|medium:casino|medium:slots|medium:poker|medium:jackpot|medium:wager|medium:betting,2026-08-09T15:10:53Z
https://challengecasino.bet,challengecasino.bet,1.0,strong:deposit bonus|strong:free spins|strong:withdraw winnings|strong:register now|strong:claim bonus|strong:play now|strong:cashier|medium:casino|medium:slots|medium:poker|medium:jackpot|medium:wager|medium:betting|structural:18+|structural:responsible gambling,2026-08-09T15:11:19Z
https://challengecasino.bet,challengecasino.bet,0.95,strong:deposit bonus|strong:free spins|strong:register now|medium:casino|medium:slots,2026-08-09T15:11:19Z
https://chancedcasino.bet,chancedcasino.bet,1.0,strong:deposit bonus|strong:free spins|strong:live dealer|strong:play now|strong:cashier|strong:curacao egaming|medium:casino|medium:slots|medium:jackpot|medium:wager|medium:betting|structural:18+|structural:age verification,2026-08-09T15:12:10Z
https://chanz-casino.bet,chanz-casino.bet,0.8,strong:deposit bonus|strong:free spins|medium:casino|medium:slots|medium:jackpot,2026-08-09T15:12:39Z
https://cherry-casino.bet,cherry-casino.bet,1.0,strong:deposit bonus|strong:free spins|strong:live dealer|strong:mga/|medium:casino|medium:slots|medium:jackpot|medium:wager|structural:responsible gambling,2026-08-09T15:13:40Z
https://cherry-casino.bet,cherry-casino.bet,0.85,strong:live dealer|strong:mga/|medium:casino|medium:slots|structural:responsible gambling,2026-08-09T15:13:41Z
https://cherrygold-casino.bet,cherrygold-casino.bet,1.0,strong:deposit bonus|strong:free spins|strong:live dealer|strong:withdraw winnings|strong:cashier|medium:casino|medium:slots|medium:jackpot|medium:wager|medium:betting|structural:18+,2026-08-09T15:13:41Z
https://chipy-casino.bet,chipy-casino.bet,1.0,strong:deposit bonus|strong:free spins|strong:live dealer|strong:withdraw winnings|strong:claim bonus|strong:cashier|strong:curacao egaming|medium:casino|medium:slots|medium:poker|medium:jackpot|medium:wager|medium:betting|structural:18+|structural:responsible gambling,2026-08-09T15:15:06Z
https://chipzcasino.bet,chipzcasino.bet,1.0,strong:free spins|strong:mga/|medium:casino|medium:slots|medium:jackpot|medium:wager|structural:18+,2026-08-09T15:15:08Z
https://chipy-casino.bet,chipy-casino.bet,0.95,strong:deposit bonus|strong:free spins|strong:curacao egaming|medium:casino|medium:slots,2026-08-09T15:15:10Z
https://ci99.bet,ci99.bet,1.0,strong:deposit bonus|strong:free spins|strong:live dealer|medium:casino|medium:slots|medium:poker|medium:sportsbook|medium:wager|medium:betting|structural:18+|structural:responsible gambling|structural:age verification,2026-08-09T15:16:06Z
https://cina777.bet,cina777.bet,0.8,strong:cashier|strong:bet slip|medium:casino|medium:slots|medium:sportsbook,2026-08-09T15:16:14Z
https://cinahoki.bet,cinahoki.bet,0.8,strong:live dealer|strong:bet slip|medium:casino|medium:slots|medium:sportsbook,2026-08-09T15:16:15Z
https://cinta69.bet,cinta69.bet,0.8,strong:live dealer|strong:cashier|medium:casino|medium:slots|medium:sportsbook,2026-08-09T15:16:28Z
https://cinta.bet,cinta.bet,0.9,strong:free spins|strong:live dealer|medium:casino|medium:slots|medium:sportsbook|medium:betting,2026-08-09T15:16:30Z
https://ck1991.bet,ck1991.bet,1.0,strong:live dealer|strong:play now|medium:casino|medium:slots|medium:poker|medium:jackpot|medium:wager|medium:betting,2026-08-09T15:18:00Z
https://ck222login.bet,ck222login.bet,0.9,strong:live dealer|strong:register now|medium:casino|medium:sportsbook|medium:jackpot|medium:betting,2026-08-09T15:18:01Z
https://ck3339.bet,ck3339.bet,1.0,strong:live dealer|strong:play now|medium:casino|medium:slots|medium:poker|medium:wager|medium:betting,2026-08-09T15:18:04Z
https://ck3666.bet,ck3666.bet,1.0,strong:live dealer|strong:play now|medium:casino|medium:slots|medium:poker|medium:jackpot|medium:wager|medium:betting|structural:age verification,2026-08-09T15:18:08Z
https://ck3666.bet,ck3666.bet,1.0,strong:live dealer|strong:play now|medium:casino|medium:slots|medium:poker|medium:jackpot|medium:wager|medium:betting|structural:age verification,2026-08-09T15:18:09Z
https://ck444org.bet,ck444org.bet,0.8,strong:live dealer|strong:register now|medium:casino|medium:slots|medium:betting,2026-08-09T15:18:16Z
https://ck444org.bet,ck444org.bet,0.8,strong:live dealer|strong:register now|medium:casino|medium:slots|medium:betting,2026-08-09T15:18:16Z
https://ck44bd.bet,ck44bd.bet,1.0,strong:free spins|strong:live dealer|strong:bet slip|strong:curaçao egaming|medium:casino|medium:slots|medium:sportsbook|medium:jackpot|medium:wager|medium:betting|structural:18+|structural:gambleaware|negative:app store|negative:google play,2026-08-09T15:18:18Z
https://ck44bd.bet,ck44bd.bet,1.0,strong:free spins|strong:live dealer|strong:bet slip|strong:curaçao egaming|medium:casino|medium:slots|medium:sportsbook|medium:jackpot|medium:wager|medium:betting|structural:18+|structural:gambleaware|negative:app store|negative:google play,2026-08-09T15:18:19Z
https://ck44vip.bet,ck44vip.bet,1.0,strong:free spins|strong:live dealer|medium:casino|medium:slots|medium:poker|medium:jackpot|medium:wager|medium:betting|structural:18+|structural:age verification,2026-08-09T15:18:21Z
https://ck5666.bet,ck5666.bet,1.0,strong:free spins|strong:live dealer|strong:cashier|medium:casino|medium:slots|medium:poker|medium:sportsbook|medium:jackpot|medium:wager|medium:betting|structural:18+|structural:responsible gambling,2026-08-09T15:18:23Z
https://ck5777.bet,ck5777.bet,1.0,strong:free spins|strong:live dealer|strong:play now|medium:casino|medium:slots|medium:jackpot|medium:wager|medium:betting|negative:how to play,2026-08-09T15:18:23Z
https://ckk333.bet,ckk333.bet,0.9,strong:free spins|strong:live dealer|strong:play now|medium:casino|medium:slots|medium:betting|negative:how to play,2026-08-09T15:18:33Z
https://ckv444.bet,ckv444.bet,1.0,strong:deposit bonus|strong:free spins|strong:live dealer|strong:play now|medium:casino|medium:slots|medium:poker|medium:jackpot|medium:wager|medium:betting|negative:how to play,2026-08-09T15:18:38Z
https://cl10.bet,cl10.bet,1.0,strong:free spins|strong:live dealer|strong:withdraw winnings|strong:register now|medium:casino|medium:slots|medium:poker|medium:jackpot|medium:wager|medium:betting,2026-08-09T15:19:05Z
https://classiccasino.bet,classiccasino.bet,1.0,strong:deposit bonus|strong:free spins|strong:live dealer|strong:withdraw winnings|strong:claim bonus|strong:play now|medium:casino|medium:slots|medium:poker|medium:jackpot|medium:wager|structural:responsible gambling,2026-08-09T15:19:35Z
https://classiccasino.bet,classiccasino.bet,1.0,strong:deposit bonus|strong:free spins|strong:live dealer|strong:withdraw winnings|strong:claim bonus|strong:play now|strong:cashier|medium:casino|medium:slots|medium:poker|medium:jackpot|medium:wager|medium:betting|structural:18+|structural:responsible gambling,2026-08-09T15:19:36Z
https://cleobetracasino.bet,cleobetracasino.bet,1.0,strong:free spins|strong:live dealer|strong:claim bonus|strong:play now|strong:curacao egaming|medium:casino|medium:slots|medium:sportsbook|medium:wager|medium:betting|structural:18+,2026-08-09T15:20:15Z
https://cleobetrawins.bet,cleobetrawins.bet,1.0,strong:deposit bonus|strong:free spins|strong:live dealer|strong:cashier|medium:casino|medium:slots|medium:poker|medium:jackpot|medium:wager|structural:responsible gambling,2026-08-09T15:20:15Z
https://cleopatra-casino.bet,cleopatra-casino.bet,1.0,strong:deposit bonus|strong:free spins|strong:live dealer|strong:play now|strong:curacao egaming|medium:casino|medium:slots|medium:jackpot|medium:wager,2026-08-09T15:20:17Z
https://cleopatra-casino.bet,cleopatra-casino.bet,1.0,strong:deposit bonus|strong:free spins|strong:live dealer|strong:register now|strong:play now|strong:curacao egaming|medium:casino|medium:slots|medium:jackpot|medium:wager|structural:18+,2026-08-09T15:20:18Z
https://cleopatracasino.bet,cleopatracasino.bet,1.0,strong:deposit bonus|strong:free spins|strong:play now|strong:cashier|medium:casino|medium:slots|medium:poker|medium:jackpot|medium:wager|medium:betting|structural:18+|structural:responsible gambling,2026-08-09T15:20:18Z
https://cloud9pokies-au.bet,cloud9pokies-au.bet,1.0,strong:free spins|strong:live dealer|strong:curacao egaming|medium:casino|medium:slots|medium:poker|medium:jackpot|medium:wager|medium:betting,2026-08-09T15:20:51Z
https://cloudbetcasino.bet,cloudbetcasino.bet,1.0,strong:deposit bonus|strong:free spins|strong:live dealer|strong:cashier|medium:casino|medium:slots|medium:sportsbook|medium:wager|medium:betting|structural:responsible gambling,2026-08-09T15:20:54Z
https://cloudbetcasino.bet,cloudbetcasino.bet,1.0,strong:deposit bonus|strong:free spins|strong:live dealer|strong:withdraw winnings|strong:cashier|medium:casino|medium:slots|medium:sportsbook|medium:wager|medium:betting|structural:18+|structural:responsible gambling|negative:app store,2026-08-09T15:20:54Z
https://clubgoldcasino.bet,clubgoldcasino.bet,1.0,strong:deposit bonus|strong:free spins|strong:withdraw winnings|strong:play now|strong:cashier|medium:casino|medium:slots|medium:poker|medium:jackpot|medium:wager|medium:betting|structural:18+|structural:responsible gambling,2026-08-09T15:21:38Z
https://clubgoldcasino.bet,clubgoldcasino.bet,1.0,strong:deposit bonus|strong:free spins|strong:withdraw winnings|strong:play now|strong:cashier|medium:casino|medium:slots|medium:poker|medium:jackpot|medium:wager|medium:betting|structural:18+|structural:responsible gambling,2026-08-09T15:21:38Z
https://clubhousecasino.bet,clubhousecasino.bet,1.0,strong:deposit bonus|strong:free spins|strong:live dealer|strong:curacao egaming|medium:casino|medium:slots|medium:jackpot|medium:betting,2026-08-09T15:21:38Z
https://clubhousecasino.bet,clubhousecasino.bet,1.0,strong:deposit bonus|strong:free spins|strong:live dealer|strong:curacao egaming|medium:casino|medium:slots|medium:jackpot|medium:betting,2026-08-09T15:21:38Z
https://clubhouse-casino.bet,clubhouse-casino.bet,1.0,strong:deposit bonus|strong:free spins|strong:live dealer|medium:casino|medium:slots|medium:wager|structural:18+|structural:responsible gambling|negative:app store,2026-08-09T15:21:39Z
https://clubjudi.bet,clubjudi.bet,1.0,strong:deposit bonus|strong:live dealer|strong:bet slip|medium:casino|medium:slots|medium:sportsbook|medium:wager,2026-08-09T15:21:40Z
https://clubhouse-casino.bet,clubhouse-casino.bet,1.0,strong:deposit bonus|strong:free spins|strong:live dealer|medium:casino|medium:slots|medium:wager|structural:18+|structural:responsible gambling|negative:app store,2026-08-09T15:21:41Z
https://clubriches.bet,clubriches.bet,1.0,strong:free spins|strong:curacao egaming|medium:casino|medium:slots|medium:poker|medium:jackpot|medium:betting|structural:18+,2026-08-09T15:21:45Z
https://clubplayercasino.bet,clubplayercasino.bet,1.0,strong:deposit bonus|strong:free spins|strong:live dealer|strong:withdraw winnings|strong:play now|strong:cashier|strong:curaçao egaming|medium:casino|medium:slots|medium:poker|medium:jackpot|medium:wager|medium:betting|structural:18+|structural:responsible gambling,2026-08-09T15:21:45Z
https://clubplayercasino.bet,clubplayercasino.bet,1.0,strong:deposit bonus|strong:free spins|strong:live dealer|strong:play now|strong:cashier|strong:curaçao egaming|medium:casino|medium:slots|medium:poker|medium:jackpot|medium:wager|medium:betting|structural:responsible gambling,2026-08-09T15:21:46Z
https://cobbercasino.bet,cobbercasino.bet,1.0,strong:deposit bonus|strong:free spins|strong:live dealer|strong:withdraw winnings|strong:play now|strong:cashier|medium:casino|medium:slots|medium:poker|medium:jackpot|medium:wager|medium:betting|structural:18+|structural:responsible gambling|negative:app store,2026-08-09T15:23:24Z
https://cobbercasino.bet,cobbercasino.bet,1.0,strong:deposit bonus|strong:free spins|strong:live dealer|strong:withdraw winnings|strong:play now|strong:cashier|medium:casino|medium:slots|medium:poker|medium:jackpot|medium:wager|medium:betting|structural:18+|structural:responsible gambling|negative:app store,2026-08-09T15:23:25Z
https://cobra-casino.bet,cobra-casino.bet,1.0,strong:deposit bonus|strong:free spins|strong:live dealer|strong:curaçao egaming|medium:casino|medium:slots,2026-08-09T15:23:27Z
https://cobracasino.bet,cobracasino.bet,1.0,strong:free spins|strong:live dealer|strong:play now|medium:casino|medium:slots|medium:poker|medium:wager|medium:betting,2026-08-09T15:23:29Z
https://cockroach.bet,cockroach.bet,1.0,strong:deposit bonus|strong:free spins|strong:live dealer|medium:casino|medium:slots|medium:poker|medium:sportsbook|medium:jackpot|medium:wager|medium:betting|structural:responsible gambling|negative:how to play,2026-08-09T15:23:33Z
https://cockroach.bet,cockroach.bet,1.0,strong:deposit bonus|strong:free spins|strong:live dealer|medium:casino|medium:slots|medium:poker|medium:sportsbook|medium:jackpot|medium:wager|medium:betting|structural:responsible gambling|negative:how to play,2026-08-09T15:23:33Z
https://cocoacasino.bet,cocoacasino.bet,1.0,strong:deposit bonus|strong:free spins|strong:claim bonus|strong:play now|medium:casino|medium:slots|medium:poker|medium:jackpot|medium:betting,2026-08-09T15:23:37Z
https://cocmo.bet,cocmo.bet,1.0,strong:deposit bonus|strong:free spins|strong:live dealer|strong:claim bonus|strong:cashier|medium:casino|medium:slots|medium:sportsbook|medium:wager|medium:betting,2026-08-09T15:23:37Z
https://coderecasino.bet,coderecasino.bet,1.0,strong:deposit bonus|strong:free spins|strong:live dealer|strong:cashier|strong:curaçao egaming|medium:casino|medium:slots|medium:poker|medium:sportsbook|medium:jackpot|medium:wager|medium:betting|structural:18+|structural:responsible gambling,2026-08-09T15:23:56Z
https://coin-casino.bet,coin-casino.bet,1.0,strong:deposit bonus|strong:free spins|strong:live dealer|strong:register now|strong:curacao egaming|medium:casino|medium:slots|medium:jackpot|medium:wager|structural:18+|structural:responsible gambling,2026-08-09T15:24:21Z
https://coin-casino.bet,coin-casino.bet,1.0,strong:deposit bonus|strong:free spins|strong:live dealer|strong:register now|strong:curacao egaming|medium:casino|medium:slots|medium:jackpot|medium:wager|structural:18+|structural:responsible gambling,2026-08-09T15:24:22Z
https://coin.bet,coin.bet,1.0,strong:deposit bonus|strong:free spins|strong:play now|medium:casino|medium:slots|medium:poker|medium:jackpot,2026-08-09T15:24:22Z
https://coin.bet,coin.bet,1.0,strong:deposit bonus|strong:free spins|strong:play now|medium:casino|medium:slots|medium:poker|medium:jackpot,2026-08-09T15:24:23Z
https://coinkings.bet,coinkings.bet,1.0,strong:deposit bonus|strong:free spins|strong:cashier|medium:casino|medium:slots|medium:wager|structural:responsible gambling,2026-08-09T15:24:38Z
https://coinsgamecasino.bet,coinsgamecasino.bet,1.0,strong:deposit bonus|strong:free spins|strong:live dealer|medium:casino|medium:slots|medium:sportsbook|medium:jackpot|medium:wager|medium:betting|structural:18+,2026-08-09T15:24:48Z
https://coinsgamecasino.bet,coinsgamecasino.bet,1.0,strong:deposit bonus|strong:free spins|strong:live dealer|medium:casino|medium:slots|medium:sportsbook|medium:jackpot|medium:wager|medium:betting|structural:18+,2026-08-09T15:24:54Z
https://coldbet-pt.bet,coldbet-pt.bet,1.0,strong:free spins|strong:bet slip|medium:casino|medium:slots|medium:poker|medium:sportsbook|medium:jackpot|structural:18+|negative:app store,2026-08-09T15:25:36Z
https://colokgaming.bet,colokgaming.bet,0.9,strong:free spins|strong:live dealer|medium:casino|medium:slots|medium:sportsbook|medium:wager,2026-08-09T15:25:53Z
https://colokgaming.bet,colokgaming.bet,0.9,strong:free spins|strong:live dealer|medium:casino|medium:slots|medium:sportsbook|medium:wager,2026-08-09T15:25:53Z
https://comeon-casino.bet,comeon-casino.bet,1.0,strong:deposit bonus|strong:free spins|strong:live dealer|strong:cashier|medium:casino|medium:slots|medium:sportsbook|medium:jackpot|medium:wager|medium:betting,2026-08-09T15:26:36Z
https://comeon-casino.bet,comeon-casino.bet,1.0,strong:deposit bonus|strong:free spins|strong:live dealer|strong:cashier|medium:casino|medium:slots|medium:sportsbook|medium:jackpot|medium:wager|medium:betting,2026-08-09T15:26:36Z
https://comicplaycasino.bet,comicplaycasino.bet,1.0,strong:deposit bonus|strong:free spins|strong:live dealer|strong:play now|strong:cashier|medium:casino|medium:slots|medium:poker|medium:jackpot|medium:wager|medium:betting,2026-08-09T15:26:49Z
https://comicplaycasino.bet,comicplaycasino.bet,1.0,strong:deposit bonus|strong:free spins|strong:live dealer|strong:play now|strong:cashier|medium:casino|medium:slots|medium:poker|medium:jackpot|medium:wager|medium:betting,2026-08-09T15:26:49Z
https://conquestador-casino.bet,conquestador-casino.bet,0.95,strong:free spins|strong:live dealer|medium:casino|medium:slots|medium:betting|structural:18+,2026-08-09T15:27:44Z
https://conquestador-casino.bet,conquestador-casino.bet,0.95,strong:free spins|strong:live dealer|medium:casino|medium:slots|medium:betting|structural:18+,2026-08-09T15:27:45Z
https://conticasino.bet,conticasino.bet,1.0,strong:deposit bonus|strong:free spins|strong:live dealer|strong:play now|strong:cashier|strong:curaçao egaming|medium:casino|medium:slots|medium:jackpot|medium:wager|medium:betting|structural:18+|structural:responsible gambling,2026-08-09T15:28:23Z
https://cookiecasino.bet,cookiecasino.bet,1.0,strong:deposit bonus|strong:free spins|strong:live dealer|strong:claim bonus|strong:mga/|medium:casino|medium:slots|medium:jackpot,2026-08-09T15:28:37Z
https://cookiecasino.bet,cookiecasino.bet,1.0,strong:deposit bonus|strong:free spins|strong:live dealer|strong:claim bonus|strong:mga/|medium:casino|medium:slots|medium:jackpot,2026-08-09T15:28:37Z
https://cool-zino.bet,cool-zino.bet,1.0,strong:free spins|strong:live dealer|strong:cashier|medium:casino|medium:slots|medium:jackpot|structural:responsible gambling,2026-08-09T15:28:38Z
https://cool-zino.bet,cool-zino.bet,1.0,strong:free spins|strong:live dealer|strong:cashier|medium:casino|medium:slots|medium:jackpot|structural:responsible gambling,2026-08-09T15:28:40Z
https://coolzinocasino.bet,coolzinocasino.bet,1.0,strong:deposit bonus|strong:free spins|strong:live dealer|medium:casino|medium:jackpot|medium:wager|medium:betting|structural:age verification,2026-08-09T15:28:53Z
https://coolzinocasino.bet,coolzinocasino.bet,0.85,strong:deposit bonus|strong:free spins|medium:casino|medium:wager|structural:age verification,2026-08-09T15:28:53Z
https://corong99.bet,corong99.bet,0.9,strong:deposit bonus|strong:live dealer|medium:casino|medium:slots|medium:sportsbook|medium:wager,2026-08-09T15:30:19Z
https://cosmiccasino.bet,cosmiccasino.bet,1.0,strong:deposit bonus|strong:free spins|strong:live dealer|strong:withdraw winnings|strong:sign up now|strong:claim bonus|strong:play now|strong:cashier|strong:curacao egaming|medium:casino|medium:slots|medium:jackpot|medium:wager|medium:betting|structural:18+|structural:responsible gambling,2026-08-09T15:31:16Z
https://cosmiccasino.bet,cosmiccasino.bet,1.0,strong:deposit bonus|strong:free spins|strong:live dealer|strong:sign up now|medium:casino|medium:slots,2026-08-09T15:31:17Z
https://cosmicslot.bet,cosmicslot.bet,1.0,strong:deposit bonus|strong:free spins|strong:live dealer|strong:curacao egaming|medium:casino|medium:slots,2026-08-09T15:31:21Z
https://cow188.bet,cow188.bet,1.0,strong:free spins|strong:live dealer|strong:register now|medium:casino|medium:slots|medium:sportsbook|medium:betting,2026-08-09T15:32:09Z
https://cp44.bet,cp44.bet,1.0,strong:live dealer|strong:play now|medium:casino|medium:slots|medium:jackpot|medium:wager|medium:betting|structural:18+,2026-08-09T15:32:22Z
https://cp6666.bet,cp6666.bet,1.0,strong:live dealer|strong:play now|medium:casino|medium:slots|medium:poker|medium:jackpot|medium:wager|medium:betting,2026-08-09T15:32:35Z
https://cpgtoto.bet,cpgtoto.bet,1.0,strong:free spins|strong:live dealer|medium:casino|medium:slots|medium:poker|medium:sportsbook|medium:wager,2026-08-09T15:32:43Z
https://cr4444.bet,cr4444.bet,1.0,strong:deposit bonus|strong:free spins|strong:live dealer|strong:claim bonus|strong:play now|medium:casino|medium:slots|medium:jackpot|medium:betting|negative:how to play,2026-08-09T15:32:55Z
https://cr4444.bet,cr4444.bet,1.0,strong:deposit bonus|strong:free spins|strong:live dealer|strong:claim bonus|strong:play now|medium:casino|medium:slots|medium:jackpot|medium:betting|negative:how to play,2026-08-09T15:32:55Z
https://cr99.bet,cr99.bet,1.0,strong:deposit bonus|strong:free spins|strong:live dealer|medium:casino|medium:slots|medium:poker|medium:sportsbook|medium:jackpot|medium:wager|medium:betting|structural:18+|structural:responsible gambling,2026-08-09T15:32:59Z
https://cr99.bet,cr99.bet,1.0,strong:deposit bonus|strong:free spins|strong:live dealer|medium:casino|medium:slots|medium:poker|medium:sportsbook|medium:jackpot|medium:wager|medium:betting|structural:18+,2026-08-09T15:32:59Z
https://crashcasino.bet,crashcasino.bet,1.0,strong:deposit bonus|strong:free spins|strong:withdraw winnings|strong:cashier|medium:casino|medium:slots|medium:jackpot|medium:wager|medium:betting|structural:18+|structural:responsible gambling,2026-08-09T15:33:09Z
https://crazyfox-casino.bet,crazyfox-casino.bet,1.0,strong:deposit bonus|strong:free spins|strong:live dealer|strong:mga/|medium:casino|medium:slots|medium:jackpot|medium:wager|structural:18+,2026-08-09T15:33:52Z
https://crazyluck-casino.bet,crazyluck-casino.bet,1.0,strong:deposit bonus|strong:free spins|strong:withdraw winnings|strong:play now|strong:cashier|medium:casino|medium:slots|medium:jackpot|medium:wager|medium:betting,2026-08-09T15:34:00Z
https://crazyluck-casino.bet,crazyluck-casino.bet,1.0,strong:deposit bonus|strong:free spins|strong:withdraw winnings|strong:play now|strong:cashier|medium:casino|medium:slots|medium:jackpot|medium:wager|medium:betting|structural:18+,2026-08-09T15:34:00Z
https://crazyrich88.bet,crazyrich88.bet,1.0,strong:deposit bonus|strong:live dealer|strong:claim bonus|medium:casino|medium:slots|medium:sportsbook|medium:wager|negative:app store,2026-08-09T15:34:00Z
https://crazyrich88.bet,crazyrich88.bet,1.0,strong:deposit bonus|strong:live dealer|strong:claim bonus|medium:casino|medium:slots|medium:sportsbook|medium:wager|negative:app store,2026-08-09T15:34:06Z
https://crazywingo.bet,crazywingo.bet,1.0,strong:live dealer|strong:cashier|strong:bet slip|medium:casino|medium:slots|medium:poker|medium:sportsbook|medium:wager|medium:betting,2026-08-09T15:34:07Z
https://cricbet9.bet,cricbet9.bet,1.0,strong:deposit bonus|strong:sign up now|medium:casino|medium:slots|medium:poker|medium:wager|medium:betting|structural:responsible gambling|negative:app store,2026-08-09T15:34:37Z
https://cricket-road.bet,cricket-road.bet,1.0,strong:deposit bonus|strong:free spins|strong:play now|medium:casino|medium:slots|medium:jackpot|medium:wager|medium:betting|negative:how to play,2026-08-09T15:34:52Z
https://cricket360.bet,cricket360.bet,0.8,strong:deposit bonus|strong:play now|medium:casino|medium:jackpot|medium:betting,2026-08-09T15:34:54Z
https://cricket360.bet,cricket360.bet,0.8,strong:deposit bonus|strong:play now|medium:casino|medium:jackpot|medium:betting,2026-08-09T15:34:54Z
https://cricmatch.bet,cricmatch.bet,1.0,strong:free spins|strong:live dealer|strong:claim bonus|medium:casino|medium:slots|medium:poker|medium:sportsbook|medium:jackpot|medium:betting|structural:18+,2026-08-09T15:35:07Z
https://crocoslots.bet,crocoslots.bet,0.9,strong:deposit bonus|strong:free spins|medium:casino|medium:slots|medium:jackpot|medium:betting,2026-08-09T15:35:42Z
https://crorebet-in.bet,crorebet-in.bet,1.0,strong:free spins|strong:live dealer|strong:claim bonus|strong:play now|strong:cashier|medium:casino|medium:slots|medium:poker|medium:sportsbook|medium:jackpot|medium:wager|medium:betting|structural:18+|structural:gambleaware|structural:responsible gambling|negative:app store|negative:google play,2026-08-09T15:35:46Z
https://crorebet-in.bet,crorebet-in.bet,1.0,strong:free spins|strong:live dealer|strong:claim bonus|strong:play now|strong:cashier|medium:casino|medium:slots|medium:poker|medium:sportsbook|medium:jackpot|medium:wager|medium:betting|structural:18+|structural:gambleaware|structural:responsible gambling|negative:app store|negative:google play,2026-08-09T15:35:46Z
https://crorewin-pakistan.bet,crorewin-pakistan.bet,1.0,strong:free spins|strong:live dealer|strong:play now|medium:casino|medium:slots|medium:betting|structural:18+,2026-08-09T15:35:49Z
https://crorewinpk.bet,crorewinpk.bet,1.0,strong:free spins|strong:play now|strong:cashier|medium:casino|medium:slots|medium:sportsbook|medium:betting|structural:18+,2026-08-09T15:35:49Z
https://crossover-casino.bet,crossover-casino.bet,1.0,strong:live dealer|strong:register now|strong:sign up now|strong:curacao egaming|medium:casino|medium:slots|medium:jackpot|medium:betting|structural:responsible gambling,2026-08-09T15:35:59Z
https://crown-coins.bet,crown-coins.bet,0.8,strong:free spins|strong:live dealer|medium:casino|medium:slots|medium:poker,2026-08-09T15:36:14Z
https://crown155.bet,crown155.bet,1.0,strong:free spins|strong:live dealer|strong:claim bonus|strong:play now|medium:casino|medium:slots|medium:poker|medium:wager|structural:18+,2026-08-09T15:36:16Z
https://crown155.bet,crown155.bet,1.0,strong:free spins|strong:live dealer|strong:claim bonus|strong:play now|medium:casino|medium:slots|medium:poker|medium:wager|structural:18+,2026-08-09T15:36:16Z
https://crown155.bet,crown155.bet,1.0,strong:free spins|strong:live dealer|strong:claim bonus|strong:play now|medium:casino|medium:slots|medium:poker|medium:wager|structural:18+,2026-08-09T15:36:16Z
https://crown-gold.bet,crown-gold.bet,0.75,strong:free spins|strong:live dealer|medium:casino|structural:18+,2026-08-09T15:36:17Z
https://crownbd.bet,crownbd.bet,0.95,strong:free spins|strong:live dealer|strong:claim bonus|medium:casino|medium:slots,2026-08-09T15:36:18Z
https://crowncasinoonline.bet,crowncasinoonline.bet,1.0,strong:deposit bonus|strong:free spins|strong:live dealer|strong:cashier|strong:curaçao egaming|medium:casino|medium:slots|medium:jackpot|medium:wager,2026-08-09T15:36:21Z
https://crowngold-aus.bet,crowngold-aus.bet,1.0,strong:free spins|strong:live dealer|strong:cashier|strong:curacao egaming|medium:casino|medium:slots|medium:jackpot|medium:wager|medium:betting|structural:responsible gambling|structural:age verification,2026-08-09T15:36:21Z
https://crownplay-casino-australia.bet,crownplay-casino-australia.bet,1.0,strong:free spins|strong:live dealer|medium:casino|medium:slots|medium:sportsbook|medium:wager|medium:betting|structural:18+,2026-08-09T15:36:26Z
https://crownplaycasino.bet,crownplaycasino.bet,0.8,strong:deposit bonus|strong:free spins|medium:casino|medium:slots|medium:sportsbook,2026-08-09T15:36:31Z
https://crownplaycasino.bet,crownplaycasino.bet,0.8,strong:deposit bonus|strong:free spins|medium:casino|medium:slots|medium:sportsbook,2026-08-09T15:36:36Z
https://crusino.bet,crusino.bet,0.95,strong:deposit bonus|strong:free spins|strong:curaçao egaming|medium:casino|medium:slots,2026-08-09T15:36:57Z
https://crusino.bet,crusino.bet,1.0,strong:deposit bonus|strong:free spins|strong:live dealer|strong:cashier|strong:curaçao egaming|medium:casino|medium:slots|medium:wager|structural:responsible gambling,2026-08-09T15:36:57Z
https://crusino-casino.bet,crusino-casino.bet,1.0,strong:free spins|strong:live dealer|strong:play now|medium:casino|medium:slots|medium:jackpot,2026-08-09T15:36:58Z
https://crusino-casino.bet,crusino-casino.bet,1.0,strong:free spins|strong:live dealer|strong:play now|medium:casino|medium:slots|medium:jackpot,2026-08-09T15:36:58Z
https://crypto-loko.bet,crypto-loko.bet,1.0,strong:deposit bonus|strong:free spins|strong:curacao egaming|medium:casino|medium:slots|medium:jackpot|medium:wager,2026-08-09T15:37:05Z
https://cryptobetcasino.bet,cryptobetcasino.bet,1.0,strong:deposit bonus|strong:free spins|strong:live dealer|strong:withdraw winnings|strong:play now|medium:casino|medium:slots|medium:poker|medium:sportsbook|medium:jackpot|medium:wager|medium:betting|structural:18+|structural:responsible gambling,2026-08-09T15:37:13Z
https://cryptobetcasino.bet,cryptobetcasino.bet,1.0,strong:deposit bonus|strong:free spins|strong:live dealer|strong:withdraw winnings|strong:play now|medium:casino|medium:slots|medium:poker|medium:sportsbook|medium:jackpot|medium:wager|medium:betting|structural:18+|structural:responsible gambling,2026-08-09T15:37:13Z
https://cryptoleocasino.bet,cryptoleocasino.bet,0.8,strong:deposit bonus|strong:free spins|medium:casino|medium:slots|medium:sportsbook,2026-08-09T15:37:39Z
https://cryptoloko.bet,cryptoloko.bet,1.0,strong:deposit bonus|strong:free spins|strong:play now|strong:cashier|strong:curaçao egaming|medium:casino|medium:slots|medium:poker|medium:jackpot|medium:wager|medium:betting|structural:18+,2026-08-09T15:37:40Z
https://cryptolokocasino.bet,cryptolokocasino.bet,1.0,strong:deposit bonus|strong:free spins|strong:withdraw winnings|strong:play now|strong:cashier|medium:casino|medium:slots|medium:poker|medium:jackpot|medium:wager|medium:betting|structural:18+|structural:responsible gambling,2026-08-09T15:37:41Z
https://cryptolokocasino.bet,cryptolokocasino.bet,1.0,strong:deposit bonus|strong:free spins|strong:withdraw winnings|strong:play now|strong:cashier|medium:casino|medium:slots|medium:poker|medium:jackpot|medium:wager|medium:betting|structural:18+|structural:responsible gambling,2026-08-09T15:37:44Z
https://cryptoleocasino.bet,cryptoleocasino.bet,0.8,strong:deposit bonus|strong:free spins|medium:casino|medium:slots|medium:sportsbook,2026-08-09T15:37:53Z
https://cs7777.bet,cs7777.bet,1.0,strong:live dealer|strong:cashier|medium:casino|medium:slots|medium:poker|medium:sportsbook|medium:wager|medium:betting,2026-08-09T15:38:14Z
https://ct555.bet,ct555.bet,1.0,strong:live dealer|strong:cashier|medium:casino|medium:slots|medium:sportsbook|medium:wager|medium:betting|structural:age verification,2026-08-09T15:39:09Z
https://ct9999.bet,ct9999.bet,1.0,strong:deposit bonus|strong:live dealer|medium:casino|medium:slots|medium:sportsbook|medium:jackpot|medium:wager|medium:betting,2026-08-09T15:39:12Z
https://ct9999.bet,ct9999.bet,1.0,strong:deposit bonus|strong:live dealer|medium:casino|medium:slots|medium:sportsbook|medium:jackpot|medium:wager|medium:betting,2026-08-09T15:39:12Z
https://ctg666.bet,ctg666.bet,1.0,strong:free spins|strong:live dealer|strong:play now|medium:casino|medium:slots|medium:jackpot|medium:wager|medium:betting,2026-08-09T15:39:19Z
https://cuan128.bet,cuan128.bet,1.0,strong:deposit bonus|strong:free spins|strong:live dealer|strong:register now|medium:casino|medium:slots|medium:wager,2026-08-09T15:39:34Z
https://cuan288.bet,cuan288.bet,1.0,strong:free spins|strong:live dealer|medium:casino|medium:slots|medium:sportsbook|medium:wager|medium:betting,2026-08-09T15:39:34Z
https://cuan288.bet,cuan288.bet,1.0,strong:free spins|strong:live dealer|medium:casino|medium:slots|medium:sportsbook|medium:wager|medium:betting,2026-08-09T15:39:35Z
https://cuantoto.bet,cuantoto.bet,1.0,strong:deposit bonus|strong:live dealer|medium:casino|medium:slots|medium:poker|medium:sportsbook|medium:wager,2026-08-09T15:39:39Z
https://cuanunited.bet,cuanunited.bet,0.8,strong:live dealer|strong:cashier|medium:casino|medium:slots|medium:sportsbook,2026-08-09T15:39:39Z
https://cukongtoto.bet,cukongtoto.bet,1.0,strong:deposit bonus|strong:live dealer|strong:claim bonus|medium:casino|medium:slots|medium:sportsbook|medium:betting,2026-08-09T15:40:05Z
https://cumi.bet,cumi.bet,1.0,strong:free spins|strong:live dealer|medium:casino|medium:slots|medium:sportsbook|medium:wager|medium:betting,2026-08-09T15:40:10Z
https://cusco-casino.bet,cusco-casino.bet,1.0,strong:free spins|strong:live dealer|medium:casino|medium:slots|medium:jackpot|medium:betting|structural:18+,2026-08-09T15:40:28Z
https://cusco.bet,cusco.bet,0.95,strong:free spins|strong:curaçao egaming|medium:casino|medium:slots|medium:jackpot|structural:18+,2026-08-09T15:40:28Z
https://cusco.bet,cusco.bet,0.95,strong:free spins|strong:curaçao egaming|medium:casino|medium:slots|medium:jackpot|structural:18+,2026-08-09T15:40:29Z
https://cusco.bet,cusco.bet,0.95,strong:free spins|strong:curaçao egaming|medium:casino|medium:slots|medium:jackpot|structural:18+,2026-08-09T15:40:29Z
https://cv66bd.bet,cv66bd.bet,1.0,strong:live dealer|strong:claim bonus|strong:play now|medium:casino|medium:slots|medium:poker|medium:jackpot|medium:betting,2026-08-09T15:40:45Z
https://cv66bd.bet,cv66bd.bet,1.0,strong:live dealer|strong:claim bonus|strong:play now|medium:casino|medium:slots|medium:poker|medium:jackpot|medium:betting,2026-08-09T15:40:45Z
https://cv66login.bet,cv66login.bet,0.8,strong:place a bet|strong:live dealer|medium:casino|medium:sportsbook|medium:betting,2026-08-09T15:40:45Z
https://cv6777.bet,cv6777.bet,1.0,strong:deposit bonus|strong:free spins|strong:play now|medium:casino|medium:slots|medium:jackpot|medium:wager|medium:betting,2026-08-09T15:40:46Z
https://cv6777.bet,cv6777.bet,1.0,strong:deposit bonus|strong:free spins|strong:play now|medium:casino|medium:slots|medium:jackpot|medium:wager|medium:betting,2026-08-09T15:40:46Z
https://cv666login.bet,cv666login.bet,0.8,strong:live dealer|strong:register now|medium:casino|medium:sportsbook|medium:betting,2026-08-09T15:40:48Z
https://cv8999.bet,cv8999.bet,1.0,strong:free spins|strong:live dealer|strong:play now|medium:casino|medium:slots|medium:jackpot|medium:betting,2026-08-09T15:40:48Z
https://cv9991.bet,cv9991.bet,1.0,strong:place a bet|strong:live dealer|strong:play now|medium:casino|medium:slots|medium:poker|medium:jackpot|medium:wager|medium:betting,2026-08-09T15:40:51Z
https://cv9992.bet,cv9992.bet,1.0,strong:free spins|strong:live dealer|strong:claim bonus|strong:play now|medium:casino|medium:slots|medium:poker|medium:jackpot|medium:wager|medium:betting|structural:responsible gambling|negative:how to play,2026-08-09T15:40:52Z
https://cv9994.bet,cv9994.bet,1.0,strong:free spins|strong:live dealer|strong:claim bonus|strong:play now|medium:casino|medium:slots|medium:poker|medium:jackpot|medium:wager|medium:betting,2026-08-09T15:40:52Z
https://cv999a.bet,cv999a.bet,1.0,strong:free spins|strong:live dealer|strong:play now|medium:casino|medium:slots|medium:jackpot|medium:wager|medium:betting,2026-08-09T15:40:53Z
https://cv9994.bet,cv9994.bet,1.0,strong:free spins|strong:live dealer|strong:claim bonus|strong:play now|medium:casino|medium:slots|medium:poker|medium:jackpot|medium:wager|medium:betting,2026-08-09T15:40:55Z
https://cv999s.bet,cv999s.bet,1.0,strong:deposit bonus|strong:free spins|strong:live dealer|strong:play now|medium:casino|medium:slots|medium:jackpot|medium:wager|medium:betting|structural:age verification,2026-08-09T15:40:55Z
https://cvc777.bet,cvc777.bet,1.0,strong:free spins|strong:place a bet|strong:live dealer|strong:play now|medium:casino|medium:slots|medium:jackpot|medium:wager|medium:betting,2026-08-09T15:40:57Z
https://cv8999.bet,cv8999.bet,1.0,strong:free spins|strong:live dealer|strong:play now|medium:casino|medium:slots|medium:jackpot|medium:betting,2026-08-09T15:40:57Z
https://cvd666.bet,cvd666.bet,1.0,strong:deposit bonus|strong:live dealer|strong:claim bonus|strong:play now|medium:casino|medium:slots|medium:jackpot|medium:wager|medium:betting,2026-08-09T15:40:57Z
https://cve999.bet,cve999.bet,1.0,strong:live dealer|strong:play now|medium:casino|medium:slots|medium:sportsbook|medium:jackpot|medium:wager|medium:betting|structural:18+,2026-08-09T15:40:57Z
https://cvl666.bet,cvl666.bet,1.0,strong:deposit bonus|strong:live dealer|strong:play now|medium:casino|medium:slots|medium:poker|medium:jackpot|medium:wager|medium:betting,2026-08-09T15:40:58Z
https://cx444.bet,cx444.bet,1.0,strong:free spins|strong:live dealer|medium:casino|medium:slots|medium:poker|medium:sportsbook|medium:jackpot|medium:wager|medium:betting|structural:18+|structural:age verification,2026-08-09T15:41:19Z
https://cx4444.bet,cx4444.bet,1.0,strong:live dealer|strong:play now|medium:casino|medium:slots|medium:poker|medium:jackpot|medium:betting,2026-08-09T15:41:20Z
https://cx77.bet,cx77.bet,1.0,strong:play now|strong:cashier|medium:casino|medium:slots|medium:sportsbook|medium:jackpot|medium:wager|medium:betting,2026-08-09T15:41:23Z
https://cx777f.bet,cx777f.bet,1.0,strong:free spins|strong:live dealer|strong:play now|strong:cashier|medium:casino|medium:slots|medium:sportsbook|medium:jackpot|medium:wager|medium:betting,2026-08-09T15:41:23Z
https://cx77.bet,cx77.bet,1.0,strong:play now|strong:cashier|medium:casino|medium:slots|medium:sportsbook|medium:jackpot|medium:wager|medium:betting,2026-08-09T15:41:26Z
https://d-880.bet,d-880.bet,0.8,strong:free spins|strong:live dealer|medium:casino|medium:slots|medium:betting|structural:18+|negative:app store,2026-08-09T15:42:22Z
https://d060.bet,d060.bet,1.0,strong:deposit bonus|strong:live dealer|medium:casino|medium:slots|medium:poker|medium:sportsbook|medium:wager|medium:betting,2026-08-09T15:42:31Z
https://d33bmw.bet,d33bmw.bet,1.0,strong:free spins|strong:live dealer|strong:play now|medium:casino|medium:slots|medium:jackpot|medium:wager|medium:betting,2026-08-09T15:42:57Z
https://d4d.bet,d4d.bet,1.0,strong:live dealer|strong:register now|medium:casino|medium:slots|medium:jackpot|medium:wager|medium:betting,2026-08-09T15:43:01Z
https://d4d.bet,d4d.bet,1.0,strong:live dealer|strong:register now|medium:casino|medium:slots|medium:poker|medium:jackpot|medium:wager|medium:betting,2026-08-09T15:43:01Z
https://d50.bet,d50.bet,0.8,strong:free spins|strong:live dealer|medium:casino|medium:slots|medium:jackpot,2026-08-09T15:43:02Z
https://d50.bet,d50.bet,0.8,strong:free spins|strong:live dealer|medium:casino|medium:slots|medium:jackpot,2026-08-09T15:43:04Z
https://d63.bet,d63.bet,0.9,strong:free spins|strong:live dealer|strong:claim bonus|medium:casino|medium:slots|medium:betting|negative:app store,2026-08-09T15:43:06Z
https://d63.bet,d63.bet,0.95,strong:free spins|strong:live dealer|strong:claim bonus|medium:casino|medium:slots,2026-08-09T15:43:06Z
https://daddycasino.bet,daddycasino.bet,1.0,strong:deposit bonus|strong:free spins|strong:cashier|strong:curaçao egaming|medium:casino|medium:slots|medium:wager|medium:betting,2026-08-09T15:43:44Z
https://dafawin.bet,dafawin.bet,1.0,strong:deposit bonus|strong:free spins|medium:casino|medium:slots|medium:poker|medium:jackpot|medium:wager|medium:betting|structural:gambleaware|structural:responsible gambling,2026-08-09T15:44:07Z
https://dafawin.bet,dafawin.bet,1.0,strong:deposit bonus|strong:free spins|medium:casino|medium:slots|medium:poker|medium:jackpot|medium:wager|medium:betting|structural:gambleaware|structural:responsible gambling,2026-08-09T15:44:07Z
https://dailyspins.bet,dailyspins.bet,1.0,strong:free spins|strong:live dealer|strong:cashier|medium:casino|medium:slots|medium:poker|medium:sportsbook|medium:wager|medium:betting|structural:18+|structural:responsible gambling|structural:age verification,2026-08-09T15:44:36Z
https://dailyspinscasino.bet,dailyspinscasino.bet,1.0,strong:deposit bonus|strong:free spins|strong:live dealer|strong:play now|strong:cashier|strong:bet slip|medium:casino|medium:slots|medium:sportsbook|medium:jackpot|medium:wager|medium:betting|structural:18+|structural:responsible gambling,2026-08-09T15:44:37Z
https://dailyspinscasino.bet,dailyspinscasino.bet,1.0,strong:deposit bonus|strong:free spins|strong:live dealer|strong:play now|strong:cashier|strong:bet slip|medium:casino|medium:slots|medium:sportsbook|medium:jackpot|medium:wager|medium:betting|structural:responsible gambling,2026-08-09T15:44:37Z
https://dak777.bet,dak777.bet,1.0,strong:free spins|strong:live dealer|strong:play now|medium:casino|medium:slots|medium:poker|medium:jackpot|medium:wager|medium:betting,2026-08-09T15:44:47Z
https://daka99.bet,daka99.bet,1.0,strong:deposit bonus|strong:live dealer|strong:play now|medium:casino|medium:slots|medium:poker|medium:jackpot|medium:wager|medium:betting,2026-08-09T15:44:49Z
https://daka99.bet,daka99.bet,1.0,strong:deposit bonus|strong:live dealer|strong:play now|medium:casino|medium:slots|medium:poker|medium:jackpot|medium:wager|medium:betting,2026-08-09T15:44:49Z
https://dake.bet,dake.bet,1.0,strong:deposit bonus|strong:free spins|strong:register now|strong:play now|strong:cashier|medium:casino|medium:slots|medium:jackpot|medium:wager|medium:betting|structural:18+|structural:responsible gambling,2026-08-09T15:44:50Z
https://dake.bet,dake.bet,0.95,strong:deposit bonus|strong:free spins|strong:register now|medium:casino|medium:slots,2026-08-09T15:44:50Z
https://damslots.bet,damslots.bet,1.0,strong:free spins|strong:curaçao egaming|medium:casino|medium:slots|medium:sportsbook|medium:jackpot|medium:wager,2026-08-09T15:45:27Z
https://dana123.bet,dana123.bet,1.0,strong:deposit bonus|strong:live dealer|medium:casino|medium:slots|medium:poker|medium:sportsbook|medium:betting,2026-08-09T15:45:34Z
https://dana77.bet,dana77.bet,1.0,strong:place a bet|strong:live dealer|medium:casino|medium:slots|medium:poker|medium:sportsbook|medium:betting,2026-08-09T15:45:37Z
https://danmarkspil.bet,danmarkspil.bet,1.0,strong:free spins|strong:live dealer|strong:ukgc|medium:casino|medium:jackpot|structural:responsible gambling,2026-08-09T15:46:04Z
https://dashbets.bet,dashbets.bet,1.0,strong:deposit bonus|strong:free spins|strong:play now|medium:casino|medium:poker|medium:betting,2026-08-09T15:46:55Z
https://dashbets.bet,dashbets.bet,1.0,strong:deposit bonus|strong:free spins|strong:play now|medium:casino|medium:poker|medium:betting,2026-08-09T15:46:55Z
https://datajitu.bet,datajitu.bet,1.0,strong:live dealer|strong:bet slip|medium:casino|medium:slots|medium:poker|medium:sportsbook|medium:betting,2026-08-09T15:47:26Z
https://davincigoldcasino.bet,davincigoldcasino.bet,1.0,strong:deposit bonus|strong:free spins|strong:live dealer|strong:play now|strong:cashier|strong:curacao egaming|medium:casino|medium:slots|medium:poker|medium:jackpot|medium:wager|medium:betting|structural:18+|structural:responsible gambling,2026-08-09T15:47:44Z
https://davincigoldcasino.bet,davincigoldcasino.bet,1.0,strong:deposit bonus|strong:free spins|strong:live dealer|strong:play now|strong:cashier|strong:curacao egaming|medium:casino|medium:slots|medium:jackpot|medium:wager|medium:betting|structural:responsible gambling,2026-08-09T15:47:46Z
https://daytona-spin.bet,daytona-spin.bet,1.0,strong:free spins|strong:live dealer|strong:play now|strong:cashier|strong:ukgc|medium:casino|medium:slots|medium:poker|medium:jackpot|medium:wager|structural:18+|structural:responsible gambling|negative:app store,2026-08-09T15:47:57Z
https://daytonaspins.bet,daytonaspins.bet,1.0,strong:free spins|strong:live dealer|strong:claim bonus|strong:cashier|medium:casino|medium:slots|medium:sportsbook|medium:wager|structural:18+|structural:gambleaware|structural:responsible gambling,2026-08-09T15:48:22Z
https://dbbetbangladesh.bet,dbbetbangladesh.bet,1.0,strong:deposit bonus|strong:free spins|strong:place a bet|strong:cashier|strong:bet slip|medium:casino|medium:slots|medium:sportsbook|medium:jackpot|medium:wager|medium:betting|structural:18+|negative:app store|negative:porn,2026-08-09T15:48:26Z
https://dbbetbangladesh.bet,dbbetbangladesh.bet,1.0,strong:free spins|strong:place a bet|strong:bet slip|medium:casino|medium:slots|medium:betting,2026-08-09T15:48:27Z
https://dbbet-win.bet,dbbet-win.bet,1.0,strong:live dealer|strong:ukgc|medium:casino|medium:slots|medium:sportsbook|medium:wager|medium:betting|structural:responsible gambling,2026-08-09T15:48:28Z
https://dbbetpro.bet,dbbetpro.bet,1.0,strong:free spins|strong:live dealer|medium:casino|medium:slots|medium:sportsbook|medium:jackpot|medium:wager|medium:betting,2026-08-09T15:48:28Z
https://dbbetsrilanka.bet,dbbetsrilanka.bet,1.0,strong:live dealer|strong:curaçao egaming|strong:curacao egaming|medium:casino|medium:slots|medium:sportsbook|medium:wager|medium:betting|structural:18+,2026-08-09T15:48:28Z
https://dbbetsrilanka.bet,dbbetsrilanka.bet,1.0,strong:live dealer|strong:curaçao egaming|strong:curacao egaming|medium:casino|medium:slots|medium:sportsbook|medium:wager|medium:betting|structural:18+,2026-08-09T15:48:29Z
https://dc1111.bet,dc1111.bet,1.0,strong:free spins|strong:place a bet|strong:live dealer|strong:play now|medium:casino|medium:slots|medium:poker|medium:jackpot|medium:wager|medium:betting,2026-08-09T15:48:35Z
https://dd9999.bet,dd9999.bet,1.0,strong:deposit bonus|strong:free spins|strong:live dealer|medium:casino|medium:slots|medium:poker|medium:jackpot|medium:wager|medium:betting|structural:18+|structural:responsible gambling,2026-08-09T15:49:08Z
https://dd9999.bet,dd9999.bet,1.0,strong:deposit bonus|strong:free spins|strong:live dealer|medium:casino|medium:slots|medium:poker|medium:jackpot|medium:wager|medium:betting|structural:18+|structural:responsible gambling,2026-08-09T15:49:08Z
https://degensipl.bet,degensipl.bet,0.75,strong:claim bonus|strong:ukgc|medium:casino|structural:18+,2026-08-09T15:51:28Z
https://deloro-casino.bet,deloro-casino.bet,1.0,strong:free spins|strong:curaçao egaming|medium:casino|medium:slots|medium:poker|medium:jackpot|structural:18+,2026-08-09T15:51:48Z
https://deloro-casino.bet,deloro-casino.bet,1.0,strong:free spins|strong:curaçao egaming|medium:casino|medium:slots|medium:poker|medium:jackpot|structural:18+,2026-08-09T15:51:48Z
https://deloro.bet,deloro.bet,1.0,strong:free spins|strong:live dealer|strong:claim bonus|medium:casino|medium:slots|medium:jackpot|structural:18+,2026-08-09T15:51:48Z
https://deloro.bet,deloro.bet,1.0,strong:free spins|strong:live dealer|strong:claim bonus|medium:casino|medium:slots|medium:jackpot|structural:18+,2026-08-09T15:51:48Z
https://deloro.bet,deloro.bet,1.0,strong:free spins|strong:live dealer|strong:claim bonus|medium:casino|medium:slots|medium:jackpot|structural:18+,2026-08-09T15:51:48Z
https://delorocasino.bet,delorocasino.bet,1.0,strong:free spins|strong:live dealer|medium:casino|medium:slots|medium:poker|medium:jackpot|medium:wager|medium:betting,2026-08-09T15:51:49Z
https://demoslots.bet,demoslots.bet,0.9,strong:free spins|strong:live dealer|medium:casino|medium:slots|medium:sportsbook|medium:wager,2026-08-09T15:52:06Z
https://dendy-casino.bet,dendy-casino.bet,1.0,strong:deposit bonus|strong:free spins|strong:live dealer|strong:withdraw winnings|strong:cashier|medium:casino|medium:slots|medium:poker|medium:jackpot|medium:wager|medium:betting|structural:18+|structural:responsible gambling|negative:app store,2026-08-09T15:52:11Z
https://depobos.bet,depobos.bet,1.0,strong:deposit bonus|strong:free spins|strong:live dealer|medium:casino|medium:slots|medium:sportsbook|medium:wager|medium:betting,2026-08-09T15:52:28Z
https://desertnights-casino.bet,desertnights-casino.bet,1.0,strong:deposit bonus|strong:free spins|strong:claim bonus|strong:play now|strong:curacao egaming|medium:casino|medium:slots|medium:poker|medium:jackpot|medium:wager|medium:betting|structural:18+|structural:responsible gambling,2026-08-09T15:53:00Z
https://desertnights-casino.bet,desertnights-casino.bet,1.0,strong:deposit bonus|strong:free spins|strong:claim bonus|strong:play now|strong:curacao egaming|medium:casino|medium:slots|medium:poker|medium:jackpot|medium:wager|medium:betting|structural:18+|structural:responsible gambling,2026-08-09T15:53:00Z
https://desertnightscasino.bet,desertnightscasino.bet,0.95,strong:free spins|strong:curaçao egaming|medium:casino|medium:slots|medium:poker|structural:responsible gambling,2026-08-09T15:53:02Z
https://desertnightcasino.bet,desertnightcasino.bet,1.0,strong:deposit bonus|strong:curacao egaming|medium:casino|medium:slots|medium:poker|medium:jackpot|structural:18+,2026-08-09T15:53:04Z
https://det999.bet,det999.bet,1.0,strong:free spins|strong:live dealer|strong:play now|medium:casino|medium:slots|medium:poker|medium:wager|medium:betting|negative:how to play,2026-08-09T15:53:27Z
https://dewa11.bet,dewa11.bet,0.8,strong:live dealer|strong:claim bonus|medium:casino|medium:slots|medium:sportsbook,2026-08-09T15:53:56Z
https://dewa303.bet,dewa303.bet,1.0,strong:free spins|strong:live dealer|medium:casino|medium:slots|medium:sportsbook|medium:wager|medium:betting,2026-08-09T15:53:57Z
https://dewa999.bet,dewa999.bet,1.0,strong:free spins|strong:live dealer|medium:casino|medium:slots|medium:sportsbook|medium:wager|medium:betting,2026-08-09T15:54:01Z
https://dewa91.bet,dewa91.bet,1.0,strong:free spins|strong:live dealer|medium:casino|medium:slots|medium:sportsbook|medium:wager|medium:betting,2026-08-09T15:54:02Z
https://dewa999.bet,dewa999.bet,1.0,strong:free spins|strong:live dealer|medium:casino|medium:slots|medium:sportsbook|medium:wager|medium:betting,2026-08-09T15:54:02Z
https://dewa99.bet,dewa99.bet,1.0,strong:deposit bonus|strong:live dealer|medium:casino|medium:slots|medium:sportsbook|medium:wager|medium:betting,2026-08-09T15:54:02Z
https://dewa99.bet,dewa99.bet,1.0,strong:deposit bonus|strong:live dealer|medium:casino|medium:slots|medium:sportsbook|medium:wager|medium:betting,2026-08-09T15:54:02Z
https://dewabos138.bet,dewabos138.bet,0.9,strong:live dealer|strong:bet slip|medium:casino|medium:slots|medium:sportsbook|medium:wager,2026-08-09T15:54:03Z
https://dewagacor234.bet,dewagacor234.bet,0.95,strong:free spins|strong:curacao egaming|medium:casino|medium:slots|medium:jackpot|structural:18+,2026-08-09T15:54:04Z
https://dewagg.bet,dewagg.bet,1.0,strong:claim bonus|strong:play now|medium:casino|medium:slots|medium:poker|medium:sportsbook|medium:betting,2026-08-09T15:54:05Z
https://dewahoki.bet,dewahoki.bet,1.0,strong:deposit bonus|strong:free spins|strong:live dealer|medium:casino|medium:slots|medium:sportsbook|medium:wager|medium:betting,2026-08-09T15:54:05Z
https://dewahoki.bet,dewahoki.bet,1.0,strong:deposit bonus|strong:free spins|strong:live dealer|medium:casino|medium:slots|medium:sportsbook|medium:wager|medium:betting,2026-08-09T15:54:05Z
https://dewajudi.bet,dewajudi.bet,1.0,strong:free spins|strong:live dealer|medium:casino|medium:slots|medium:sportsbook|medium:wager|medium:betting,2026-08-09T15:54:06Z
https://dewajudi.bet,dewajudi.bet,1.0,strong:free spins|strong:live dealer|medium:casino|medium:slots|medium:sportsbook|medium:wager|medium:betting,2026-08-09T15:54:06Z
https://dewalangit.bet,dewalangit.bet,1.0,strong:free spins|strong:live dealer|medium:casino|medium:slots|medium:sportsbook|medium:wager|medium:betting,2026-08-09T15:54:08Z
https://dewalangit.bet,dewalangit.bet,1.0,strong:free spins|strong:live dealer|medium:casino|medium:slots|medium:sportsbook|medium:wager|medium:betting,2026-08-09T15:54:08Z
https://dewasgp.bet,dewasgp.bet,0.9,strong:free spins|strong:live dealer|medium:casino|medium:slots|medium:sportsbook|medium:betting,2026-08-09T15:54:14Z
https://dgb33.bet,dgb33.bet,0.9,strong:live dealer|strong:register now|medium:casino|medium:slots|medium:sportsbook|medium:betting,2026-08-09T15:55:16Z
https://dgb3.bet,dgb3.bet,1.0,strong:deposit bonus|strong:free spins|strong:live dealer|medium:casino|medium:slots|medium:jackpot|medium:wager|medium:betting|structural:18+|structural:responsible gambling,2026-08-09T15:55:16Z
https://dgb33.bet,dgb33.bet,0.9,strong:live dealer|strong:register now|medium:casino|medium:slots|medium:sportsbook|medium:betting,2026-08-09T15:55:19Z
https://dhk88.bet,dhk88.bet,1.0,strong:free spins|strong:live dealer|strong:claim bonus|medium:casino|medium:slots|medium:poker|medium:sportsbook|medium:jackpot|medium:betting|structural:18+,2026-08-09T15:55:40Z
https://dhk88.bet,dhk88.bet,1.0,strong:free spins|strong:live dealer|strong:claim bonus|medium:casino|medium:slots|medium:poker|medium:sportsbook|medium:jackpot|medium:betting|structural:18+,2026-08-09T15:55:41Z
https://diamond7casino-ca.bet,diamond7casino-ca.bet,1.0,strong:deposit bonus|strong:free spins|strong:mga/|medium:casino|medium:slots|medium:jackpot|structural:responsible gambling,2026-08-09T15:56:01Z
https://diamondreelscasino.bet,diamondreelscasino.bet,1.0,strong:deposit bonus|strong:free spins|strong:play now|strong:cashier|strong:curacao egaming|medium:casino|medium:slots|medium:poker|medium:jackpot|medium:wager|medium:betting|structural:18+|structural:responsible gambling,2026-08-09T15:56:05Z
https://diamondreelscasino.bet,diamondreelscasino.bet,1.0,strong:deposit bonus|strong:free spins|strong:cashier|strong:curacao egaming|medium:casino|medium:slots|medium:jackpot|medium:wager|structural:responsible gambling,2026-08-09T15:56:06Z
https://dicepalace.bet,dicepalace.bet,1.0,strong:deposit bonus|strong:free spins|strong:register now|medium:casino|medium:jackpot|medium:betting,2026-08-09T15:56:13Z
https://dicepalace.bet,dicepalace.bet,1.0,strong:deposit bonus|strong:free spins|strong:register now|medium:casino|medium:jackpot|medium:betting,2026-08-09T15:56:13Z
https://digits7casino-au.bet,digits7casino-au.bet,1.0,strong:deposit bonus|strong:free spins|strong:live dealer|medium:casino|medium:slots|medium:poker|medium:jackpot|medium:wager,2026-08-09T15:56:42Z
https://dingdingdingcasino.bet,dingdingdingcasino.bet,1.0,strong:deposit bonus|strong:free spins|strong:live dealer|strong:play now|strong:cashier|strong:curaçao egaming|medium:casino|medium:slots|medium:jackpot|medium:wager|medium:betting|structural:18+|structural:responsible gambling,2026-08-09T15:57:08Z
https://dingdingdingcasino.bet,dingdingdingcasino.bet,1.0,strong:deposit bonus|strong:free spins|strong:live dealer|strong:play now|strong:cashier|strong:curaçao egaming|medium:casino|medium:slots|medium:jackpot|medium:wager|medium:betting|structural:responsible gambling,2026-08-09T15:57:08Z
https://dinkum.bet,dinkum.bet,0.8,strong:free spins|strong:live dealer|medium:casino|medium:slots|medium:betting,2026-08-09T15:57:14Z
https://dinkum.bet,dinkum.bet,0.8,strong:free spins|strong:live dealer|medium:casino|medium:slots|medium:betting,2026-08-09T15:57:14Z
https://dino128.bet,dino128.bet,0.9,strong:deposit bonus|strong:free spins|medium:casino|medium:slots|medium:sportsbook|medium:betting,2026-08-09T15:57:15Z
https://dino128.bet,dino128.bet,0.9,strong:deposit bonus|strong:free spins|medium:casino|medium:slots|medium:sportsbook|medium:betting,2026-08-09T15:57:15Z
https://dipo4d.bet,dipo4d.bet,0.85,strong:free spins|strong:live dealer|medium:casino|medium:slots|medium:sportsbook|medium:wager|medium:betting|negative:app store,2026-08-09T15:57:27Z
https://discasino.bet,discasino.bet,1.0,strong:sign up now|strong:play now|medium:casino|medium:slots|medium:poker|medium:jackpot|medium:betting|structural:responsible gambling,2026-08-09T15:57:41Z
https://divaspin.bet,divaspin.bet,0.8,strong:free spins|strong:curaçao egaming|medium:casino|medium:slots|medium:jackpot,2026-08-09T15:58:03Z
https://divaspin-aus.bet,divaspin-aus.bet,1.0,strong:free spins|strong:live dealer|medium:casino|medium:slots|medium:poker|medium:jackpot|medium:wager,2026-08-09T15:58:04Z
https://divaspin-aus.bet,divaspin-aus.bet,1.0,strong:free spins|strong:live dealer|medium:casino|medium:slots|medium:poker|medium:jackpot|medium:wager,2026-08-09T15:58:04Z
https://djarum4.bet,djarum4.bet,0.9,strong:cashier|strong:bet slip|medium:casino|medium:slots|medium:sportsbook|medium:wager,2026-08-09T15:58:38Z
https://djtogel.bet,djtogel.bet,1.0,strong:deposit bonus|strong:free spins|strong:live dealer|medium:casino|medium:slots|medium:poker|medium:sportsbook|medium:jackpot|medium:betting,2026-08-09T15:58:44Z
https://djtogel.bet,djtogel.bet,1.0,strong:deposit bonus|strong:free spins|strong:live dealer|medium:casino|medium:slots|medium:poker|medium:sportsbook|medium:jackpot|medium:betting,2026-08-09T15:58:44Z
https://dk-88.bet,dk-88.bet,1.0,strong:deposit bonus|strong:free spins|strong:cashier|medium:casino|medium:slots|medium:sportsbook|medium:jackpot|medium:wager|medium:betting|structural:18+,2026-08-09T15:58:47Z
https://dk33.bet,dk33.bet,1.0,strong:live dealer|strong:register now|strong:play now|medium:casino|medium:slots|medium:jackpot|medium:betting|structural:18+|structural:age verification,2026-08-09T15:58:49Z
https://dk33.bet,dk33.bet,1.0,strong:live dealer|strong:register now|strong:play now|medium:casino|medium:slots|medium:jackpot|medium:betting|structural:18+|structural:age verification,2026-08-09T15:58:50Z
https://dk365.bet,dk365.bet,1.0,strong:free spins|strong:live dealer|strong:withdraw winnings|strong:play now|medium:casino|medium:slots|medium:jackpot|medium:wager|medium:betting|structural:18+,2026-08-09T15:58:50Z
https://dk7777.bet,dk7777.bet,1.0,strong:deposit bonus|strong:live dealer|medium:casino|medium:slots|medium:poker|medium:sportsbook|medium:jackpot|medium:wager|medium:betting,2026-08-09T15:58:53Z
https://dk88official.bet,dk88official.bet,1.0,strong:deposit bonus|strong:free spins|strong:live dealer|strong:cashier|medium:casino|medium:slots|medium:sportsbook|medium:jackpot|medium:wager|medium:betting|structural:18+,2026-08-09T15:58:57Z
https://dk88official.bet,dk88official.bet,1.0,strong:deposit bonus|strong:free spins|strong:live dealer|strong:cashier|medium:casino|medium:slots|medium:sportsbook|medium:jackpot|medium:wager|medium:betting|structural:18+,2026-08-09T15:58:58Z
https://dkvip.bet,dkvip.bet,1.0,strong:free spins|strong:play now|medium:casino|medium:slots|medium:jackpot|medium:wager|medium:betting|structural:18+,2026-08-09T15:59:21Z
https://dl2.bet,dl2.bet,1.0,strong:free spins|strong:live dealer|strong:play now|medium:casino|medium:slots|medium:jackpot|medium:wager|medium:betting,2026-08-09T15:59:29Z
https://dl2.bet,dl2.bet,1.0,strong:free spins|strong:live dealer|strong:play now|medium:casino|medium:slots|medium:jackpot|medium:wager|medium:betting,2026-08-09T15:59:29Z
https://dl444.bet,dl444.bet,1.0,strong:deposit bonus|strong:live dealer|medium:casino|medium:slots|medium:poker|medium:jackpot|medium:wager|medium:betting|structural:18+,2026-08-09T15:59:34Z
https://dm444.bet,dm444.bet,1.0,strong:free spins|strong:live dealer|strong:withdraw winnings|medium:casino|medium:slots|medium:poker|medium:sportsbook|medium:jackpot|medium:wager|medium:betting|structural:18+|structural:age verification,2026-08-09T15:59:37Z
https://dmjili.bet,dmjili.bet,1.0,strong:deposit bonus|strong:free spins|strong:sign up now|medium:casino|medium:slots|medium:poker,2026-08-09T15:59:48Z
https://do222.bet,do222.bet,1.0,strong:free spins|strong:live dealer|strong:play now|medium:casino|medium:slots|medium:jackpot|medium:wager|medium:betting,2026-08-09T16:00:17Z
https://dolan.bet,dolan.bet,1.0,strong:free spins|strong:live dealer|medium:casino|medium:slots|medium:sportsbook|medium:wager|medium:betting,2026-08-09T16:00:53Z
https://dollycasino.bet,dollycasino.bet,1.0,strong:free spins|strong:live dealer|strong:register now|strong:curacao egaming|medium:casino|medium:slots|medium:jackpot,2026-08-09T16:01:00Z
https://doubledown-casino.bet,doubledown-casino.bet,1.0,strong:deposit bonus|strong:free spins|medium:casino|medium:slots|medium:poker|medium:jackpot|structural:18+,2026-08-09T16:02:38Z
https://doubledown-casino.bet,doubledown-casino.bet,1.0,strong:deposit bonus|strong:free spins|medium:casino|medium:slots|medium:poker|medium:jackpot|structural:18+,2026-08-09T16:02:38Z
https://doubleu-casino.bet,doubleu-casino.bet,1.0,strong:deposit bonus|strong:free spins|strong:live dealer|strong:cashier|strong:curacao egaming|medium:casino|medium:slots|medium:jackpot|medium:wager|structural:responsible gambling,2026-08-09T16:02:42Z
https://doubleucasino.bet,doubleucasino.bet,1.0,strong:deposit bonus|strong:free spins|strong:live dealer|strong:curacao egaming|medium:casino|medium:slots,2026-08-09T16:02:43Z
https://doubleucasino.bet,doubleucasino.bet,1.0,strong:deposit bonus|strong:free spins|strong:live dealer|strong:play now|strong:cashier|strong:curacao egaming|medium:casino|medium:slots|medium:poker|medium:jackpot|medium:wager|medium:betting|structural:18+,2026-08-09T16:02:45Z
https://doxxx.bet,doxxx.bet,1.0,strong:deposit bonus|strong:free spins|strong:live dealer|strong:cashier|strong:mga/|strong:ukgc|medium:casino|medium:slots|medium:poker|medium:sportsbook|medium:jackpot|medium:wager|medium:betting|structural:18+|structural:responsible gambling|negative:app store,2026-08-09T16:03:21Z
https://dp111.bet,dp111.bet,1.0,strong:live dealer|strong:cashier|medium:casino|medium:slots|medium:poker|medium:sportsbook|medium:wager|medium:betting|structural:18+,2026-08-09T16:03:21Z
https://doxxx.bet,doxxx.bet,1.0,strong:deposit bonus|strong:free spins|strong:live dealer|strong:cashier|strong:mga/|strong:ukgc|medium:casino|medium:slots|medium:poker|medium:sportsbook|medium:jackpot|medium:wager|medium:betting|structural:18+|structural:responsible gambling|negative:app store,2026-08-09T16:03:23Z
https://dracula-casino.bet,dracula-casino.bet,0.9,strong:claim bonus|strong:play now|medium:casino|medium:slots|medium:sportsbook|medium:betting,2026-08-09T16:03:39Z
https://dracula-casino.bet,dracula-casino.bet,0.9,strong:claim bonus|strong:play now|medium:casino|medium:slots|medium:sportsbook|medium:betting,2026-08-09T16:03:40Z
https://dracula-casino.bet,dracula-casino.bet,0.9,strong:claim bonus|strong:play now|medium:casino|medium:slots|medium:sportsbook|medium:betting,2026-08-09T16:03:40Z
https://draculacasino.bet,draculacasino.bet,0.9,strong:live dealer|strong:curaçao egaming|medium:casino|medium:slots|medium:jackpot|medium:betting,2026-08-09T16:03:40Z
https://draftkingscasino.bet,draftkingscasino.bet,0.95,strong:deposit bonus|strong:free spins|strong:curacao egaming|medium:casino|medium:slots,2026-08-09T16:03:42Z
https://draftkingscasino.bet,draftkingscasino.bet,0.95,strong:deposit bonus|strong:free spins|strong:curacao egaming|medium:casino|medium:slots,2026-08-09T16:03:42Z
https://dragon-slots.bet,dragon-slots.bet,1.0,strong:deposit bonus|strong:free spins|strong:mga/|medium:casino|medium:slots|medium:jackpot|structural:18+,2026-08-09T16:03:45Z
https://dragoniacasino.bet,dragoniacasino.bet,1.0,strong:free spins|strong:live dealer|strong:cashier|medium:casino|medium:slots|medium:poker|medium:jackpot|medium:wager|structural:responsible gambling,2026-08-09T16:03:58Z
https://dragons-slots.bet,dragons-slots.bet,1.0,strong:deposit bonus|strong:free spins|strong:live dealer|medium:casino|medium:slots|medium:poker|medium:sportsbook|medium:jackpot|medium:wager|medium:betting|structural:18+,2026-08-09T16:04:03Z
https://dragonslots-casino.bet,dragonslots-casino.bet,0.95,strong:deposit bonus|strong:free spins|strong:curaçao egaming|medium:casino|medium:slots,2026-08-09T16:04:06Z
https://dragonslots-casino.bet,dragonslots-casino.bet,0.95,strong:deposit bonus|strong:free spins|strong:curaçao egaming|medium:casino|medium:slots,2026-08-09T16:04:10Z
https://drakon.bet,drakon.bet,1.0,strong:deposit bonus|strong:live dealer|medium:casino|medium:slots|medium:poker|medium:sportsbook|medium:wager|medium:betting,2026-08-09T16:04:28Z
https://dreamwins-casino.bet,dreamwins-casino.bet,1.0,strong:deposit bonus|strong:free spins|strong:live dealer|strong:cashier|medium:casino|medium:slots|structural:responsible gambling,2026-08-09T16:04:54Z
https://dreamwins-casino.bet,dreamwins-casino.bet,1.0,strong:deposit bonus|strong:free spins|strong:live dealer|strong:cashier|medium:casino|medium:slots|medium:wager|structural:responsible gambling,2026-08-09T16:04:54Z
https://dreamvegas.bet,dreamvegas.bet,1.0,strong:deposit bonus|strong:free spins|strong:live dealer|strong:play now|strong:cashier|strong:mga/|medium:casino|medium:slots|medium:poker|medium:sportsbook|medium:jackpot|medium:wager|medium:betting|structural:18+|structural:responsible gambling,2026-08-09T16:04:55Z
https://drella.bet,drella.bet,1.0,strong:free spins|strong:cashier|medium:casino|medium:slots|medium:poker|medium:wager|medium:betting,2026-08-09T16:04:55Z
https://drella.bet,drella.bet,1.0,strong:free spins|strong:cashier|medium:casino|medium:slots|medium:poker|medium:wager|medium:betting,2026-08-09T16:04:55Z
https://drift-casino.bet,drift-casino.bet,1.0,strong:deposit bonus|strong:free spins|strong:live dealer|strong:cashier|strong:mga/|medium:casino|medium:slots|medium:wager|structural:age verification,2026-08-09T16:05:01Z
https://drift-casino.bet,drift-casino.bet,0.95,strong:deposit bonus|strong:free spins|strong:mga/|medium:casino|medium:slots,2026-08-09T16:05:02Z
https://dso777.bet,dso777.bet,0.9,strong:free spins|strong:live dealer|medium:casino|medium:slots|medium:sportsbook|medium:wager,2026-08-09T16:05:57Z
https://dsquared2.bet,dsquared2.bet,1.0,strong:deposit bonus|strong:withdraw winnings|strong:register now|medium:casino|medium:slots|medium:poker|medium:jackpot|medium:wager|medium:betting,2026-08-09T16:05:59Z
https://ducati.bet,ducati.bet,0.9,strong:free spins|strong:live dealer|medium:casino|medium:slots|medium:sportsbook|medium:betting,2026-08-09T16:06:38Z
https://duckyluck-casino.bet,duckyluck-casino.bet,1.0,strong:deposit bonus|strong:free spins|strong:live dealer|strong:play now|strong:curacao egaming|medium:casino|medium:slots|medium:wager,2026-08-09T16:06:43Z
https://ducky.bet,ducky.bet,1.0,strong:deposit bonus|strong:free spins|strong:live dealer|strong:play now|medium:casino|medium:slots|medium:poker|medium:jackpot|medium:betting|structural:responsible gambling,2026-08-09T16:06:43Z
https://ducky.bet,ducky.bet,1.0,strong:deposit bonus|strong:free spins|strong:live dealer|strong:play now|medium:casino|medium:slots|medium:poker|medium:jackpot|medium:betting|structural:responsible gambling,2026-08-09T16:06:43Z
https://duckyluck.bet,duckyluck.bet,1.0,strong:deposit bonus|strong:free spins|strong:live dealer|strong:play now|medium:casino|medium:slots|medium:poker|medium:jackpot|medium:betting|structural:responsible gambling,2026-08-09T16:06:43Z
https://duckyluck-casino.bet,duckyluck-casino.bet,1.0,strong:deposit bonus|strong:free spins|strong:live dealer|strong:play now|strong:curacao egaming|medium:casino|medium:slots|medium:wager|structural:18+,2026-08-09T16:06:44Z
https://duckysino.bet,duckysino.bet,1.0,strong:deposit bonus|strong:free spins|strong:claim bonus|medium:casino|medium:slots|medium:poker|medium:jackpot|structural:18+,2026-08-09T16:06:44Z
https://duckysino.bet,duckysino.bet,1.0,strong:deposit bonus|strong:free spins|strong:claim bonus|medium:casino|medium:slots|medium:poker|medium:jackpot|structural:18+,2026-08-09T16:06:44Z
https://duckyluckcasino.bet,duckyluckcasino.bet,0.95,strong:free spins|strong:mga/|medium:casino|medium:slots|medium:jackpot|structural:18+,2026-08-09T16:06:45Z
https://duel-bits.bet,duel-bits.bet,1.0,strong:deposit bonus|strong:free spins|strong:play now|medium:casino|medium:slots|medium:jackpot|structural:18+,2026-08-09T16:06:51Z
https://duelbit.bet,duelbit.bet,1.0,strong:deposit bonus|strong:free spins|strong:cashier|strong:ukgc|medium:casino|medium:slots|medium:sportsbook|medium:wager|medium:betting|negative:app store,2026-08-09T16:06:53Z
https://duelbit.bet,duelbit.bet,1.0,strong:deposit bonus|strong:free spins|strong:cashier|strong:ukgc|medium:casino|medium:slots|medium:sportsbook|medium:wager|medium:betting|negative:app store,2026-08-09T16:06:53Z
https://duelz-casino.bet,duelz-casino.bet,1.0,strong:deposit bonus|strong:free spins|strong:live dealer|strong:mga/|medium:casino|medium:slots|medium:jackpot|structural:18+,2026-08-09T16:06:54Z
https://duelz-casino.bet,duelz-casino.bet,1.0,strong:deposit bonus|strong:free spins|strong:live dealer|strong:mga/|medium:casino|medium:slots|medium:jackpot,2026-08-09T16:06:57Z
https://dultoto.bet,dultoto.bet,1.0,strong:free spins|strong:live dealer|medium:casino|medium:slots|medium:sportsbook|medium:wager|medium:betting,2026-08-09T16:07:08Z
https://dultoto.bet,dultoto.bet,1.0,strong:free spins|strong:live dealer|medium:casino|medium:slots|medium:sportsbook|medium:wager|medium:betting,2026-08-09T16:07:08Z
https://dumspiro.bet,dumspiro.bet,1.0,strong:free spins|strong:live dealer|strong:curacao egaming|medium:casino|medium:slots|medium:sportsbook|medium:jackpot|structural:18+,2026-08-09T16:07:16Z
https://dumspiro.bet,dumspiro.bet,1.0,strong:free spins|strong:live dealer|strong:curacao egaming|medium:casino|medium:slots|medium:sportsbook|medium:jackpot|structural:18+,2026-08-09T16:07:16Z
https://dunder-casino.bet,dunder-casino.bet,1.0,strong:deposit bonus|strong:free spins|strong:live dealer|strong:mga/|medium:casino|medium:slots|medium:jackpot|structural:18+,2026-08-09T16:07:18Z
https://dundercasino.bet,dundercasino.bet,0.95,strong:deposit bonus|strong:free spins|strong:mga/|medium:casino|medium:slots,2026-08-09T16:07:19Z
https://dundercasino.bet,dundercasino.bet,1.0,strong:deposit bonus|strong:free spins|strong:live dealer|strong:cashier|strong:mga/|medium:casino|medium:slots|medium:jackpot|medium:wager|structural:responsible gambling,2026-08-09T16:07:19Z
https://dunder-casino.bet,dunder-casino.bet,1.0,strong:deposit bonus|strong:free spins|strong:live dealer|strong:mga/|medium:casino|medium:slots|medium:jackpot|structural:18+,2026-08-09T16:07:22Z
https://dunia4d.bet,dunia4d.bet,1.0,strong:free spins|strong:live dealer|strong:play now|medium:casino|medium:slots|medium:sportsbook|medium:betting,2026-08-09T16:07:24Z
https://dunia4d.bet,dunia4d.bet,1.0,strong:free spins|strong:live dealer|strong:play now|medium:casino|medium:slots|medium:sportsbook|medium:betting,2026-08-09T16:07:24Z
https://dunia77.bet,dunia77.bet,1.0,strong:free spins|strong:live dealer|medium:casino|medium:slots|medium:sportsbook|medium:wager|medium:betting,2026-08-09T16:07:24Z
https://dundeeslots.bet,dundeeslots.bet,1.0,strong:deposit bonus|strong:free spins|strong:live dealer|strong:curacao egaming|medium:casino|medium:slots|medium:poker|medium:jackpot|medium:wager,2026-08-09T16:07:24Z
https://dunia777.bet,dunia777.bet,1.0,strong:free spins|strong:live dealer|medium:casino|medium:slots|medium:poker|medium:sportsbook|medium:wager|medium:betting,2026-08-09T16:07:24Z
https://duniagames.bet,duniagames.bet,0.8,strong:live dealer|strong:cashier|medium:casino|medium:slots|medium:sportsbook,2026-08-09T16:07:25Z
https://duniagames.bet,duniagames.bet,0.8,strong:live dealer|strong:cashier|medium:casino|medium:slots|medium:sportsbook,2026-08-09T16:07:25Z
https://duospin.bet,duospin.bet,1.0,strong:deposit bonus|strong:free spins|strong:live dealer|strong:withdraw winnings|strong:sign up now|strong:play now|strong:cashier|medium:casino|medium:slots|medium:poker|medium:sportsbook|medium:jackpot|medium:wager|medium:betting|structural:18+|structural:responsible gambling|negative:app store,2026-08-09T16:07:31Z
https://duospin.bet,duospin.bet,1.0,strong:deposit bonus|strong:free spins|strong:live dealer|strong:withdraw winnings|strong:sign up now|strong:play now|strong:cashier|medium:casino|medium:slots|medium:poker|medium:sportsbook|medium:jackpot|medium:wager|medium:betting|structural:18+|structural:responsible gambling|negative:app store,2026-08-09T16:07:31Z
https://dusk.bet,dusk.bet,1.0,strong:free spins|strong:live dealer|medium:casino|medium:slots|medium:sportsbook|medium:wager|medium:betting,2026-08-09T16:07:37Z
https://dux.bet,dux.bet,0.9,strong:free spins|strong:live dealer|medium:casino|medium:slots|medium:poker|medium:jackpot,2026-08-09T16:07:47Z
https://duzo.bet,duzo.bet,1.0,strong:live dealer|strong:bet slip|medium:casino|medium:slots|medium:wager|medium:betting|structural:18+|structural:responsible gambling|structural:age verification,2026-08-09T16:07:49Z
https://duxcasino.bet,duxcasino.bet,1.0,strong:deposit bonus|strong:free spins|strong:live dealer|strong:withdraw winnings|strong:mga/|medium:casino|medium:slots|medium:poker|medium:jackpot|medium:wager|medium:betting|structural:18+|structural:responsible gambling,2026-08-09T16:07:49Z
https://duxcasino.bet,duxcasino.bet,1.0,strong:deposit bonus|strong:free spins|strong:live dealer|strong:withdraw winnings|strong:mga/|medium:casino|medium:slots|medium:poker|medium:jackpot|medium:wager|medium:betting|structural:18+|structural:responsible gambling,2026-08-09T16:07:49Z
https://dwg.bet,dwg.bet,0.9,strong:free spins|strong:live dealer|medium:casino|medium:slots|medium:wager|medium:betting,2026-08-09T16:08:07Z
https://dwggoke.bet,dwggoke.bet,1.0,strong:claim bonus|strong:play now|medium:casino|medium:slots|medium:poker|medium:sportsbook|medium:betting,2026-08-09T16:08:09Z
https://dx3.bet,dx3.bet,1.0,strong:live dealer|strong:cashier|medium:casino|medium:slots|medium:poker|medium:sportsbook|medium:betting,2026-08-09T16:08:16Z
https://e04.bet,e04.bet,1.0,strong:free spins|strong:live dealer|strong:register now|medium:casino|medium:slots|medium:poker|medium:jackpot|medium:betting,2026-08-09T16:08:53Z
https://e2c.bet,e2c.bet,1.0,strong:free spins|strong:place a bet|strong:register now|strong:bet slip|medium:casino|medium:slots|medium:jackpot|medium:wager|medium:betting,2026-08-09T16:09:20Z
https://e2c.bet,e2c.bet,1.0,strong:free spins|strong:place a bet|strong:register now|strong:bet slip|medium:casino|medium:slots|medium:jackpot|medium:wager|medium:betting,2026-08-09T16:09:20Z
https://e88apk.bet,e88apk.bet,0.9,strong:live dealer|strong:cashier|medium:casino|medium:slots|medium:sportsbook|medium:betting,2026-08-09T16:09:52Z
https://e88apk.bet,e88apk.bet,0.9,strong:live dealer|strong:cashier|medium:casino|medium:slots|medium:sportsbook|medium:betting,2026-08-09T16:09:53Z
https://e95.bet,e95.bet,1.0,strong:live dealer|strong:register now|medium:casino|medium:slots|medium:poker|medium:jackpot|medium:betting|structural:responsible gambling|structural:age verification,2026-08-09T16:10:03Z
https://ea77bd.bet,ea77bd.bet,1.0,strong:live dealer|strong:play now|medium:casino|medium:slots|medium:poker|medium:jackpot|medium:betting,2026-08-09T16:10:15Z
https://ebb999.bet,ebb999.bet,1.0,strong:free spins|strong:live dealer|strong:withdraw winnings|strong:play now|medium:casino|medium:slots|medium:poker|medium:sportsbook|medium:jackpot|medium:betting|structural:responsible gambling,2026-08-09T16:11:23Z
https://ec999.bet,ec999.bet,1.0,strong:free spins|strong:live dealer|medium:casino|medium:slots|medium:sportsbook|medium:jackpot|medium:wager|medium:betting|structural:18+|structural:responsible gambling|structural:age verification,2026-08-09T16:11:59Z
https://ed44.bet,ed44.bet,1.0,strong:free spins|strong:live dealer|medium:casino|medium:slots|medium:poker|medium:wager|medium:betting|structural:18+,2026-08-09T16:12:33Z
https://edmtogel.bet,edmtogel.bet,1.0,strong:deposit bonus|strong:free spins|strong:live dealer|medium:casino|medium:slots|medium:sportsbook|medium:wager,2026-08-09T16:12:49Z
https://egtslots.bet,egtslots.bet,1.0,strong:deposit bonus|strong:free spins|strong:live dealer|strong:play now|strong:cashier|strong:curacao egaming|medium:casino|medium:slots|medium:jackpot|medium:wager|medium:betting|structural:18+,2026-08-09T16:15:12Z
https://ek9995.bet,ek9995.bet,1.0,strong:free spins|strong:live dealer|strong:play now|medium:casino|medium:slots|medium:poker|medium:betting|negative:how to play,2026-08-09T16:15:47Z
https://ekstrapoint.bet,ekstrapoint.bet,1.0,strong:deposit bonus|strong:free spins|strong:live dealer|strong:withdraw winnings|strong:claim bonus|strong:play now|strong:curacao egaming|medium:casino|medium:slots|medium:wager|medium:betting|structural:18+,2026-08-09T16:15:55Z
https://elangspin.bet,elangspin.bet,0.8,strong:live dealer|strong:claim bonus|medium:casino|medium:slots|medium:sportsbook,2026-08-09T16:15:58Z
https://elangwin.bet,elangwin.bet,0.9,strong:live dealer|strong:bet slip|medium:casino|medium:slots|medium:sportsbook|medium:betting,2026-08-09T16:15:58Z
https://elion.bet,elion.bet,1.0,strong:place a bet|strong:live dealer|medium:casino|medium:slots|medium:sportsbook|medium:jackpot|medium:wager|medium:betting|structural:age verification|negative:app store,2026-08-09T16:16:45Z
https://elitebonushub.bet,elitebonushub.bet,1.0,strong:free spins|strong:claim bonus|medium:casino|medium:slots|medium:sportsbook|medium:wager|structural:18+,2026-08-09T16:16:53Z
https://elitebonushub.bet,elitebonushub.bet,1.0,strong:deposit bonus|strong:free spins|strong:claim bonus|medium:casino|medium:slots|medium:sportsbook|medium:wager|structural:18+,2026-08-09T16:16:53Z
https://elon-casino.bet,elon-casino.bet,1.0,strong:deposit bonus|strong:free spins|strong:live dealer|strong:claim bonus|strong:play now|strong:curacao egaming|medium:casino|medium:slots|medium:poker|medium:sportsbook|medium:jackpot|medium:wager|medium:betting|structural:responsible gambling,2026-08-09T16:17:21Z
https://elon-casino.bet,elon-casino.bet,1.0,strong:deposit bonus|strong:free spins|strong:live dealer|strong:claim bonus|strong:play now|strong:curacao egaming|medium:casino|medium:slots|medium:poker|medium:jackpot|medium:wager|medium:betting,2026-08-09T16:17:21Z
https://emasslot.bet,emasslot.bet,0.9,strong:free spins|strong:live dealer|medium:casino|medium:poker|medium:sportsbook|medium:wager,2026-08-09T16:17:46Z
https://emojino.bet,emojino.bet,0.85,strong:free spins|strong:mga/|medium:casino|medium:slots|structural:18+,2026-08-09T16:18:12Z
https://emojinocasino.bet,emojinocasino.bet,0.95,strong:deposit bonus|strong:free spins|strong:mga/|medium:casino|medium:slots,2026-08-09T16:18:12Z
https://empati138.bet,empati138.bet,0.8,strong:live dealer|strong:cashier|medium:casino|medium:slots|medium:sportsbook,2026-08-09T16:18:13Z
https://empati138.bet,empati138.bet,0.8,strong:live dealer|strong:cashier|medium:casino|medium:slots|medium:sportsbook,2026-08-09T16:18:13Z
https://emojinocasino.bet,emojinocasino.bet,1.0,strong:deposit bonus|strong:free spins|strong:play now|strong:cashier|strong:mga/|medium:casino|medium:slots|medium:poker|medium:jackpot|medium:wager|medium:betting|structural:18+|structural:responsible gambling,2026-08-09T16:18:13Z
https://emunra.bet,emunra.bet,0.8,strong:free spins|strong:curaçao egaming|medium:casino|medium:slots|medium:wager,2026-08-09T16:18:44Z
https://emu-casino.bet,emu-casino.bet,1.0,strong:deposit bonus|strong:free spins|strong:live dealer|strong:play now|strong:curaçao egaming|medium:casino|medium:slots|medium:poker|medium:wager|structural:18+,2026-08-09T16:18:45Z
https://ender.bet,ender.bet,0.9,strong:deposit bonus|strong:live dealer|medium:casino|medium:slots|medium:sportsbook|medium:betting,2026-08-09T16:18:49Z
https://ender.bet,ender.bet,0.9,strong:deposit bonus|strong:live dealer|medium:casino|medium:slots|medium:sportsbook|medium:betting,2026-08-09T16:18:49Z
https://energy-casino.bet,energy-casino.bet,0.85,strong:deposit bonus|strong:mga/|medium:casino|medium:jackpot|structural:18+,2026-08-09T16:18:54Z
https://energy-casino.bet,energy-casino.bet,0.85,strong:deposit bonus|strong:mga/|medium:casino|medium:jackpot|structural:18+,2026-08-09T16:18:54Z
https://enjoy96.bet,enjoy96.bet,1.0,strong:free spins|strong:live dealer|medium:casino|medium:poker|medium:sportsbook|medium:betting|structural:responsible gambling,2026-08-09T16:19:19Z
https://enreelsgold.bet,enreelsgold.bet,0.8,strong:live dealer|strong:ukgc|medium:casino|medium:slots|medium:sportsbook,2026-08-09T16:19:25Z
https://enreelsgold.bet,enreelsgold.bet,0.8,strong:live dealer|strong:ukgc|medium:casino|medium:slots|medium:sportsbook,2026-08-09T16:19:27Z
https://enzocasino.bet,enzocasino.bet,1.0,strong:free spins|strong:live dealer|medium:casino|medium:slots|medium:poker|medium:jackpot|structural:18+,2026-08-09T16:20:01Z
https://eos777.bet,eos777.bet,0.8,strong:live dealer|strong:cashier|medium:casino|medium:slots|medium:sportsbook,2026-08-09T16:20:05Z
https://ep4444.bet,ep4444.bet,0.95,strong:free spins|strong:live dealer|medium:casino|medium:slots|medium:betting|structural:18+,2026-08-09T16:20:08Z
https://ep4444.bet,ep4444.bet,0.95,strong:free spins|strong:live dealer|medium:casino|medium:slots|medium:betting|structural:18+,2026-08-09T16:20:08Z
https://epiphonecasino.bet,epiphonecasino.bet,1.0,strong:deposit bonus|strong:free spins|strong:live dealer|strong:register now|strong:claim bonus|medium:casino|medium:slots,2026-08-09T16:20:33Z
https://epiphonecasino.bet,epiphonecasino.bet,0.95,strong:deposit bonus|strong:free spins|strong:register now|medium:casino|medium:slots,2026-08-09T16:20:33Z
https://eq668.bet,eq668.bet,0.8,strong:live dealer|strong:cashier|medium:casino|medium:slots|medium:betting,2026-08-09T16:20:38Z
https://eq9au.bet,eq9au.bet,0.85,strong:deposit bonus|strong:free spins|strong:sign up now|medium:casino,2026-08-09T16:20:39Z
https://eraplay88.bet,eraplay88.bet,1.0,strong:deposit bonus|strong:free spins|strong:live dealer|medium:casino|medium:slots|medium:sportsbook|medium:wager,2026-08-09T16:21:01Z
https://erek30.bet,erek30.bet,0.9,strong:deposit bonus|strong:live dealer|medium:casino|medium:sportsbook|medium:wager|medium:betting,2026-08-09T16:21:05Z
https://erek25.bet,erek25.bet,1.0,strong:free spins|strong:live dealer|medium:casino|medium:slots|medium:poker|medium:wager|medium:betting,2026-08-09T16:21:05Z
https://erek38.bet,erek38.bet,1.0,strong:free spins|strong:live dealer|medium:casino|medium:slots|medium:sportsbook|medium:wager|medium:betting,2026-08-09T16:21:06Z
https://erek21.bet,erek21.bet,0.9,strong:free spins|strong:live dealer|medium:casino|medium:slots|medium:sportsbook|medium:betting,2026-08-09T16:21:06Z
https://erek33.bet,erek33.bet,0.8,strong:deposit bonus|strong:live dealer|medium:casino|medium:poker|medium:sportsbook,2026-08-09T16:21:06Z
https://erek61.bet,erek61.bet,1.0,strong:deposit bonus|strong:free spins|strong:live dealer|medium:casino|medium:slots|medium:sportsbook|medium:jackpot|medium:betting,2026-08-09T16:21:07Z
https://erek59.bet,erek59.bet,1.0,strong:deposit bonus|strong:live dealer|medium:casino|medium:slots|medium:poker|medium:sportsbook|medium:betting,2026-08-09T16:21:07Z
https://erek93.bet,erek93.bet,0.9,strong:free spins|strong:live dealer|medium:casino|medium:slots|medium:sportsbook|medium:betting,2026-08-09T16:21:07Z
https://erek95.bet,erek95.bet,1.0,strong:deposit bonus|strong:free spins|strong:live dealer|medium:casino|medium:slots|medium:wager|medium:betting,2026-08-09T16:21:07Z
https://erek50.bet,erek50.bet,0.8,strong:free spins|strong:live dealer|medium:casino|medium:slots|medium:sportsbook,2026-08-09T16:21:07Z
https://erek50.bet,erek50.bet,1.0,strong:free spins|strong:live dealer|medium:casino|medium:slots|medium:sportsbook|medium:wager|medium:betting,2026-08-09T16:21:08Z
https://eropa99.bet,eropa99.bet,1.0,strong:deposit bonus|strong:live dealer|strong:bet slip|medium:casino|medium:slots|medium:sportsbook|medium:wager|medium:betting,2026-08-09T16:21:11Z
https://eropa99.bet,eropa99.bet,1.0,strong:deposit bonus|strong:live dealer|strong:bet slip|medium:casino|medium:slots|medium:sportsbook|medium:wager|medium:betting,2026-08-09T16:21:11Z
https://esportgg.bet,esportgg.bet,0.9,strong:claim bonus|strong:bet slip|medium:casino|medium:slots|medium:wager|medium:betting,2026-08-09T16:22:29Z
https://eth-casino.bet,eth-casino.bet,1.0,strong:deposit bonus|strong:free spins|strong:register now|strong:curaçao egaming|medium:casino|medium:slots,2026-08-09T16:23:42Z
https://eth-casino.bet,eth-casino.bet,1.0,strong:deposit bonus|strong:free spins|strong:register now|strong:curaçao egaming|medium:casino|medium:slots,2026-08-09T16:23:45Z
https://ethereumcasino.bet,ethereumcasino.bet,1.0,strong:deposit bonus|strong:free spins|strong:live dealer|strong:play now|strong:cashier|strong:curaçao egaming|medium:casino|medium:slots|medium:jackpot|medium:wager|medium:betting|structural:18+|structural:responsible gambling|structural:age verification,2026-08-09T16:23:51Z
https://eu-casino.bet,eu-casino.bet,1.0,strong:deposit bonus|strong:free spins|strong:live dealer|strong:play now|strong:mga/|medium:casino|medium:slots|medium:wager|structural:responsible gambling,2026-08-09T16:24:08Z
https://eu-casino.bet,eu-casino.bet,1.0,strong:deposit bonus|strong:free spins|strong:live dealer|strong:play now|strong:mga/|medium:casino|medium:slots|medium:wager|structural:responsible gambling,2026-08-09T16:24:10Z
https://eula.bet,eula.bet,1.0,strong:deposit bonus|strong:free spins|strong:live dealer|medium:casino|medium:slots|medium:poker|medium:sportsbook|medium:betting,2026-08-09T16:24:16Z
https://eurogrand-casino.bet,eurogrand-casino.bet,1.0,strong:deposit bonus|strong:free spins|strong:claim bonus|medium:casino|medium:slots|medium:jackpot,2026-08-09T16:24:48Z
https://eurograndcasino.bet,eurograndcasino.bet,0.95,strong:deposit bonus|strong:free spins|medium:casino|medium:slots|medium:jackpot|structural:18+,2026-08-09T16:24:52Z
https://europa-casino.bet,europa-casino.bet,1.0,strong:deposit bonus|strong:free spins|strong:live dealer|strong:mga/|medium:casino|medium:slots|medium:poker|medium:wager|structural:18+,2026-08-09T16:24:53Z
https://europe777.bet,europe777.bet,1.0,strong:free spins|strong:ukgc|medium:casino|medium:slots|medium:jackpot|medium:wager|medium:betting|structural:responsible gambling,2026-08-09T16:25:04Z
https://europe777.bet,europe777.bet,1.0,strong:free spins|strong:cashier|strong:ukgc|strong:curaçao egaming|medium:casino|medium:slots|medium:poker|medium:jackpot|medium:wager|medium:betting|structural:18+|structural:gambleaware|structural:responsible gambling,2026-08-09T16:25:04Z
https://europefortune.bet,europefortune.bet,1.0,strong:deposit bonus|strong:free spins|strong:withdraw winnings|strong:cashier|strong:curaçao egaming|medium:casino|medium:slots|medium:jackpot|medium:wager|medium:betting|structural:18+,2026-08-09T16:25:09Z
https://europefortune.bet,europefortune.bet,1.0,strong:deposit bonus|strong:free spins|strong:withdraw winnings|strong:cashier|strong:curaçao egaming|medium:casino|medium:slots|medium:jackpot|medium:wager|medium:betting|structural:18+,2026-08-09T16:25:09Z
https://euslotcasino.bet,euslotcasino.bet,1.0,strong:deposit bonus|strong:free spins|strong:live dealer|strong:play now|strong:cashier|strong:mga/|medium:casino|medium:slots|medium:poker|medium:jackpot|medium:wager|medium:betting|structural:responsible gambling,2026-08-09T16:25:13Z
https://euslotcasino.bet,euslotcasino.bet,1.0,strong:deposit bonus|strong:free spins|strong:live dealer|strong:play now|strong:cashier|strong:mga/|medium:casino|medium:slots|medium:poker|medium:jackpot|medium:wager|medium:betting|structural:18+|structural:responsible gambling,2026-08-09T16:25:13Z
https://everygame.bet,everygame.bet,1.0,strong:sign up now|strong:play now|medium:casino|medium:slots|medium:poker|medium:sportsbook|medium:wager|medium:betting,2026-08-09T16:25:54Z
https://everygame.bet,everygame.bet,1.0,strong:sign up now|strong:play now|medium:casino|medium:slots|medium:poker|medium:sportsbook|medium:wager|medium:betting,2026-08-09T16:25:54Z
https://everygame.bet,everygame.bet,1.0,strong:sign up now|strong:play now|medium:casino|medium:slots|medium:poker|medium:sportsbook|medium:wager|medium:betting,2026-08-09T16:25:54Z
https://evip.bet,evip.bet,0.8,strong:free spins|strong:live dealer|medium:casino|medium:slots|medium:betting,2026-08-09T16:26:02Z
https://evip.bet,evip.bet,0.8,strong:free spins|strong:live dealer|medium:casino|medium:slots|medium:betting,2026-08-09T16:26:02Z
https://evo888.bet,evo888.bet,1.0,strong:free spins|strong:live dealer|medium:casino|medium:slots|medium:sportsbook|medium:wager|medium:betting,2026-08-09T16:26:14Z
https://evolve-casino.bet,evolve-casino.bet,1.0,strong:deposit bonus|strong:free spins|strong:live dealer|strong:claim bonus|strong:play now|strong:curacao egaming|medium:casino|medium:slots|medium:wager|structural:responsible gambling,2026-08-09T16:26:32Z
https://evolve-casino.bet,evolve-casino.bet,1.0,strong:deposit bonus|strong:free spins|strong:live dealer|strong:claim bonus|strong:play now|strong:curacao egaming|medium:casino|medium:slots|medium:jackpot|medium:wager|medium:betting|structural:18+|structural:responsible gambling,2026-08-09T16:26:34Z
https://evos.bet,evos.bet,1.0,strong:deposit bonus|strong:live dealer|medium:casino|medium:slots|medium:sportsbook|medium:wager|medium:betting,2026-08-09T16:26:38Z
https://evospin.bet,evospin.bet,1.0,strong:deposit bonus|strong:free spins|strong:claim bonus|medium:casino|medium:slots|medium:sportsbook|medium:jackpot|medium:wager|medium:betting|structural:18+,2026-08-09T16:26:40Z
https://evospin.bet,evospin.bet,1.0,strong:deposit bonus|strong:free spins|strong:claim bonus|medium:casino|medium:slots|medium:sportsbook|medium:jackpot|medium:wager|medium:betting|structural:18+,2026-08-09T16:26:40Z
https://evospin.bet,evospin.bet,1.0,strong:deposit bonus|strong:free spins|strong:claim bonus|medium:casino|medium:slots|medium:sportsbook|medium:jackpot|medium:wager|medium:betting|structural:18+,2026-08-09T16:26:40Z
https://evospin-casino.bet,evospin-casino.bet,1.0,strong:deposit bonus|strong:free spins|strong:live dealer|medium:casino|medium:slots|medium:poker|medium:jackpot|medium:betting,2026-08-09T16:26:40Z
https://evospin-casino.bet,evospin-casino.bet,1.0,strong:deposit bonus|strong:free spins|strong:live dealer|medium:casino|medium:slots|medium:poker|medium:jackpot|medium:betting,2026-08-09T16:26:40Z
https://excitewin.bet,excitewin.bet,0.95,strong:deposit bonus|strong:free spins|strong:register now|medium:casino|medium:slots,2026-08-09T16:27:16Z
https://excitewin.bet,excitewin.bet,1.0,strong:deposit bonus|strong:free spins|strong:live dealer|strong:register now|strong:cashier|medium:casino|medium:slots|medium:sportsbook|medium:wager,2026-08-09T16:27:19Z
https://exclusivecasino.bet,exclusivecasino.bet,1.0,strong:deposit bonus|strong:free spins|strong:live dealer|strong:claim bonus|strong:play now|strong:cashier|medium:casino|medium:slots|medium:poker|medium:jackpot|medium:wager|medium:betting|structural:18+|structural:responsible gambling,2026-08-09T16:27:21Z
https://exclusivecasino.bet,exclusivecasino.bet,1.0,strong:deposit bonus|strong:free spins|strong:live dealer|medium:casino|medium:slots|medium:poker|structural:responsible gambling,2026-08-09T16:27:21Z
https://expekt-casino.bet,expekt-casino.bet,1.0,strong:deposit bonus|strong:free spins|strong:live dealer|strong:cashier|medium:casino|medium:slots|medium:jackpot|medium:wager|medium:betting|structural:18+|negative:how to play,2026-08-09T16:27:45Z
https://extracasino.bet,extracasino.bet,1.0,strong:deposit bonus|strong:free spins|strong:live dealer|strong:cashier|medium:casino|medium:slots|medium:jackpot|medium:wager|structural:responsible gambling,2026-08-09T16:28:04Z
https://extracasino.bet,extracasino.bet,1.0,strong:deposit bonus|strong:free spins|strong:live dealer|strong:withdraw winnings|strong:play now|strong:cashier|medium:casino|medium:slots|medium:poker|medium:jackpot|medium:wager|medium:betting|structural:18+|structural:responsible gambling,2026-08-09T16:28:05Z
https://extremecash.bet,extremecash.bet,0.8,strong:live dealer|strong:register now|medium:casino|medium:slots|medium:betting,2026-08-09T16:28:06Z
https://extreme-casino.bet,extreme-casino.bet,0.9,strong:deposit bonus|strong:free spins|medium:casino|medium:slots|medium:jackpot|medium:wager,2026-08-09T16:28:06Z
https://eyangtogel.bet,eyangtogel.bet,0.9,strong:free spins|strong:live dealer|medium:casino|medium:slots|medium:jackpot|medium:wager,2026-08-09T16:28:10Z
https://ez338.bet,ez338.bet,1.0,strong:free spins|strong:live dealer|medium:casino|medium:slots|medium:sportsbook|medium:wager|medium:betting,2026-08-09T16:28:13Z
https://ez338.bet,ez338.bet,0.9,strong:free spins|strong:live dealer|medium:casino|medium:slots|medium:sportsbook|medium:betting,2026-08-09T16:28:13Z
https://ezph.bet,ezph.bet,0.8,strong:live dealer|strong:register now|medium:casino|medium:slots|medium:betting,2026-08-09T16:28:22Z
https://f1-casino.bet,f1-casino.bet,1.0,strong:deposit bonus|strong:free spins|strong:live dealer|strong:play now|strong:curacao egaming|medium:casino|medium:slots|medium:jackpot|medium:wager|structural:18+,2026-08-09T16:28:35Z
https://f1683.bet,f1683.bet,0.8,strong:live dealer|strong:cashier|medium:casino|medium:slots|medium:sportsbook,2026-08-09T16:28:39Z
https://f1683.bet,f1683.bet,0.8,strong:live dealer|strong:cashier|medium:casino|medium:slots|medium:sportsbook,2026-08-09T16:28:39Z
https://f200.bet,f200.bet,1.0,strong:free spins|strong:live dealer|medium:casino|medium:slots|medium:sportsbook|medium:wager|medium:betting,2026-08-09T16:29:09Z
https://f6688.bet,f6688.bet,0.9,strong:free spins|strong:live dealer|medium:casino|medium:slots|medium:jackpot|medium:wager,2026-08-09T16:29:38Z
https://f7777.bet,f7777.bet,1.0,strong:live dealer|strong:play now|strong:cashier|medium:casino|medium:slots|medium:jackpot|medium:wager|medium:betting|structural:age verification,2026-08-09T16:29:50Z
https://f7777.bet,f7777.bet,1.0,strong:live dealer|strong:play now|strong:cashier|medium:casino|medium:slots|medium:jackpot|medium:wager|medium:betting|structural:age verification,2026-08-09T16:29:51Z
https://f9club.bet,f9club.bet,0.75,strong:live dealer|strong:register now|medium:casino|medium:slots|medium:poker|medium:betting|negative:app store,2026-08-09T16:30:51Z
https://fa999c.bet,fa999c.bet,1.0,strong:deposit bonus|strong:live dealer|strong:claim bonus|strong:play now|medium:casino|medium:slots|medium:poker|medium:sportsbook|medium:jackpot|medium:wager|medium:betting,2026-08-09T16:32:22Z
https://faa999.bet,faa999.bet,1.0,strong:free spins|strong:place a bet|strong:live dealer|strong:play now|medium:casino|medium:slots|medium:jackpot|medium:betting|structural:age verification,2026-08-09T16:32:23Z
https://faa999.bet,faa999.bet,0.8,strong:free spins|strong:live dealer|medium:casino|medium:slots|medium:betting,2026-08-09T16:32:23Z
https://fabric8.bet,fabric8.bet,1.0,strong:deposit bonus|strong:live dealer|strong:bet slip|medium:casino|medium:slots|medium:sportsbook,2026-08-09T16:32:26Z
https://facaytoto.bet,facaytoto.bet,0.8,strong:live dealer|strong:cashier|medium:casino|medium:slots|medium:sportsbook,2026-08-09T16:32:30Z
https://faircrown-au.bet,faircrown-au.bet,1.0,strong:free spins|strong:live dealer|medium:casino|medium:slots|medium:sportsbook|medium:wager|medium:betting,2026-08-09T16:32:55Z
https://faircrown.bet,faircrown.bet,0.95,strong:deposit bonus|strong:free spins|strong:curaçao egaming|medium:casino|medium:slots,2026-08-09T16:32:56Z
https://faircrown.bet,faircrown.bet,0.95,strong:deposit bonus|strong:free spins|strong:curaçao egaming|medium:casino|medium:slots,2026-08-09T16:32:56Z
https://fairgocasino.bet,fairgocasino.bet,0.95,strong:deposit bonus|strong:free spins|strong:cashier|medium:casino|medium:slots,2026-08-09T16:32:58Z
https://fairgocasino.bet,fairgocasino.bet,1.0,strong:deposit bonus|strong:free spins|strong:cashier|medium:casino|medium:slots|medium:poker|structural:responsible gambling,2026-08-09T16:32:58Z
https://falkon4d.bet,falkon4d.bet,0.8,strong:live dealer|strong:cashier|medium:casino|medium:slots|medium:sportsbook,2026-08-09T16:33:31Z
https://falkon4d.bet,falkon4d.bet,0.8,strong:live dealer|strong:cashier|medium:casino|medium:slots|medium:sportsbook,2026-08-09T16:33:31Z
https://fals.bet,fals.bet,0.8,strong:free spins|strong:live dealer|medium:casino|medium:slots|medium:wager,2026-08-09T16:33:32Z
https://fals.bet,fals.bet,0.8,strong:free spins|strong:live dealer|medium:casino|medium:slots|medium:wager,2026-08-09T16:33:32Z
https://falken.bet,falken.bet,0.75,strong:deposit bonus|strong:claim bonus|medium:wager|structural:18+,2026-08-09T16:33:32Z
https://falken.bet,falken.bet,0.75,strong:deposit bonus|strong:claim bonus|medium:wager|structural:18+,2026-08-09T16:33:33Z
https://fansbetcasino.bet,fansbetcasino.bet,1.0,strong:deposit bonus|strong:free spins|strong:withdraw winnings|strong:play now|strong:cashier|strong:bet slip|strong:mga/|medium:casino|medium:slots|medium:poker|medium:sportsbook|medium:jackpot|medium:wager|medium:betting|structural:18+|structural:responsible gambling|structural:age verification,2026-08-09T16:34:28Z
https://fansbetcasino.bet,fansbetcasino.bet,1.0,strong:deposit bonus|strong:free spins|strong:mga/|medium:casino|medium:slots|medium:sportsbook|medium:betting,2026-08-09T16:34:28Z
https://fantasi.bet,fantasi.bet,1.0,strong:deposit bonus|strong:free spins|strong:live dealer|medium:casino|medium:slots|medium:wager|medium:betting,2026-08-09T16:34:39Z
https://fantasitoto.bet,fantasitoto.bet,1.0,strong:deposit bonus|strong:free spins|strong:live dealer|medium:casino|medium:slots|medium:sportsbook|medium:betting,2026-08-09T16:34:40Z
https://fantasi.bet,fantasi.bet,1.0,strong:deposit bonus|strong:free spins|strong:live dealer|medium:casino|medium:slots|medium:sportsbook|medium:jackpot|medium:wager|medium:betting,2026-08-09T16:34:40Z
https://fantastic4d.bet,fantastic4d.bet,1.0,strong:free spins|strong:live dealer|medium:casino|medium:slots|medium:sportsbook|medium:wager|medium:betting,2026-08-09T16:34:52Z
https://fastpaycasino.bet,fastpaycasino.bet,1.0,strong:free spins|strong:live dealer|strong:play now|strong:cashier|strong:curacao egaming|medium:casino|medium:slots|medium:poker|medium:jackpot|medium:wager|medium:betting|structural:18+|structural:age verification,2026-08-09T16:35:45Z
https://fastpaycasino.bet,fastpaycasino.bet,1.0,strong:free spins|strong:live dealer|strong:withdraw winnings|strong:play now|strong:cashier|strong:curacao egaming|medium:casino|medium:slots|medium:poker|medium:jackpot|medium:wager|medium:betting|structural:18+|structural:age verification,2026-08-09T16:35:45Z
https://fastpaycasino.bet,fastpaycasino.bet,1.0,strong:free spins|strong:live dealer|strong:withdraw winnings|strong:play now|strong:cashier|strong:curacao egaming|medium:casino|medium:slots|medium:poker|medium:jackpot|medium:wager|medium:betting|structural:18+|structural:age verification,2026-08-09T16:35:45Z
https://fastslotscasino.bet,fastslotscasino.bet,1.0,strong:free spins|strong:claim bonus|medium:casino|medium:slots|medium:jackpot|medium:wager|structural:18+,2026-08-09T16:35:49Z
https://fastslotscasino.bet,fastslotscasino.bet,1.0,strong:free spins|strong:claim bonus|medium:casino|medium:slots|medium:jackpot|medium:wager|structural:18+,2026-08-09T16:35:49Z
https://fastslotscasino.bet,fastslotscasino.bet,1.0,strong:free spins|strong:claim bonus|medium:casino|medium:slots|medium:jackpot|medium:wager|structural:18+,2026-08-09T16:35:49Z
https://fatbetcasino.bet,fatbetcasino.bet,1.0,strong:deposit bonus|strong:free spins|strong:live dealer|strong:claim bonus|strong:play now|strong:cashier|medium:casino|medium:slots|medium:wager|medium:betting|structural:18+,2026-08-09T16:36:01Z
https://fatbetcasino.bet,fatbetcasino.bet,1.0,strong:deposit bonus|strong:free spins|strong:live dealer|strong:play now|medium:casino|medium:slots|structural:18+,2026-08-09T16:36:02Z
https://fatbosscasino.bet,fatbosscasino.bet,1.0,strong:deposit bonus|strong:free spins|strong:live dealer|strong:withdraw winnings|strong:play now|strong:cashier|medium:casino|medium:slots|medium:poker|medium:sportsbook|medium:jackpot|medium:wager|medium:betting|structural:18+|structural:responsible gambling,2026-08-09T16:36:04Z
https://fatbosscasino.bet,fatbosscasino.bet,1.0,strong:deposit bonus|strong:free spins|strong:live dealer|medium:casino|medium:slots|medium:jackpot|structural:responsible gambling,2026-08-09T16:36:04Z
https://fatfruit.bet,fatfruit.bet,1.0,strong:deposit bonus|strong:free spins|strong:withdraw winnings|strong:play now|strong:cashier|medium:casino|medium:slots|medium:poker|medium:jackpot|medium:wager|medium:betting|structural:18+|structural:responsible gambling,2026-08-09T16:36:05Z
https://fatpirate-casino.bet,fatpirate-casino.bet,0.9,strong:live dealer|strong:curaçao egaming|medium:casino|medium:slots|medium:jackpot|medium:wager,2026-08-09T16:36:08Z
https://fatpandacasino.bet,fatpandacasino.bet,1.0,strong:deposit bonus|strong:free spins|strong:live dealer|strong:curacao egaming|medium:casino|medium:slots|medium:jackpot|medium:wager|medium:betting|structural:18+|structural:responsible gambling,2026-08-09T16:36:09Z
https://fatpandacasino.bet,fatpandacasino.bet,1.0,strong:deposit bonus|strong:free spins|strong:live dealer|strong:curacao egaming|medium:casino|medium:slots|medium:jackpot|medium:wager|medium:betting|structural:18+|structural:responsible gambling,2026-08-09T16:36:09Z
https://faturepg.bet,faturepg.bet,0.8,strong:free spins|strong:curaçao egaming|medium:slots|medium:jackpot|medium:betting,2026-08-09T16:36:11Z
https://fav777.bet,fav777.bet,0.85,strong:deposit bonus|strong:live dealer|medium:casino|medium:slots|medium:poker|medium:sportsbook|medium:wager|negative:app store,2026-08-09T16:36:13Z
https://favorito.bet,favorito.bet,1.0,strong:free spins|strong:live dealer|medium:casino|medium:slots|medium:sportsbook|medium:jackpot|medium:betting|structural:18+,2026-08-09T16:36:25Z
https://favorito.bet,favorito.bet,1.0,strong:free spins|strong:live dealer|medium:casino|medium:slots|medium:sportsbook|medium:jackpot|medium:betting|structural:18+,2026-08-09T16:36:26Z
https://favs.bet,favs.bet,1.0,strong:deposit bonus|strong:free spins|strong:live dealer|strong:claim bonus|medium:casino|medium:slots|medium:poker|medium:sportsbook|medium:jackpot|medium:wager|medium:betting,2026-08-09T16:36:29Z
https://favs.bet,favs.bet,0.9,strong:deposit bonus|strong:free spins|medium:casino|medium:slots|medium:sportsbook|medium:betting,2026-08-09T16:36:29Z
https://fb775.bet,fb775.bet,0.9,strong:live dealer|strong:register now|medium:casino|medium:slots|medium:sportsbook|medium:betting,2026-08-09T16:38:21Z
https://fb771.bet,fb771.bet,1.0,strong:live dealer|strong:play now|medium:casino|medium:slots|medium:poker|medium:jackpot|medium:wager|medium:betting|structural:18+,2026-08-09T16:38:24Z
https://fb771.bet,fb771.bet,1.0,strong:live dealer|strong:play now|medium:casino|medium:slots|medium:poker|medium:jackpot|medium:wager|medium:betting|structural:18+|structural:responsible gambling,2026-08-09T16:38:24Z
https://fb775.bet,fb775.bet,0.9,strong:live dealer|strong:register now|medium:casino|medium:slots|medium:sportsbook|medium:betting,2026-08-09T16:38:26Z
https://fb777link.bet,fb777link.bet,1.0,strong:live dealer|strong:register now|medium:casino|medium:slots|medium:wager|medium:betting|structural:age verification,2026-08-09T16:38:26Z
https://fb777link.bet,fb777link.bet,1.0,strong:live dealer|strong:register now|medium:casino|medium:slots|medium:wager|medium:betting|structural:age verification,2026-08-09T16:38:26Z
https://fb887.bet,fb887.bet,1.0,strong:deposit bonus|strong:cashier|medium:casino|medium:slots|medium:wager|medium:betting|structural:18+,2026-08-09T16:38:34Z
https://fd111.bet,fd111.bet,1.0,strong:free spins|strong:live dealer|strong:play now|medium:casino|medium:slots|medium:poker|medium:jackpot|medium:betting|structural:18+,2026-08-09T16:38:50Z
https://fdb777.bet,fdb777.bet,1.0,strong:live dealer|strong:play now|medium:casino|medium:slots|medium:poker|medium:jackpot|medium:betting,2026-08-09T16:38:53Z
https://fe2.bet,fe2.bet,1.0,strong:free spins|strong:live dealer|strong:register now|medium:casino|medium:slots|medium:poker|medium:jackpot|medium:wager|medium:betting,2026-08-09T16:38:55Z
https://fe2.bet,fe2.bet,1.0,strong:free spins|strong:live dealer|strong:register now|medium:casino|medium:slots|medium:poker|medium:jackpot|medium:wager|medium:betting,2026-08-09T16:38:55Z
https://felixspin.bet,felixspin.bet,1.0,strong:deposit bonus|strong:free spins|strong:play now|strong:cashier|medium:casino|medium:slots|medium:sportsbook|medium:wager|medium:betting|structural:18+|structural:responsible gambling,2026-08-09T16:39:16Z
https://felixspin.bet,felixspin.bet,1.0,strong:deposit bonus|strong:free spins|strong:play now|strong:cashier|medium:casino|medium:slots|medium:sportsbook|medium:wager|medium:betting|structural:18+|structural:responsible gambling,2026-08-09T16:39:16Z
https://felixspincasino.bet,felixspincasino.bet,1.0,strong:free spins|strong:live dealer|strong:withdraw winnings|medium:casino|medium:slots|medium:jackpot|medium:wager|structural:18+,2026-08-09T16:39:19Z
https://feverslots.bet,feverslots.bet,1.0,strong:deposit bonus|strong:free spins|strong:live dealer|strong:withdraw winnings|strong:play now|strong:cashier|medium:casino|medium:slots|medium:jackpot|medium:wager|medium:betting|structural:18+|structural:responsible gambling,2026-08-09T16:40:29Z
https://fetboss.bet,fetboss.bet,1.0,strong:free spins|strong:curaçao egaming|medium:casino|medium:slots|medium:jackpot|medium:wager|structural:18+,2026-08-09T16:40:39Z
https://fetboss.bet,fetboss.bet,1.0,strong:free spins|strong:curaçao egaming|medium:casino|medium:slots|medium:jackpot|medium:wager|structural:18+|structural:gambleaware,2026-08-09T16:40:39Z
https://fg660.bet,fg660.bet,1.0,strong:live dealer|strong:cashier|medium:casino|medium:slots|medium:jackpot|medium:wager|medium:betting|structural:18+|structural:age verification,2026-08-09T16:42:01Z
https://fg660.bet,fg660.bet,1.0,strong:live dealer|strong:cashier|medium:casino|medium:slots|medium:jackpot|medium:wager|medium:betting|structural:18+,2026-08-09T16:42:03Z
https://fg66bd.bet,fg66bd.bet,1.0,strong:deposit bonus|strong:free spins|strong:live dealer|strong:claim bonus|medium:casino|medium:slots|medium:poker|medium:jackpot|medium:wager|medium:betting|structural:18+|structural:responsible gambling|structural:age verification,2026-08-09T16:42:06Z
https://fg777login.bet,fg777login.bet,1.0,strong:live dealer|strong:register now|medium:casino|medium:slots|medium:poker|medium:sportsbook|medium:betting,2026-08-09T16:42:11Z
https://fg777login.bet,fg777login.bet,1.0,strong:live dealer|strong:register now|medium:casino|medium:slots|medium:poker|medium:sportsbook|medium:betting,2026-08-09T16:42:12Z
https://fh888.bet,fh888.bet,1.0,strong:free spins|strong:cashier|medium:casino|medium:slots|medium:sportsbook|medium:wager|medium:betting|structural:18+|structural:responsible gambling,2026-08-09T16:42:34Z
https://fh888.bet,fh888.bet,1.0,strong:free spins|strong:cashier|medium:casino|medium:slots|medium:sportsbook|medium:wager|medium:betting|structural:18+,2026-08-09T16:42:34Z
https://fiestaslots.bet,fiestaslots.bet,1.0,strong:free spins|strong:live dealer|strong:play now|strong:cashier|strong:curacao egaming|medium:casino|medium:slots|medium:poker|medium:jackpot|medium:wager|structural:18+,2026-08-09T16:43:21Z
https://fiestaslots.bet,fiestaslots.bet,1.0,strong:free spins|strong:live dealer|strong:play now|strong:cashier|strong:curacao egaming|medium:casino|medium:slots|medium:poker|medium:jackpot|medium:wager|structural:18+,2026-08-09T16:43:21Z
https://fightclubs.bet,fightclubs.bet,1.0,strong:deposit bonus|strong:free spins|strong:live dealer|strong:cashier|strong:curacao egaming|medium:casino|medium:slots|medium:poker|medium:jackpot|medium:wager|structural:responsible gambling|negative:app store|negative:google play,2026-08-09T16:43:37Z
https://fightclubcasino.bet,fightclubcasino.bet,1.0,strong:deposit bonus|strong:free spins|strong:live dealer|strong:withdraw winnings|strong:play now|strong:cashier|strong:curacao egaming|medium:casino|medium:slots|medium:poker|medium:jackpot|medium:wager|medium:betting|structural:18+,2026-08-09T16:43:37Z
https://fightclubcasino.bet,fightclubcasino.bet,1.0,strong:deposit bonus|strong:free spins|strong:live dealer|strong:withdraw winnings|strong:play now|strong:cashier|strong:curacao egaming|medium:casino|medium:slots|medium:poker|medium:jackpot|medium:wager|medium:betting|structural:18+,2026-08-09T16:43:37Z
https://filter-test.bet,filter-test.bet,1.0,strong:deposit bonus|strong:free spins|strong:live dealer|strong:claim bonus|medium:casino|medium:slots|medium:poker|medium:jackpot|medium:betting|structural:18+|structural:responsible gambling,2026-08-09T16:43:55Z
https://filter-test.bet,filter-test.bet,1.0,strong:deposit bonus|strong:free spins|strong:live dealer|strong:claim bonus|medium:casino|medium:slots|medium:poker|medium:jackpot|medium:betting|structural:18+|structural:responsible gambling,2026-08-09T16:43:55Z
https://firefox-casino.bet,firefox-casino.bet,0.95,strong:deposit bonus|strong:live dealer|medium:casino|medium:slots|medium:betting|structural:18+,2026-08-09T16:45:20Z
https://firefoxcasino.bet,firefoxcasino.bet,1.0,strong:deposit bonus|strong:free spins|strong:live dealer|strong:claim bonus|strong:play now|strong:curacao egaming|medium:casino|medium:slots|medium:jackpot|medium:wager|medium:betting|structural:18+|structural:responsible gambling,2026-08-09T16:45:21Z
https://firefox-casino.bet,firefox-casino.bet,0.95,strong:deposit bonus|strong:live dealer|medium:casino|medium:slots|medium:betting|structural:18+,2026-08-09T16:45:22Z
https://firefoxcasino.bet,firefoxcasino.bet,1.0,strong:deposit bonus|strong:free spins|strong:live dealer|strong:claim bonus|strong:play now|strong:curacao egaming|medium:casino|medium:slots|medium:jackpot|medium:wager|medium:betting|structural:18+|structural:responsible gambling,2026-08-09T16:45:23Z
https://firstplay.bet,firstplay.bet,1.0,strong:deposit bonus|strong:live dealer|medium:casino|medium:slots|medium:poker|medium:sportsbook|medium:wager|medium:betting,2026-08-09T16:45:45Z
https://fishroad.bet,fishroad.bet,0.95,strong:free spins|strong:claim bonus|strong:play now|medium:casino|medium:jackpot,2026-08-09T16:46:00Z
https://fishroad.bet,fishroad.bet,1.0,strong:free spins|strong:claim bonus|strong:play now|strong:ukgc|medium:casino|medium:slots|medium:jackpot|medium:betting|negative:how to play,2026-08-09T16:46:00Z
https://fiv444.bet,fiv444.bet,1.0,strong:free spins|strong:live dealer|strong:play now|medium:casino|medium:slots|medium:poker|medium:sportsbook|medium:jackpot|medium:wager|medium:betting,2026-08-09T16:46:20Z
https://fiv444.bet,fiv444.bet,1.0,strong:free spins|strong:live dealer|strong:play now|medium:casino|medium:slots|medium:poker|medium:sportsbook|medium:jackpot|medium:wager|medium:betting,2026-08-09T16:46:20Z
https://fivebet-sports.bet,fivebet-sports.bet,0.75,strong:claim bonus|strong:ukgc|medium:jackpot|structural:18+,2026-08-09T16:46:27Z
https://fivebet-sports.bet,fivebet-sports.bet,0.75,strong:claim bonus|strong:ukgc|medium:jackpot|structural:18+,2026-08-09T16:46:27Z
https://fixplay.bet,fixplay.bet,1.0,strong:deposit bonus|strong:free spins|strong:live dealer|medium:casino|medium:slots|medium:wager|medium:betting,2026-08-09T16:46:38Z
https://fj99.bet,fj99.bet,1.0,strong:deposit bonus|strong:free spins|strong:live dealer|strong:play now|medium:casino|medium:slots|medium:sportsbook|medium:jackpot|medium:wager|medium:betting|structural:18+,2026-08-09T16:46:43Z
https://fk777.bet,fk777.bet,1.0,strong:deposit bonus|strong:free spins|medium:casino|medium:slots|medium:poker|medium:sportsbook|medium:jackpot|medium:betting,2026-08-09T16:46:50Z
https://fk3333.bet,fk3333.bet,1.0,strong:free spins|strong:live dealer|strong:withdraw winnings|strong:play now|medium:casino|medium:slots|medium:poker|medium:jackpot|medium:wager|medium:betting|structural:18+,2026-08-09T16:46:50Z
https://flagmancasinonz.bet,flagmancasinonz.bet,1.0,strong:deposit bonus|strong:free spins|strong:live dealer|strong:register now|strong:claim bonus|strong:play now|strong:cashier|medium:casino|medium:slots|medium:jackpot|medium:wager|medium:betting|negative:how to play,2026-08-09T16:46:59Z
https://flagmancasinonz.bet,flagmancasinonz.bet,1.0,strong:deposit bonus|strong:free spins|strong:live dealer|strong:register now|strong:claim bonus|strong:play now|strong:cashier|medium:casino|medium:slots|medium:jackpot|medium:wager|medium:betting|negative:how to play,2026-08-09T16:46:59Z
https://flagle.bet,flagle.bet,0.8,strong:deposit bonus|strong:live dealer|medium:casino|medium:wager|medium:betting,2026-08-09T16:47:02Z
https://flappycasino.bet,flappycasino.bet,1.0,strong:deposit bonus|strong:free spins|strong:live dealer|strong:play now|medium:casino|medium:slots|medium:sportsbook|medium:jackpot|medium:wager|medium:betting,2026-08-09T16:47:19Z
https://flashcasino.bet,flashcasino.bet,0.8,strong:free spins|strong:live dealer|medium:casino|medium:slots|medium:jackpot,2026-08-09T16:47:26Z
https://flashcasino.bet,flashcasino.bet,0.95,strong:free spins|strong:live dealer|medium:casino|medium:slots|medium:jackpot|structural:18+,2026-08-09T16:47:26Z
https://flaxinocasino.bet,flaxinocasino.bet,1.0,strong:deposit bonus|strong:free spins|strong:play now|strong:curacao egaming|medium:casino|medium:slots|medium:poker|medium:jackpot|medium:wager|medium:betting|structural:18+|structural:responsible gambling,2026-08-09T16:47:38Z
https://flexepincasino.bet,flexepincasino.bet,1.0,strong:deposit bonus|strong:free spins|strong:live dealer|strong:claim bonus|strong:cashier|medium:casino|medium:slots|medium:jackpot|structural:responsible gambling,2026-08-09T16:47:43Z
https://flexepincasino.bet,flexepincasino.bet,0.95,strong:deposit bonus|strong:free spins|strong:claim bonus|medium:casino|medium:slots,2026-08-09T16:47:44Z
https://flyingslot.bet,flyingslot.bet,1.0,strong:deposit bonus|strong:free spins|strong:live dealer|medium:casino|medium:slots|medium:sportsbook|medium:wager|medium:betting,2026-08-09T16:49:24Z
https://fnaf.bet,fnaf.bet,1.0,strong:free spins|strong:live dealer|strong:claim bonus|medium:casino|medium:slots|medium:poker|medium:sportsbook|medium:wager|medium:betting,2026-08-09T16:49:38Z
https://fnaf.bet,fnaf.bet,1.0,strong:free spins|strong:live dealer|strong:claim bonus|medium:casino|medium:slots|medium:poker|medium:sportsbook|medium:wager|medium:betting,2026-08-09T16:49:38Z
https://fnatic.bet,fnatic.bet,0.9,strong:free spins|strong:live dealer|medium:casino|medium:slots|medium:sportsbook|medium:wager,2026-08-09T16:49:40Z
https://folkeautomaten.bet,folkeautomaten.bet,0.8,strong:free spins|strong:mga/|medium:casino|medium:slots|medium:jackpot,2026-08-09T16:50:10Z
https://fontancasino.bet,fontancasino.bet,1.0,strong:deposit bonus|strong:free spins|strong:curacao egaming|medium:casino|medium:slots|medium:jackpot,2026-08-09T16:50:30Z
https://fortuna-casino.bet,fortuna-casino.bet,1.0,strong:deposit bonus|strong:free spins|strong:live dealer|medium:casino|medium:slots|medium:wager,2026-08-09T16:52:13Z
https://fortuna-casino.bet,fortuna-casino.bet,1.0,strong:deposit bonus|strong:free spins|strong:live dealer|medium:casino|medium:slots|medium:wager|structural:18+,2026-08-09T16:52:17Z
https://fortune-panda.bet,fortune-panda.bet,1.0,strong:free spins|strong:live dealer|medium:casino|medium:slots|medium:poker|medium:jackpot|medium:wager|structural:18+,2026-08-09T16:52:35Z
https://fortune111.bet,fortune111.bet,0.9,strong:live dealer|strong:cashier|medium:casino|medium:slots|medium:sportsbook|medium:betting,2026-08-09T16:52:37Z
https://fortune111.bet,fortune111.bet,1.0,strong:live dealer|strong:cashier|medium:casino|medium:slots|medium:poker|medium:sportsbook|medium:betting,2026-08-09T16:52:38Z
https://fortunecoins.bet,fortunecoins.bet,1.0,strong:deposit bonus|strong:free spins|strong:live dealer|strong:cashier|strong:curacao egaming|medium:casino|medium:slots|medium:jackpot|medium:betting|structural:18+,2026-08-09T16:52:49Z
https://fortunerabbit.bet,fortunerabbit.bet,1.0,strong:free spins|strong:play now|medium:casino|medium:slots|medium:jackpot|medium:betting|structural:18+|structural:gambleaware|negative:how to play,2026-08-09T16:52:51Z
https://fortunica-au.bet,fortunica-au.bet,1.0,strong:deposit bonus|strong:free spins|strong:live dealer|strong:play now|strong:curaçao egaming|medium:casino|medium:jackpot|medium:wager|structural:18+|structural:responsible gambling,2026-08-09T16:53:00Z
https://fortunica-au.bet,fortunica-au.bet,1.0,strong:deposit bonus|strong:free spins|strong:live dealer|strong:play now|strong:curaçao egaming|strong:curacao egaming|medium:casino|medium:jackpot|medium:wager|structural:18+|structural:responsible gambling,2026-08-09T16:53:00Z
https://fortunica15.bet,fortunica15.bet,1.0,strong:live dealer|strong:play now|strong:curaçao egaming|strong:curacao egaming|medium:casino|medium:slots|medium:poker|medium:jackpot|medium:wager|structural:18+|structural:responsible gambling,2026-08-09T16:53:06Z
https://fortunicauk.bet,fortunicauk.bet,1.0,strong:deposit bonus|strong:free spins|strong:live dealer|medium:casino|medium:slots|medium:sportsbook|medium:jackpot|medium:wager|medium:betting|structural:gambleaware|structural:responsible gambling|negative:app store,2026-08-09T16:53:07Z
https://fortunicauk.bet,fortunicauk.bet,1.0,strong:deposit bonus|strong:free spins|strong:live dealer|medium:casino|medium:slots|medium:sportsbook|medium:jackpot|medium:wager|medium:betting|structural:gambleaware|structural:responsible gambling|negative:app store,2026-08-09T16:53:07Z
https://foxygold.bet,foxygold.bet,0.85,strong:free spins|strong:claim bonus|medium:casino|medium:sportsbook|structural:18+,2026-08-09T16:53:48Z
https://foxygold.bet,foxygold.bet,0.95,strong:free spins|strong:claim bonus|medium:casino|medium:slots|medium:sportsbook|structural:18+,2026-08-09T16:53:48Z
https://foxygold.bet,foxygold.bet,0.85,strong:free spins|strong:claim bonus|medium:casino|medium:sportsbook|structural:18+,2026-08-09T16:53:48Z
https://foxycasino.bet,foxycasino.bet,0.95,strong:deposit bonus|strong:free spins|strong:live dealer|medium:casino|medium:slots,2026-08-09T16:53:49Z
https://foya88.bet,foya88.bet,1.0,strong:free spins|strong:live dealer|strong:play now|medium:casino|medium:slots|medium:sportsbook|medium:betting,2026-08-09T16:53:51Z
https://foxycasino.bet,foxycasino.bet,1.0,strong:deposit bonus|strong:free spins|strong:live dealer|strong:cashier|strong:curaçao egaming|medium:casino|medium:slots|medium:jackpot|medium:wager|medium:betting|structural:18+|structural:responsible gambling,2026-08-09T16:53:53Z
https://frank-casino.bet,frank-casino.bet,1.0,strong:deposit bonus|strong:free spins|strong:live dealer|medium:casino|medium:slots|medium:poker|medium:jackpot|medium:wager|medium:betting|structural:18+|structural:age verification,2026-08-09T16:55:05Z
https://frank-casino.bet,frank-casino.bet,1.0,strong:deposit bonus|strong:free spins|strong:live dealer|medium:casino|medium:slots|medium:poker|medium:jackpot|medium:wager|medium:betting|structural:18+|structural:age verification,2026-08-09T16:55:06Z
https://frankfredcasino.bet,frankfredcasino.bet,1.0,strong:deposit bonus|strong:free spins|strong:live dealer|strong:play now|strong:cashier|strong:mga/|medium:casino|medium:slots|medium:poker|medium:jackpot|medium:wager|medium:betting|structural:18+|structural:responsible gambling,2026-08-09T16:55:06Z
https://frankfredcasino.bet,frankfredcasino.bet,1.0,strong:deposit bonus|strong:free spins|strong:live dealer|strong:play now|strong:cashier|strong:mga/|medium:casino|medium:slots|medium:poker|medium:jackpot|medium:wager|medium:betting|structural:18+|structural:responsible gambling,2026-08-09T16:55:06Z
https://freespinscasino.bet,freespinscasino.bet,1.0,strong:free spins|strong:mga/|medium:casino|medium:slots|medium:poker|medium:jackpot|structural:18+,2026-08-09T16:55:43Z
https://freespinz.bet,freespinz.bet,0.9,strong:deposit bonus|strong:live dealer|medium:casino|medium:slots|medium:jackpot|medium:betting,2026-08-09T16:55:47Z
https://freshcasino.bet,freshcasino.bet,1.0,strong:deposit bonus|strong:free spins|strong:live dealer|strong:sign up now|strong:play now|strong:curaçao egaming|medium:casino|medium:slots|medium:poker|medium:sportsbook|medium:jackpot|medium:wager|medium:betting|structural:18+|structural:responsible gambling,2026-08-09T16:55:58Z
https://freshcasino.bet,freshcasino.bet,1.0,strong:deposit bonus|strong:free spins|strong:live dealer|strong:sign up now|strong:play now|strong:curaçao egaming|medium:casino|medium:slots|medium:poker|medium:sportsbook|medium:jackpot|medium:wager|medium:betting|structural:18+|structural:responsible gambling,2026-08-09T16:55:58Z
https://fridayrolls.bet,fridayrolls.bet,1.0,strong:deposit bonus|strong:free spins|strong:live dealer|strong:claim bonus|strong:cashier|strong:ukgc|medium:casino|medium:slots|medium:poker|medium:sportsbook|medium:jackpot|medium:wager|medium:betting|structural:18+|structural:responsible gambling|negative:how to play,2026-08-09T16:56:20Z
https://friday-casino.bet,friday-casino.bet,1.0,strong:deposit bonus|strong:free spins|strong:live dealer|medium:casino|medium:slots|medium:wager|medium:betting|structural:18+|negative:how to play,2026-08-09T16:56:20Z
https://friday-casino.bet,friday-casino.bet,1.0,strong:deposit bonus|strong:free spins|strong:live dealer|medium:casino|medium:slots|medium:wager|medium:betting|structural:18+|negative:how to play,2026-08-09T16:56:20Z
https://fridayrolls.bet,fridayrolls.bet,1.0,strong:deposit bonus|strong:free spins|strong:live dealer|strong:claim bonus|strong:cashier|strong:ukgc|medium:casino|medium:slots|medium:poker|medium:sportsbook|medium:jackpot|medium:wager|medium:betting|structural:18+|structural:responsible gambling|negative:how to play,2026-08-09T16:56:20Z
https://frive.bet,frive.bet,1.0,strong:free spins|strong:live dealer|medium:casino|medium:slots|medium:sportsbook|medium:wager|medium:betting,2026-08-09T16:56:30Z
https://frog.bet,frog.bet,1.0,strong:free spins|strong:live dealer|strong:register now|strong:play now|medium:casino|medium:slots|medium:sportsbook|medium:wager|medium:betting|structural:18+|structural:responsible gambling,2026-08-09T16:56:31Z
https://frog.bet,frog.bet,1.0,strong:free spins|strong:live dealer|strong:register now|strong:play now|medium:casino|medium:slots|medium:sportsbook|medium:wager|medium:betting|structural:18+|structural:responsible gambling,2026-08-09T16:56:31Z
https://froggy.bet,froggy.bet,1.0,strong:free spins|strong:live dealer|strong:play now|medium:casino|medium:slots|medium:poker|medium:sportsbook|medium:jackpot|medium:wager|medium:betting,2026-08-09T16:56:32Z
https://frogy.bet,frogy.bet,1.0,strong:deposit bonus|strong:free spins|strong:live dealer|strong:withdraw winnings|strong:claim bonus|strong:play now|strong:cashier|medium:casino|medium:slots|medium:poker|medium:sportsbook|medium:jackpot|medium:wager|medium:betting|structural:18+|structural:responsible gambling,2026-08-09T16:56:33Z
https://frogy.bet,frogy.bet,1.0,strong:deposit bonus|strong:free spins|medium:casino|medium:slots|medium:sportsbook|medium:betting|structural:responsible gambling,2026-08-09T16:56:34Z
https://fruitkings.bet,fruitkings.bet,1.0,strong:free spins|strong:live dealer|medium:casino|medium:slots|medium:poker|medium:jackpot|medium:wager|structural:18+|structural:gambleaware,2026-08-09T16:56:50Z
https://fruitkings.bet,fruitkings.bet,1.0,strong:free spins|strong:live dealer|medium:casino|medium:slots|medium:poker|medium:jackpot|medium:wager|structural:18+|structural:gambleaware,2026-08-09T16:56:50Z
https://frumzicasino.bet,frumzicasino.bet,1.0,strong:deposit bonus|strong:free spins|strong:live dealer|strong:cashier|strong:curaçao egaming|medium:casino|medium:slots|medium:sportsbook|medium:betting|structural:responsible gambling,2026-08-09T16:57:07Z
https://frumzicasino.bet,frumzicasino.bet,1.0,strong:deposit bonus|strong:free spins|strong:live dealer|strong:cashier|strong:curaçao egaming|medium:casino|medium:slots|medium:sportsbook|medium:betting|structural:responsible gambling,2026-08-09T16:57:07Z
https://frutacasino.bet,frutacasino.bet,1.0,strong:deposit bonus|strong:free spins|strong:withdraw winnings|strong:play now|strong:cashier|medium:casino|medium:slots|medium:poker|medium:jackpot|medium:wager|medium:betting|structural:18+,2026-08-09T16:57:09Z
https://fry9.bet,fry9.bet,1.0,strong:live dealer|strong:claim bonus|medium:casino|medium:slots|medium:poker|medium:sportsbook|medium:jackpot|medium:wager|medium:betting,2026-08-09T16:57:15Z
https://fry9.bet,fry9.bet,1.0,strong:live dealer|strong:claim bonus|medium:casino|medium:slots|medium:poker|medium:sportsbook|medium:jackpot|medium:wager|medium:betting,2026-08-09T16:57:15Z
https://ft95.bet,ft95.bet,0.9,strong:deposit bonus|strong:live dealer|medium:casino|medium:slots|medium:sportsbook|medium:betting,2026-08-09T16:57:41Z
https://ft95.bet,ft95.bet,0.9,strong:deposit bonus|strong:live dealer|medium:casino|medium:slots|medium:sportsbook|medium:betting,2026-08-09T16:57:41Z
https://ft9999.bet,ft9999.bet,1.0,strong:free spins|strong:live dealer|strong:register now|strong:play now|strong:cashier|medium:casino|medium:slots|medium:jackpot|medium:wager|medium:betting|structural:age verification|negative:how to play,2026-08-09T16:57:43Z
https://fuksierz.bet,fuksierz.bet,1.0,strong:deposit bonus|strong:free spins|strong:ukgc|medium:casino|medium:slots|medium:sportsbook|medium:jackpot|medium:wager|medium:betting|structural:gambleaware|structural:responsible gambling|negative:app store|negative:google play,2026-08-09T16:58:14Z
https://fun786.bet,fun786.bet,1.0,strong:live dealer|strong:cashier|medium:casino|medium:slots|medium:jackpot|medium:wager|medium:betting,2026-08-09T16:58:36Z
https://fun88casino.bet,fun88casino.bet,1.0,strong:deposit bonus|strong:free spins|strong:live dealer|strong:play now|strong:cashier|strong:curaçao egaming|medium:casino|medium:slots|medium:poker|medium:sportsbook|medium:jackpot|medium:wager|medium:betting|structural:responsible gambling,2026-08-09T16:58:42Z
https://fun88casino.bet,fun88casino.bet,1.0,strong:deposit bonus|strong:free spins|strong:live dealer|strong:withdraw winnings|strong:play now|strong:cashier|strong:curaçao egaming|medium:casino|medium:slots|medium:poker|medium:sportsbook|medium:jackpot|medium:wager|medium:betting|structural:18+|structural:responsible gambling,2026-08-09T16:58:42Z
https://funbetcasino.bet,funbetcasino.bet,1.0,strong:free spins|strong:curaçao egaming|medium:casino|medium:slots|medium:sportsbook|medium:jackpot|medium:wager|structural:18+,2026-08-09T16:58:56Z
https://funcasino.bet,funcasino.bet,1.0,strong:free spins|strong:play now|medium:casino|medium:slots|medium:poker|medium:jackpot|medium:wager|structural:18+|structural:gambleaware|negative:app store,2026-08-09T16:59:02Z
https://funclubcasino.bet,funclubcasino.bet,1.0,strong:deposit bonus|strong:free spins|strong:withdraw winnings|strong:play now|strong:cashier|strong:curaçao egaming|medium:casino|medium:slots|medium:poker|medium:jackpot|medium:wager|medium:betting|structural:18+|structural:responsible gambling,2026-08-09T16:59:03Z
https://funclubcasino.bet,funclubcasino.bet,1.0,strong:deposit bonus|strong:free spins|strong:play now|strong:cashier|strong:curaçao egaming|medium:casino|medium:slots|medium:poker|medium:jackpot|medium:wager|structural:responsible gambling,2026-08-09T16:59:03Z
https://fungame777.bet,fungame777.bet,1.0,strong:deposit bonus|strong:free spins|strong:live dealer|medium:casino|medium:slots|medium:sportsbook|medium:betting,2026-08-09T16:59:10Z
https://fungame777.bet,fungame777.bet,1.0,strong:deposit bonus|strong:free spins|strong:live dealer|medium:casino|medium:slots|medium:sportsbook|medium:betting,2026-08-09T16:59:10Z
https://funinexchange.bet,funinexchange.bet,1.0,strong:live dealer|strong:register now|medium:casino|medium:slots|medium:poker|medium:sportsbook|medium:jackpot|medium:wager|medium:betting,2026-08-09T16:59:12Z
https://funinexchange.bet,funinexchange.bet,1.0,strong:live dealer|strong:register now|medium:casino|medium:slots|medium:poker|medium:sportsbook|medium:jackpot|medium:wager|medium:betting,2026-08-09T16:59:13Z
https://funzpointscasino.bet,funzpointscasino.bet,1.0,strong:deposit bonus|strong:free spins|strong:live dealer|strong:mga/|medium:casino|medium:slots|medium:jackpot|medium:wager|medium:betting|structural:18+|structural:responsible gambling,2026-08-09T16:59:33Z
https://funzpointscasino.bet,funzpointscasino.bet,1.0,strong:deposit bonus|strong:free spins|strong:live dealer|strong:mga/|medium:casino|medium:slots|medium:jackpot|medium:wager|medium:betting|structural:18+|structural:responsible gambling,2026-08-09T16:59:33Z
https://futureplaycasino.bet,futureplaycasino.bet,1.0,strong:deposit bonus|strong:free spins|strong:live dealer|strong:withdraw winnings|strong:play now|strong:cashier|medium:casino|medium:slots|medium:poker|medium:sportsbook|medium:jackpot|medium:wager|medium:betting|structural:18+|structural:responsible gambling|structural:age verification,2026-08-09T17:00:44Z
https://futureplaycasino.bet,futureplaycasino.bet,1.0,strong:deposit bonus|strong:free spins|strong:live dealer|strong:withdraw winnings|strong:play now|strong:cashier|medium:casino|medium:slots|medium:poker|medium:sportsbook|medium:jackpot|medium:wager|medium:betting|structural:18+|structural:responsible gambling|structural:age verification,2026-08-09T17:00:45Z
https://fw999.bet,fw999.bet,1.0,strong:place a bet|strong:live dealer|strong:play now|strong:bet slip|medium:casino|medium:slots|medium:poker|medium:sportsbook|medium:jackpot|medium:wager|medium:betting|structural:18+,2026-08-09T17:01:22Z
https://fw999.bet,fw999.bet,1.0,strong:place a bet|strong:live dealer|strong:play now|strong:bet slip|medium:casino|medium:slots|medium:poker|medium:sportsbook|medium:jackpot|medium:wager|medium:betting|structural:18+,2026-08-09T17:01:24Z
https://fx799.bet,fx799.bet,0.8,strong:free spins|strong:live dealer|medium:casino|medium:jackpot|medium:wager,2026-08-09T17:01:37Z
https://fx799.bet,fx799.bet,0.8,strong:free spins|strong:live dealer|medium:casino|medium:jackpot|medium:wager,2026-08-09T17:01:37Z
https://fyp805.bet,fyp805.bet,1.0,strong:live dealer|strong:claim bonus|medium:casino|medium:slots|medium:sportsbook|medium:wager|medium:betting,2026-08-09T17:02:18Z
https://fyp805.bet,fyp805.bet,1.0,strong:live dealer|strong:claim bonus|medium:casino|medium:slots|medium:sportsbook|medium:wager|medium:betting,2026-08-09T17:02:18Z
https://fyrewin.bet,fyrewin.bet,0.9,strong:free spins|strong:live dealer|medium:casino|medium:slots|medium:sportsbook|medium:betting,2026-08-09T17:02:22Z
https://fyrewin.bet,fyrewin.bet,1.0,strong:free spins|strong:live dealer|medium:casino|medium:slots|medium:sportsbook|medium:wager|medium:betting,2026-08-09T17:02:22Z
https://fz168.bet,fz168.bet,0.8,strong:free spins|strong:live dealer|medium:casino|medium:poker|medium:jackpot,2026-08-09T17:02:24Z
https://fz5.bet,fz5.bet,1.0,strong:live dealer|strong:register now|medium:casino|medium:slots|medium:poker|medium:sportsbook|medium:wager|medium:betting,2026-08-09T17:02:28Z
https://fz5.bet,fz5.bet,1.0,strong:live dealer|strong:register now|medium:casino|medium:slots|medium:poker|medium:sportsbook|medium:wager|medium:betting,2026-08-09T17:02:29Z
https://g02.bet,g02.bet,1.0,strong:live dealer|strong:register now|medium:casino|medium:slots|medium:poker|medium:jackpot|medium:wager|medium:betting,2026-08-09T17:02:39Z
https://g11111.bet,g11111.bet,1.0,strong:deposit bonus|strong:free spins|strong:live dealer|strong:play now|medium:casino|medium:slots|medium:jackpot|medium:wager|medium:betting|structural:responsible gambling|negative:how to play,2026-08-09T17:02:48Z
https://g11111.bet,g11111.bet,1.0,strong:deposit bonus|strong:free spins|strong:live dealer|strong:play now|medium:casino|medium:slots|medium:sportsbook|medium:jackpot|medium:wager|medium:betting|structural:responsible gambling|negative:how to play,2026-08-09T17:02:48Z
https://g169.bet,g169.bet,0.8,strong:live dealer|strong:play now|medium:casino|medium:jackpot|medium:wager,2026-08-09T17:02:52Z
https://g27.bet,g27.bet,1.0,strong:deposit bonus|strong:free spins|strong:live dealer|strong:register now|medium:casino|medium:slots|medium:poker|medium:jackpot|medium:betting,2026-08-09T17:03:04Z
https://g27.bet,g27.bet,1.0,strong:deposit bonus|strong:free spins|strong:live dealer|strong:register now|medium:casino|medium:slots|medium:poker|medium:jackpot|medium:betting,2026-08-09T17:03:04Z
https://g2999.bet,g2999.bet,1.0,strong:deposit bonus|strong:free spins|strong:live dealer|medium:casino|medium:slots|medium:sportsbook|medium:jackpot|medium:wager|medium:betting|structural:18+|structural:responsible gambling|structural:age verification,2026-08-09T17:03:05Z
https://g2999.bet,g2999.bet,1.0,strong:deposit bonus|strong:free spins|strong:live dealer|medium:casino|medium:slots|medium:sportsbook|medium:jackpot|medium:wager|medium:betting|structural:18+|structural:responsible gambling|structural:age verification,2026-08-09T17:03:05Z
https://g5777.bet,g5777.bet,1.0,strong:free spins|strong:live dealer|strong:withdraw winnings|medium:casino|medium:slots|medium:jackpot|medium:wager|medium:betting|structural:18+,2026-08-09T17:03:41Z
https://g5777.bet,g5777.bet,1.0,strong:free spins|strong:live dealer|strong:withdraw winnings|medium:casino|medium:slots|medium:jackpot|medium:wager|medium:betting|structural:18+,2026-08-09T17:03:42Z
https://g610.bet,g610.bet,1.0,strong:free spins|strong:register now|medium:casino|medium:slots|medium:wager|medium:betting|structural:responsible gambling|structural:age verification,2026-08-09T17:04:08Z
https://g610.bet,g610.bet,1.0,strong:free spins|strong:register now|medium:casino|medium:slots|medium:wager|medium:betting|structural:responsible gambling|structural:age verification,2026-08-09T17:04:08Z
https://g668.bet,g668.bet,1.0,strong:free spins|strong:live dealer|medium:casino|medium:slots|medium:poker|medium:sportsbook|medium:wager|medium:betting,2026-08-09T17:04:12Z
https://g668.bet,g668.bet,1.0,strong:free spins|strong:live dealer|medium:casino|medium:slots|medium:poker|medium:sportsbook|medium:wager|medium:betting,2026-08-09T17:04:12Z
https://g800.bet,g800.bet,1.0,strong:free spins|strong:live dealer|strong:register now|medium:casino|medium:slots|medium:jackpot|medium:wager|medium:betting,2026-08-09T17:04:38Z
https://g877.bet,g877.bet,0.9,strong:live dealer|strong:register now|medium:casino|medium:slots|medium:sportsbook|medium:betting,2026-08-09T17:04:42Z
https://g95.bet,g95.bet,1.0,strong:register now|strong:bet slip|medium:casino|medium:slots|medium:jackpot|medium:betting|structural:age verification,2026-08-09T17:04:58Z
https://g95.bet,g95.bet,1.0,strong:register now|strong:bet slip|medium:casino|medium:slots|medium:jackpot|medium:betting|structural:age verification,2026-08-09T17:04:58Z
https://ga444.bet,ga444.bet,1.0,strong:free spins|strong:live dealer|strong:claim bonus|medium:casino|medium:slots|medium:poker|medium:sportsbook|medium:jackpot|medium:wager|medium:betting|structural:18+,2026-08-09T17:05:41Z
https://ga444.bet,ga444.bet,1.0,strong:free spins|strong:live dealer|strong:claim bonus|medium:casino|medium:slots|medium:poker|medium:sportsbook|medium:jackpot|medium:wager|medium:betting|structural:18+,2026-08-09T17:05:42Z
https://gaben.bet,gaben.bet,1.0,strong:free spins|strong:live dealer|strong:bet slip|medium:casino|medium:slots|medium:sportsbook|medium:wager|medium:betting|negative:app store,2026-08-09T17:06:16Z
https://gaben.bet,gaben.bet,1.0,strong:free spins|strong:live dealer|strong:bet slip|medium:casino|medium:slots|medium:sportsbook|medium:wager|medium:betting|negative:app store,2026-08-09T17:06:16Z
https://gacor167.bet,gacor167.bet,1.0,strong:free spins|strong:live dealer|medium:casino|medium:slots|medium:sportsbook|medium:wager|medium:betting,2026-08-09T17:06:27Z
https://gacor138.bet,gacor138.bet,1.0,strong:deposit bonus|strong:live dealer|medium:casino|medium:slots|medium:poker|medium:sportsbook|medium:wager|medium:betting,2026-08-09T17:06:29Z
https://gacor138.bet,gacor138.bet,1.0,strong:deposit bonus|strong:live dealer|medium:casino|medium:slots|medium:poker|medium:sportsbook|medium:wager|medium:betting,2026-08-09T17:06:29Z
https://gacor188.bet,gacor188.bet,0.9,strong:deposit bonus|strong:live dealer|medium:casino|medium:slots|medium:sportsbook|medium:wager,2026-08-09T17:06:30Z
https://gacor167.bet,gacor167.bet,1.0,strong:free spins|strong:live dealer|medium:casino|medium:slots|medium:sportsbook|medium:wager|medium:betting,2026-08-09T17:06:30Z
https://gacor22.bet,gacor22.bet,0.8,strong:deposit bonus|strong:free spins|medium:casino|medium:sportsbook|medium:betting,2026-08-09T17:06:32Z
https://gacor305.bet,gacor305.bet,0.9,strong:deposit bonus|strong:live dealer|medium:casino|medium:slots|medium:sportsbook|medium:betting,2026-08-09T17:06:34Z
https://gacor368.bet,gacor368.bet,1.0,strong:free spins|strong:live dealer|medium:casino|medium:slots|medium:sportsbook|medium:wager|medium:betting,2026-08-09T17:06:35Z
https://gacor305.bet,gacor305.bet,0.9,strong:deposit bonus|strong:live dealer|medium:casino|medium:slots|medium:sportsbook|medium:betting,2026-08-09T17:06:35Z
https://gacor55.bet,gacor55.bet,1.0,strong:deposit bonus|strong:live dealer|medium:casino|medium:slots|medium:sportsbook|medium:wager|medium:betting,2026-08-09T17:06:39Z
https://gacor55.bet,gacor55.bet,1.0,strong:deposit bonus|strong:live dealer|medium:casino|medium:slots|medium:sportsbook|medium:wager|medium:betting,2026-08-09T17:06:39Z
https://gacor69.bet,gacor69.bet,1.0,strong:deposit bonus|strong:free spins|strong:live dealer|medium:casino|medium:slots|medium:sportsbook|medium:wager|medium:betting,2026-08-09T17:06:40Z
https://gacor77slot.bet,gacor77slot.bet,1.0,strong:free spins|strong:place a bet|medium:casino|medium:poker|medium:sportsbook|medium:wager|medium:betting,2026-08-09T17:06:41Z
https://gacor77slot.bet,gacor77slot.bet,1.0,strong:free spins|strong:place a bet|medium:casino|medium:poker|medium:sportsbook|medium:wager|medium:betting,2026-08-09T17:06:41Z
https://gacorbos.bet,gacorbos.bet,1.0,strong:deposit bonus|strong:free spins|strong:live dealer|medium:casino|medium:slots|medium:poker|medium:sportsbook|medium:wager|medium:betting,2026-08-09T17:06:49Z
https://gacorbos.bet,gacorbos.bet,1.0,strong:deposit bonus|strong:free spins|strong:live dealer|medium:casino|medium:slots|medium:poker|medium:sportsbook|medium:wager|medium:betting,2026-08-09T17:06:49Z
https://gacorwin.bet,gacorwin.bet,1.0,strong:free spins|strong:live dealer|medium:casino|medium:slots|medium:sportsbook|medium:wager|medium:betting,2026-08-09T17:06:50Z
https://gacorwin.bet,gacorwin.bet,1.0,strong:free spins|strong:live dealer|medium:casino|medium:slots|medium:sportsbook|medium:wager|medium:betting,2026-08-09T17:06:50Z
https://gacorzone.bet,gacorzone.bet,1.0,strong:deposit bonus|strong:free spins|strong:live dealer|medium:casino|medium:slots|medium:sportsbook|medium:wager|medium:betting,2026-08-09T17:06:52Z
https://gacorzone.bet,gacorzone.bet,1.0,strong:deposit bonus|strong:free spins|strong:live dealer|medium:casino|medium:slots|medium:sportsbook|medium:wager|medium:betting,2026-08-09T17:06:52Z
https://gadaitoto.bet,gadaitoto.bet,1.0,strong:deposit bonus|strong:free spins|strong:live dealer|medium:casino|medium:slots|medium:sportsbook|medium:wager|medium:betting,2026-08-09T17:06:53Z
https://gadaitoto.bet,gadaitoto.bet,1.0,strong:deposit bonus|strong:free spins|strong:live dealer|medium:casino|medium:slots|medium:sportsbook|medium:wager|medium:betting,2026-08-09T17:06:54Z
https://gajah.bet,gajah.bet,1.0,strong:free spins|strong:live dealer|medium:casino|medium:slots|medium:poker|medium:sportsbook|medium:wager,2026-08-09T17:07:19Z
https://gajah.bet,gajah.bet,1.0,strong:free spins|strong:live dealer|medium:casino|medium:slots|medium:poker|medium:sportsbook|medium:wager,2026-08-09T17:07:19Z
https://gajahtoto.bet,gajahtoto.bet,1.0,strong:deposit bonus|strong:live dealer|medium:casino|medium:slots|medium:sportsbook|medium:jackpot|medium:wager|medium:betting,2026-08-09T17:07:21Z
https://gajahtoto.bet,gajahtoto.bet,1.0,strong:deposit bonus|strong:free spins|strong:live dealer|medium:casino|medium:slots|medium:sportsbook|medium:jackpot|medium:wager|medium:betting|negative:app store|negative:google play,2026-08-09T17:07:21Z
https://gajian.bet,gajian.bet,1.0,strong:free spins|strong:live dealer|medium:casino|medium:slots|medium:sportsbook|medium:wager|medium:betting,2026-08-09T17:07:23Z
https://gajian.bet,gajian.bet,1.0,strong:free spins|strong:live dealer|medium:casino|medium:slots|medium:sportsbook|medium:wager|medium:betting,2026-08-09T17:07:23Z
https://gajitoto.bet,gajitoto.bet,1.0,strong:deposit bonus|strong:free spins|strong:live dealer|medium:casino|medium:slots|medium:poker|medium:sportsbook|medium:wager|medium:betting,2026-08-09T17:07:23Z
https://galacticwins.bet,galacticwins.bet,1.0,strong:deposit bonus|strong:free spins|strong:live dealer|strong:withdraw winnings|strong:play now|strong:cashier|strong:curacao egaming|medium:casino|medium:slots|medium:poker|medium:jackpot|medium:wager|medium:betting|structural:18+|structural:responsible gambling,2026-08-09T17:07:32Z
https://galacticwins.bet,galacticwins.bet,1.0,strong:deposit bonus|strong:free spins|strong:live dealer|strong:withdraw winnings|strong:play now|strong:cashier|strong:curacao egaming|medium:casino|medium:slots|medium:poker|medium:jackpot|medium:wager|medium:betting|structural:18+|structural:responsible gambling,2026-08-09T17:07:34Z
https://galaxy138.bet,galaxy138.bet,1.0,strong:free spins|strong:live dealer|medium:casino|medium:slots|medium:sportsbook|medium:wager|medium:betting,2026-08-09T17:07:36Z
https://galaxy138.bet,galaxy138.bet,1.0,strong:free spins|strong:live dealer|medium:casino|medium:slots|medium:sportsbook|medium:wager|medium:betting,2026-08-09T17:07:37Z
https://galaxybet77.bet,galaxybet77.bet,0.9,strong:free spins|strong:live dealer|medium:casino|medium:slots|medium:wager|medium:betting,2026-08-09T17:07:43Z
https://galaxybet77.bet,galaxybet77.bet,0.9,strong:free spins|strong:live dealer|medium:casino|medium:slots|medium:wager|medium:betting,2026-08-09T17:07:43Z
https://galaxynocasino.bet,galaxynocasino.bet,1.0,strong:deposit bonus|strong:free spins|strong:live dealer|medium:casino|medium:slots|medium:jackpot|medium:wager,2026-08-09T17:07:45Z
https://galleon-casino.bet,galleon-casino.bet,1.0,strong:deposit bonus|strong:free spins|medium:casino|medium:slots|medium:sportsbook|medium:wager|medium:betting,2026-08-09T17:07:57Z
https://galleon-casino.bet,galleon-casino.bet,1.0,strong:deposit bonus|strong:free spins|medium:casino|medium:slots|medium:sportsbook|medium:wager|medium:betting,2026-08-09T17:07:57Z
https://galleoncasino.bet,galleoncasino.bet,1.0,strong:deposit bonus|strong:free spins|medium:casino|medium:slots|medium:sportsbook|medium:jackpot|medium:wager|medium:betting,2026-08-09T17:08:01Z
https://gam3s.bet,gam3s.bet,1.0,strong:free spins|strong:live dealer|strong:register now|strong:play now|medium:casino|medium:slots|medium:poker|medium:jackpot|medium:wager|medium:betting|structural:18+,2026-08-09T17:08:12Z
https://gam3s.bet,gam3s.bet,1.0,strong:free spins|strong:live dealer|strong:register now|strong:play now|medium:casino|medium:slots|medium:poker|medium:jackpot|medium:wager|medium:betting|structural:18+,2026-08-09T17:08:12Z
https://gam.bet,gam.bet,1.0,strong:deposit bonus|strong:free spins|strong:claim bonus|strong:play now|medium:casino|medium:slots|medium:poker|medium:wager|medium:betting|structural:18+|structural:responsible gambling|negative:how to play,2026-08-09T17:08:17Z
https://gam.bet,gam.bet,1.0,strong:deposit bonus|strong:free spins|strong:claim bonus|strong:play now|medium:casino|medium:slots|medium:poker|medium:wager|medium:betting|structural:18+|structural:responsible gambling|negative:how to play,2026-08-09T17:08:17Z
https://gamacasino.bet,gamacasino.bet,1.0,strong:deposit bonus|strong:free spins|strong:live dealer|strong:cashier|medium:casino|medium:slots|structural:responsible gambling,2026-08-09T17:08:18Z
https://gamacasino.bet,gamacasino.bet,1.0,strong:deposit bonus|strong:free spins|strong:live dealer|strong:cashier|medium:casino|medium:slots|medium:wager|medium:betting|structural:18+|structural:responsible gambling,2026-08-09T17:08:18Z
https://gambar.bet,gambar.bet,1.0,strong:free spins|strong:live dealer|strong:claim bonus|medium:casino|medium:slots|medium:poker|medium:sportsbook|medium:wager|medium:betting|negative:app store|negative:google play,2026-08-09T17:08:19Z
https://gambarslot.bet,gambarslot.bet,1.0,strong:deposit bonus|strong:free spins|strong:place a bet|strong:live dealer|medium:casino|medium:slots|medium:poker|medium:sportsbook|medium:betting,2026-08-09T17:08:20Z
https://gambarslot.bet,gambarslot.bet,1.0,strong:deposit bonus|strong:free spins|strong:place a bet|strong:live dealer|medium:casino|medium:slots|medium:poker|medium:sportsbook|medium:betting,2026-08-09T17:08:20Z
https://gambar.bet,gambar.bet,1.0,strong:free spins|strong:live dealer|strong:claim bonus|medium:casino|medium:slots|medium:poker|medium:sportsbook|medium:wager|medium:betting|negative:app store|negative:google play,2026-08-09T17:08:21Z
https://gambler.bet,gambler.bet,1.0,strong:deposit bonus|strong:free spins|strong:live dealer|medium:casino|medium:slots|medium:poker|medium:sportsbook|medium:jackpot|medium:wager|medium:betting|structural:responsible gambling,2026-08-09T17:08:48Z
https://gambler.bet,gambler.bet,1.0,strong:deposit bonus|strong:free spins|strong:live dealer|medium:casino|medium:slots|medium:poker|medium:sportsbook|medium:jackpot|medium:wager|medium:betting|structural:responsible gambling,2026-08-09T17:08:50Z
https://gamblezenz.bet,gamblezenz.bet,1.0,strong:free spins|strong:live dealer|strong:register now|strong:play now|medium:casino|structural:18+|negative:app store,2026-08-09T17:08:55Z
https://gambloria-au.bet,gambloria-au.bet,1.0,strong:deposit bonus|strong:free spins|medium:casino|medium:slots|medium:poker|medium:jackpot|medium:wager,2026-08-09T17:09:06Z
https://gamdomcasino-au.bet,gamdomcasino-au.bet,1.0,strong:free spins|strong:play now|medium:casino|medium:slots|medium:jackpot|medium:wager|structural:responsible gambling,2026-08-09T17:09:10Z
https://gamdomcasino-au.bet,gamdomcasino-au.bet,1.0,strong:free spins|strong:play now|medium:casino|medium:slots|medium:jackpot|medium:wager|structural:responsible gambling,2026-08-09T17:09:10Z
https://game-bookers.bet,game-bookers.bet,1.0,strong:deposit bonus|strong:free spins|strong:live dealer|strong:withdraw winnings|strong:cashier|strong:ukgc|medium:casino|medium:slots|medium:jackpot|medium:wager|medium:betting|structural:18+|structural:gambleaware|structural:responsible gambling|negative:app store,2026-08-09T17:09:11Z
https://game3d.bet,game3d.bet,1.0,strong:free spins|strong:place a bet|strong:live dealer|strong:cashier|medium:casino|medium:slots|medium:poker|medium:sportsbook|medium:jackpot|medium:wager|medium:betting|structural:responsible gambling|structural:age verification,2026-08-09T17:09:43Z
https://game3d.bet,game3d.bet,1.0,strong:free spins|strong:place a bet|strong:live dealer|strong:cashier|medium:casino|medium:slots|medium:poker|medium:sportsbook|medium:jackpot|medium:wager|medium:betting|structural:gambleaware|structural:responsible gambling|structural:age verification,2026-08-09T17:09:44Z
https://game3rb.bet,game3rb.bet,1.0,strong:deposit bonus|strong:free spins|strong:live dealer|medium:casino|medium:slots|medium:wager|medium:betting,2026-08-09T17:09:44Z
https://game3rb.bet,game3rb.bet,1.0,strong:deposit bonus|strong:free spins|strong:live dealer|medium:casino|medium:slots|medium:wager|medium:betting,2026-08-09T17:09:44Z
https://gameaviator.bet,gameaviator.bet,1.0,strong:deposit bonus|strong:free spins|strong:place a bet|strong:cashier|medium:casino|medium:slots|medium:wager|medium:betting|structural:responsible gambling|negative:app store,2026-08-09T17:10:28Z
https://gameaviator.bet,gameaviator.bet,1.0,strong:deposit bonus|strong:free spins|strong:place a bet|strong:cashier|medium:casino|medium:slots|medium:wager|medium:betting|structural:responsible gambling|negative:app store,2026-08-09T17:10:28Z
https://gameboy77.bet,gameboy77.bet,0.8,strong:deposit bonus|strong:live dealer|medium:casino|medium:slots|medium:sportsbook,2026-08-09T17:10:42Z
https://gamedemo.bet,gamedemo.bet,1.0,strong:deposit bonus|strong:free spins|strong:live dealer|medium:casino|medium:slots|medium:sportsbook|medium:betting,2026-08-09T17:10:51Z
https://gamedemo.bet,gamedemo.bet,1.0,strong:deposit bonus|strong:free spins|strong:live dealer|medium:casino|medium:slots|medium:sportsbook|medium:betting,2026-08-09T17:10:51Z
https://gamegramipl.bet,gamegramipl.bet,1.0,strong:free spins|strong:live dealer|medium:casino|medium:slots|medium:poker|medium:sportsbook|medium:jackpot|medium:wager|medium:betting,2026-08-09T17:11:05Z
https://gamegramipl.bet,gamegramipl.bet,1.0,strong:free spins|strong:live dealer|medium:casino|medium:slots|medium:poker|medium:sportsbook|medium:jackpot|medium:wager|medium:betting,2026-08-09T17:11:07Z
https://gamein.bet,gamein.bet,1.0,strong:deposit bonus|strong:live dealer|strong:cashier|medium:casino|medium:slots|medium:poker|medium:sportsbook|medium:jackpot|medium:wager|medium:betting|structural:responsible gambling,2026-08-09T17:11:17Z
https://gamein.bet,gamein.bet,1.0,strong:deposit bonus|strong:live dealer|strong:cashier|medium:casino|medium:slots|medium:poker|medium:sportsbook|medium:jackpot|medium:wager|medium:betting|structural:responsible gambling,2026-08-09T17:11:17Z
https://gamelantogel.bet,gamelantogel.bet,0.9,strong:live dealer|strong:sign up now|medium:casino|medium:slots|medium:sportsbook|medium:wager,2026-08-09T17:11:22Z
https://gamelantogel.bet,gamelantogel.bet,0.9,strong:live dealer|strong:sign up now|medium:casino|medium:slots|medium:sportsbook|medium:wager,2026-08-09T17:11:22Z
https://gamepad.bet,gamepad.bet,1.0,strong:deposit bonus|strong:free spins|strong:live dealer|medium:casino|medium:slots|medium:sportsbook|medium:betting|negative:app store,2026-08-09T17:11:34Z
https://gamerp.bet,gamerp.bet,1.0,strong:free spins|strong:live dealer|medium:casino|medium:slots|medium:sportsbook|medium:wager|medium:betting,2026-08-09T17:11:49Z
https://gamescores.bet,gamescores.bet,0.9,strong:deposit bonus|strong:claim bonus|medium:casino|structural:18+|structural:gambleaware,2026-08-09T17:12:04Z
https://gamescores.bet,gamescores.bet,0.9,strong:deposit bonus|strong:claim bonus|medium:casino|structural:18+|structural:gambleaware,2026-08-09T17:12:04Z
https://gamezoneph.bet,gamezoneph.bet,0.8,strong:live dealer|strong:register now|medium:casino|medium:slots|medium:betting,2026-08-09T17:12:51Z
https://gamezoneph.bet,gamezoneph.bet,0.8,strong:live dealer|strong:register now|medium:casino|medium:slots|medium:betting,2026-08-09T17:12:52Z
https://gaming-club.bet,gaming-club.bet,1.0,strong:deposit bonus|strong:free spins|strong:live dealer|strong:play now|strong:cashier|medium:casino|medium:slots|medium:poker|medium:jackpot|medium:wager|medium:betting|structural:18+|structural:responsible gambling|structural:age verification,2026-08-09T17:12:54Z
https://gaming-club.bet,gaming-club.bet,1.0,strong:deposit bonus|strong:free spins|strong:live dealer|strong:play now|strong:cashier|medium:casino|medium:slots|medium:poker|medium:jackpot|medium:wager|medium:betting|structural:18+|structural:responsible gambling|structural:age verification,2026-08-09T17:12:54Z
https://gamingclub-casino.bet,gamingclub-casino.bet,1.0,strong:deposit bonus|strong:free spins|strong:mga/|medium:casino|medium:slots|structural:18+,2026-08-09T17:13:06Z
https://gamingclubcasino.bet,gamingclubcasino.bet,1.0,strong:deposit bonus|strong:free spins|strong:live dealer|strong:play now|strong:cashier|medium:casino|medium:slots|medium:poker|medium:jackpot|medium:wager|medium:betting|structural:18+|structural:responsible gambling,2026-08-09T17:13:07Z
https://gamingclubcasino.bet,gamingclubcasino.bet,1.0,strong:deposit bonus|strong:free spins|strong:live dealer|strong:play now|strong:cashier|medium:casino|medium:slots|medium:poker|medium:jackpot|medium:wager|medium:betting|structural:18+|structural:responsible gambling,2026-08-09T17:13:07Z
https://gamix-casino.bet,gamix-casino.bet,1.0,strong:deposit bonus|strong:free spins|strong:live dealer|strong:claim bonus|strong:play now|strong:cashier|medium:casino|medium:slots|medium:poker|medium:sportsbook|medium:jackpot|medium:wager|medium:betting|structural:18+,2026-08-09T17:13:12Z
https://gamrfirst.bet,gamrfirst.bet,0.9,strong:deposit bonus|strong:free spins|medium:casino|medium:slots|medium:poker|medium:jackpot,2026-08-09T17:13:20Z
https://ganamosargentina.bet,ganamosargentina.bet,0.95,strong:free spins|strong:curacao egaming|medium:casino|medium:slots|medium:jackpot|structural:18+,2026-08-09T17:13:38Z
https://ganamosargentina.bet,ganamosargentina.bet,0.95,strong:free spins|strong:curacao egaming|medium:casino|medium:slots|medium:jackpot|structural:18+,2026-08-09T17:13:38Z
https://ganas.bet,ganas.bet,0.9,strong:free spins|strong:live dealer|medium:casino|medium:slots|medium:sportsbook|medium:betting,2026-08-09T17:13:48Z
https://ganas.bet,ganas.bet,0.9,strong:free spins|strong:live dealer|medium:casino|medium:slots|medium:sportsbook|medium:betting,2026-08-09T17:13:49Z
https://ganas77.bet,ganas77.bet,0.8,strong:deposit bonus|strong:live dealer|medium:casino|medium:slots|medium:jackpot,2026-08-09T17:13:54Z
https://ganas77.bet,ganas77.bet,0.8,strong:deposit bonus|strong:live dealer|medium:casino|medium:slots|medium:jackpot,2026-08-09T17:13:54Z
https://gandatoto.bet,gandatoto.bet,1.0,strong:deposit bonus|strong:live dealer|medium:casino|medium:slots|medium:sportsbook|medium:wager|medium:betting,2026-08-09T17:13:57Z
https://gandatoto.bet,gandatoto.bet,1.0,strong:deposit bonus|strong:live dealer|medium:casino|medium:slots|medium:sportsbook|medium:wager|medium:betting,2026-08-09T17:13:59Z
https://gang303.bet,gang303.bet,1.0,strong:place a bet|strong:live dealer|strong:withdraw winnings|medium:casino|medium:slots|medium:sportsbook|medium:wager|medium:betting,2026-08-09T17:14:06Z
https://gangbob.bet,gangbob.bet,1.0,strong:deposit bonus|strong:free spins|strong:live dealer|strong:claim bonus|strong:cashier|medium:casino|medium:slots|medium:poker|medium:sportsbook|medium:jackpot|medium:wager|medium:betting|structural:18+|structural:gambleaware,2026-08-09T17:14:08Z
https://gangbob.bet,gangbob.bet,1.0,strong:deposit bonus|strong:free spins|strong:live dealer|strong:claim bonus|strong:cashier|medium:casino|medium:slots|medium:poker|medium:sportsbook|medium:jackpot|medium:wager|medium:betting|structural:18+|structural:gambleaware,2026-08-09T17:14:08Z
https://gangstacasino.bet,gangstacasino.bet,1.0,strong:deposit bonus|strong:free spins|strong:live dealer|strong:withdraw winnings|strong:play now|strong:cashier|medium:casino|medium:slots|medium:jackpot|medium:wager|medium:betting|structural:18+|structural:responsible gambling,2026-08-09T17:14:10Z
https://gangstacasino.bet,gangstacasino.bet,0.95,strong:deposit bonus|strong:free spins|strong:live dealer|medium:casino|medium:slots,2026-08-09T17:14:11Z
https://ganteng4d.bet,ganteng4d.bet,1.0,strong:free spins|strong:live dealer|medium:casino|medium:slots|medium:poker|medium:sportsbook|medium:betting,2026-08-09T17:15:03Z
https://ganteng4d.bet,ganteng4d.bet,1.0,strong:free spins|strong:live dealer|medium:casino|medium:slots|medium:poker|medium:sportsbook|medium:betting,2026-08-09T17:15:03Z
https://garasi.bet,garasi.bet,1.0,strong:free spins|strong:live dealer|strong:claim bonus|medium:casino|medium:slots|medium:wager|medium:betting,2026-08-09T17:15:07Z
https://garasislotlogin.bet,garasislotlogin.bet,0.8,strong:live dealer|strong:cashier|medium:casino|medium:slots|medium:sportsbook,2026-08-09T17:15:08Z
https://garasislotlogin.bet,garasislotlogin.bet,0.8,strong:live dealer|strong:cashier|medium:casino|medium:slots|medium:sportsbook,2026-08-09T17:15:08Z
https://gardatoto.bet,gardatoto.bet,1.0,strong:deposit bonus|strong:free spins|strong:live dealer|medium:slots|medium:sportsbook|medium:wager|medium:betting,2026-08-09T17:15:11Z
https://gardatoto.bet,gardatoto.bet,1.0,strong:deposit bonus|strong:free spins|strong:live dealer|medium:slots|medium:sportsbook|medium:wager|medium:betting,2026-08-09T17:15:14Z
https://garongvip.bet,garongvip.bet,0.9,strong:deposit bonus|strong:live dealer|medium:casino|medium:slots|medium:sportsbook|medium:wager,2026-08-09T17:15:27Z
https://garongvip.bet,garongvip.bet,0.9,strong:deposit bonus|strong:live dealer|medium:casino|medium:slots|medium:sportsbook|medium:wager,2026-08-09T17:15:27Z
https://gartic.bet,gartic.bet,0.8,strong:free spins|strong:live dealer|medium:casino|medium:slots|medium:betting,2026-08-09T17:15:28Z
https://garrison.bet,garrison.bet,1.0,strong:free spins|strong:live dealer|strong:register now|medium:casino|medium:slots|medium:jackpot|structural:responsible gambling,2026-08-09T17:15:29Z
https://gartic.bet,gartic.bet,1.0,strong:free spins|strong:live dealer|medium:casino|medium:slots|medium:sportsbook|medium:wager|medium:betting,2026-08-09T17:15:30Z
https://garuda4d.bet,garuda4d.bet,1.0,strong:deposit bonus|strong:free spins|strong:place a bet|strong:live dealer|medium:casino|medium:slots|medium:sportsbook|medium:betting,2026-08-09T17:15:34Z
https://garuda4d.bet,garuda4d.bet,1.0,strong:deposit bonus|strong:free spins|strong:place a bet|strong:live dealer|medium:casino|medium:slots|medium:sportsbook|medium:betting,2026-08-09T17:15:34Z
https://garrison.bet,garrison.bet,1.0,strong:free spins|strong:live dealer|strong:register now|medium:casino|medium:slots|medium:jackpot|structural:responsible gambling,2026-08-09T17:15:34Z
https://garudajitu.bet,garudajitu.bet,0.85,strong:live dealer|strong:claim bonus|medium:casino|medium:slots|medium:sportsbook|medium:wager|medium:betting|negative:app store,2026-08-09T17:15:39Z
https://garudajitu.bet,garudajitu.bet,0.85,strong:live dealer|strong:claim bonus|medium:casino|medium:slots|medium:sportsbook|medium:wager|medium:betting|negative:app store,2026-08-09T17:15:39Z
https://garudaplay55.bet,garudaplay55.bet,0.95,strong:free spins|strong:curacao egaming|medium:casino|medium:slots|medium:jackpot|structural:18+,2026-08-09T17:15:40Z
https://garudaplay55.bet,garudaplay55.bet,0.95,strong:free spins|strong:curacao egaming|medium:casino|medium:slots|medium:jackpot|structural:18+,2026-08-09T17:15:40Z
https://garudaslot.bet,garudaslot.bet,0.9,strong:deposit bonus|strong:live dealer|medium:casino|medium:slots|medium:sportsbook|medium:wager,2026-08-09T17:15:41Z
https://garudatoto.bet,garudatoto.bet,1.0,strong:free spins|strong:live dealer|medium:casino|medium:slots|medium:sportsbook|medium:jackpot|medium:wager|medium:betting,2026-08-09T17:15:41Z
https://garudatoto.bet,garudatoto.bet,1.0,strong:free spins|strong:live dealer|medium:casino|medium:slots|medium:sportsbook|medium:jackpot|medium:wager|medium:betting,2026-08-09T17:15:41Z
https://gasper.bet,gasper.bet,0.9,strong:free spins|strong:live dealer|medium:casino|medium:slots|medium:wager|medium:betting,2026-08-09T17:15:52Z
https://gaspol168.bet,gaspol168.bet,1.0,strong:deposit bonus|strong:free spins|strong:live dealer|medium:casino|medium:slots|medium:sportsbook|medium:betting,2026-08-09T17:15:52Z
https://gaspol168.bet,gaspol168.bet,1.0,strong:deposit bonus|strong:free spins|strong:live dealer|medium:casino|medium:slots|medium:sportsbook|medium:betting,2026-08-09T17:15:52Z
https://gaspol77.bet,gaspol77.bet,1.0,strong:free spins|strong:live dealer|medium:casino|medium:slots|medium:sportsbook|medium:jackpot|medium:wager,2026-08-09T17:15:54Z
https://gate-777.bet,gate-777.bet,0.95,strong:free spins|strong:mga/|medium:casino|medium:slots|medium:jackpot|structural:18+,2026-08-09T17:15:56Z
https://gate-777.bet,gate-777.bet,0.95,strong:free spins|strong:mga/|medium:casino|medium:slots|medium:jackpot|structural:18+,2026-08-09T17:15:57Z
https://gatcha.bet,gatcha.bet,0.9,strong:free spins|strong:live dealer|medium:casino|medium:slots|medium:poker|medium:sportsbook,2026-08-09T17:15:57Z
https://gate777.bet,gate777.bet,1.0,strong:deposit bonus|strong:free spins|strong:live dealer|strong:curacao egaming|medium:casino|medium:slots|medium:poker|medium:jackpot|medium:wager,2026-08-09T17:15:58Z
https://gatesofolympus1000.bet,gatesofolympus1000.bet,0.8,strong:free spins|strong:withdraw winnings|strong:play now|medium:casino|medium:slots|negative:how to play,2026-08-09T17:16:01Z
https://gatesofolympus1000.bet,gatesofolympus1000.bet,0.8,strong:free spins|strong:withdraw winnings|strong:play now|medium:casino|medium:slots|negative:how to play,2026-08-09T17:16:01Z
https://gatesofolympus1000.bet,gatesofolympus1000.bet,0.8,strong:free spins|strong:withdraw winnings|strong:play now|medium:casino|medium:slots|negative:how to play,2026-08-09T17:16:02Z
https://gatesofolympus1000.bet,gatesofolympus1000.bet,0.8,strong:free spins|strong:withdraw winnings|strong:play now|medium:casino|medium:slots|negative:how to play,2026-08-09T17:16:02Z
https://gate777.bet,gate777.bet,0.9,strong:free spins|strong:live dealer|medium:casino|medium:slots|medium:jackpot|medium:wager,2026-08-09T17:16:04Z
https://gatesolympus.bet,gatesolympus.bet,1.0,strong:free spins|strong:play now|strong:curacao egaming|medium:casino|medium:slots|medium:sportsbook|medium:wager|medium:betting|structural:18+|structural:responsible gambling,2026-08-09T17:16:05Z
https://gatesolympus.bet,gatesolympus.bet,1.0,strong:free spins|strong:play now|strong:curacao egaming|medium:casino|medium:slots|medium:sportsbook|medium:wager|medium:betting|structural:18+|structural:responsible gambling,2026-08-09T17:16:06Z
https://gawang68.bet,gawang68.bet,0.8,strong:live dealer|strong:cashier|medium:casino|medium:slots|medium:sportsbook,2026-08-09T17:16:29Z
https://gawang68.bet,gawang68.bet,0.8,strong:live dealer|strong:cashier|medium:casino|medium:slots|medium:sportsbook,2026-08-09T17:16:29Z
https://gaz68.bet,gaz68.bet,0.95,strong:free spins|strong:live dealer|strong:play now|medium:casino|medium:jackpot,2026-08-09T17:16:40Z
https://gaz68.bet,gaz68.bet,0.95,strong:free spins|strong:live dealer|strong:play now|medium:casino|medium:jackpot,2026-08-09T17:16:40Z
https://gaza.bet,gaza.bet,1.0,strong:deposit bonus|strong:free spins|strong:live dealer|strong:withdraw winnings|medium:casino|medium:sportsbook|medium:wager|medium:betting,2026-08-09T17:16:41Z
https://gaza.bet,gaza.bet,1.0,strong:deposit bonus|strong:free spins|strong:live dealer|strong:withdraw winnings|medium:casino|medium:sportsbook|medium:wager|medium:betting,2026-08-09T17:16:41Z
https://gb44.bet,gb44.bet,1.0,strong:free spins|strong:live dealer|strong:claim bonus|medium:casino|medium:slots|medium:poker|medium:jackpot|medium:wager,2026-08-09T17:16:51Z
https://gb365.bet,gb365.bet,1.0,strong:live dealer|strong:play now|medium:casino|medium:poker|medium:jackpot|medium:betting|structural:18+,2026-08-09T17:16:52Z
https://gb365.bet,gb365.bet,1.0,strong:live dealer|strong:play now|medium:casino|medium:poker|medium:jackpot|medium:betting|structural:18+,2026-08-09T17:16:52Z
https://gb44.bet,gb44.bet,1.0,strong:free spins|strong:live dealer|strong:claim bonus|medium:casino|medium:slots|medium:poker|medium:jackpot|medium:wager,2026-08-09T17:16:52Z
https://gb77.bet,gb77.bet,1.0,strong:free spins|strong:live dealer|medium:casino|medium:slots|medium:sportsbook|medium:wager|medium:betting,2026-08-09T17:17:02Z
https://gb77.bet,gb77.bet,1.0,strong:free spins|strong:live dealer|medium:casino|medium:slots|medium:sportsbook|medium:wager|medium:betting,2026-08-09T17:17:02Z
https://gb991.bet,gb991.bet,1.0,strong:deposit bonus|strong:free spins|medium:casino|medium:slots|medium:jackpot|medium:wager|medium:betting|structural:18+|structural:responsible gambling,2026-08-09T17:17:08Z
https://gb991.bet,gb991.bet,1.0,strong:deposit bonus|strong:free spins|medium:casino|medium:slots|medium:jackpot|medium:wager|medium:betting|structural:18+|structural:responsible gambling,2026-08-09T17:17:08Z
https://gb99bat.bet,gb99bat.bet,1.0,strong:deposit bonus|strong:cashier|strong:bet slip|medium:casino|medium:slots|medium:wager|medium:betting|structural:18+|structural:responsible gambling|structural:age verification,2026-08-09T17:17:10Z
https://gb99bd.bet,gb99bd.bet,1.0,strong:free spins|strong:live dealer|strong:play now|medium:casino|medium:slots|medium:poker|medium:jackpot|medium:wager|medium:betting,2026-08-09T17:17:12Z
https://gb99bd.bet,gb99bd.bet,1.0,strong:free spins|strong:live dealer|strong:play now|medium:casino|medium:slots|medium:poker|medium:jackpot|medium:wager|medium:betting,2026-08-09T17:17:12Z
https://gbajer.bet,gbajer.bet,1.0,strong:free spins|strong:live dealer|strong:play now|medium:casino|medium:slots|medium:poker|medium:sportsbook|medium:jackpot|medium:wager|medium:betting|negative:app store,2026-08-09T17:17:20Z
https://gbajer.bet,gbajer.bet,1.0,strong:free spins|strong:live dealer|strong:play now|medium:casino|medium:slots|medium:poker|medium:jackpot|medium:wager|medium:betting,2026-08-09T17:17:21Z
https://gbajje.bet,gbajje.bet,0.9,strong:live dealer|strong:register now|medium:casino|medium:slots|medium:jackpot|medium:betting,2026-08-09T17:17:22Z
https://gbajje.bet,gbajje.bet,0.9,strong:live dealer|strong:register now|medium:casino|medium:slots|medium:jackpot|medium:betting,2026-08-09T17:17:22Z
https://gbets.bet,gbets.bet,0.9,strong:live dealer|strong:register now|medium:casino|medium:slots|medium:poker|medium:betting,2026-08-09T17:17:31Z
https://gbets.bet,gbets.bet,0.9,strong:live dealer|strong:register now|medium:casino|medium:slots|medium:poker|medium:betting,2026-08-09T17:17:32Z
https://gbetslogin.bet,gbetslogin.bet,0.8,strong:live dealer|strong:register now|medium:casino|medium:slots|medium:poker,2026-08-09T17:17:33Z
https://gbk.bet,gbk.bet,0.9,strong:free spins|strong:live dealer|medium:casino|medium:slots|medium:sportsbook|medium:betting,2026-08-09T17:17:42Z
https://gbk.bet,gbk.bet,0.9,strong:free spins|strong:live dealer|medium:casino|medium:slots|medium:sportsbook|medium:betting,2026-08-09T17:17:42Z
https://gbkslot.bet,gbkslot.bet,1.0,strong:free spins|strong:live dealer|medium:casino|medium:slots|medium:poker|medium:sportsbook|medium:wager|medium:betting,2026-08-09T17:17:44Z
https://gbo138.bet,gbo138.bet,1.0,strong:free spins|strong:live dealer|medium:casino|medium:slots|medium:sportsbook|medium:jackpot|medium:wager|medium:betting,2026-08-09T17:17:47Z
https://gbo138.bet,gbo138.bet,1.0,strong:free spins|strong:live dealer|medium:casino|medium:slots|medium:sportsbook|medium:jackpot|medium:wager|medium:betting,2026-08-09T17:17:47Z
https://gbo303.bet,gbo303.bet,0.9,strong:deposit bonus|strong:live dealer|medium:casino|medium:slots|medium:sportsbook|medium:betting,2026-08-09T17:17:48Z
https://gbo303.bet,gbo303.bet,0.9,strong:deposit bonus|strong:live dealer|medium:casino|medium:slots|medium:sportsbook|medium:betting,2026-08-09T17:17:48Z
https://gbo77.bet,gbo77.bet,0.9,strong:free spins|strong:live dealer|medium:casino|medium:slots|medium:sportsbook|medium:wager,2026-08-09T17:17:53Z
https://gbo77.bet,gbo77.bet,0.9,strong:free spins|strong:live dealer|medium:casino|medium:slots|medium:sportsbook|medium:wager,2026-08-09T17:17:53Z
https://gboslot.bet,gboslot.bet,1.0,strong:free spins|strong:live dealer|medium:casino|medium:slots|medium:poker|medium:sportsbook|medium:betting,2026-08-09T17:17:53Z
https://gboslot.bet,gboslot.bet,1.0,strong:free spins|strong:live dealer|medium:casino|medium:slots|medium:poker|medium:sportsbook|medium:betting,2026-08-09T17:17:55Z
https://gcash66.bet,gcash66.bet,1.0,strong:deposit bonus|strong:free spins|strong:sign up now|medium:casino|medium:slots|medium:poker,2026-08-09T17:18:03Z
https://gcash66.bet,gcash66.bet,1.0,strong:deposit bonus|strong:free spins|strong:sign up now|medium:casino|medium:slots|medium:poker,2026-08-09T17:18:04Z
https://gd2222.bet,gd2222.bet,1.0,strong:free spins|strong:live dealer|strong:play now|medium:casino|medium:slots|medium:poker|medium:jackpot|medium:wager|medium:betting|structural:age verification,2026-08-09T17:18:28Z
https://gd3333.bet,gd3333.bet,1.0,strong:free spins|strong:live dealer|strong:play now|medium:casino|medium:slots|medium:jackpot|medium:wager|medium:betting,2026-08-09T17:18:28Z
https://gday-casino.bet,gday-casino.bet,1.0,strong:deposit bonus|strong:free spins|strong:live dealer|medium:casino|medium:slots|medium:jackpot|medium:wager|structural:responsible gambling,2026-08-09T17:18:34Z
https://gday-casino.bet,gday-casino.bet,1.0,strong:deposit bonus|strong:free spins|strong:live dealer|medium:casino|medium:slots|medium:jackpot|medium:wager|medium:betting|structural:18+|structural:responsible gambling,2026-08-09T17:18:34Z
https://gdb333.bet,gdb333.bet,1.0,strong:deposit bonus|strong:free spins|strong:place a bet|strong:live dealer|strong:play now|medium:casino|medium:slots|medium:wager|medium:betting,2026-08-09T17:18:36Z
https://gdaycasino.bet,gdaycasino.bet,0.95,strong:deposit bonus|strong:free spins|strong:mga/|medium:casino|medium:slots,2026-08-09T17:18:36Z
https://gday77-au.bet,gday77-au.bet,1.0,strong:free spins|strong:live dealer|strong:register now|strong:cashier|medium:casino|medium:slots|negative:written by,2026-08-09T17:18:36Z
https://gdaycasino.bet,gdaycasino.bet,1.0,strong:deposit bonus|strong:free spins|strong:mga/|medium:casino|medium:slots|structural:18+,2026-08-09T17:18:38Z
https://gday77.bet,gday77.bet,0.95,strong:deposit bonus|strong:free spins|strong:cashier|medium:casino|medium:wager,2026-08-09T17:18:38Z
https://gday77.bet,gday77.bet,0.95,strong:deposit bonus|strong:free spins|strong:cashier|medium:casino|medium:wager,2026-08-09T17:18:38Z
https://gdfcasino.bet,gdfcasino.bet,1.0,strong:deposit bonus|strong:free spins|strong:live dealer|strong:withdraw winnings|strong:claim bonus|strong:cashier|strong:curacao egaming|medium:casino|medium:slots|medium:poker|medium:jackpot|medium:wager|medium:betting|structural:18+|structural:responsible gambling,2026-08-09T17:18:40Z
https://gdfcasino.bet,gdfcasino.bet,1.0,strong:deposit bonus|strong:free spins|strong:live dealer|strong:withdraw winnings|strong:claim bonus|strong:cashier|strong:curacao egaming|medium:casino|medium:slots|medium:poker|medium:jackpot|medium:wager|medium:betting|structural:18+|structural:responsible gambling,2026-08-09T17:18:40Z
https://ge7777.bet,ge7777.bet,1.0,strong:live dealer|strong:play now|medium:casino|medium:slots|medium:poker|medium:jackpot|medium:betting,2026-08-09T17:18:50Z
https://gears.bet,gears.bet,1.0,strong:free spins|strong:live dealer|strong:bet slip|medium:casino|medium:slots|medium:sportsbook,2026-08-09T17:18:52Z
https://gears.bet,gears.bet,1.0,strong:free spins|strong:live dealer|strong:bet slip|medium:casino|medium:slots|medium:sportsbook,2026-08-09T17:18:52Z
https://gee999.bet,gee999.bet,1.0,strong:free spins|strong:live dealer|strong:play now|medium:casino|medium:slots|medium:poker|medium:jackpot|medium:wager|medium:betting,2026-08-09T17:18:57Z
https://gee999.bet,gee999.bet,1.0,strong:free spins|strong:live dealer|strong:play now|medium:casino|medium:slots|medium:poker|medium:jackpot|medium:wager|medium:betting,2026-08-09T17:18:57Z
https://ge7777.bet,ge7777.bet,1.0,strong:live dealer|strong:play now|medium:casino|medium:slots|medium:poker|medium:jackpot|medium:betting,2026-08-09T17:18:58Z
https://geet.bet,geet.bet,1.0,strong:free spins|strong:live dealer|strong:claim bonus|medium:casino|medium:slots|medium:poker|medium:jackpot|medium:betting|structural:18+,2026-08-09T17:18:59Z
https://geet.bet,geet.bet,1.0,strong:free spins|strong:live dealer|strong:claim bonus|medium:casino|medium:slots|medium:poker|medium:jackpot|medium:betting|structural:18+,2026-08-09T17:18:59Z
https://gelastogel.bet,gelastogel.bet,0.8,strong:deposit bonus|strong:free spins|strong:live dealer|medium:casino|medium:slots|negative:app store,2026-08-09T17:19:02Z
https://gelastogel.bet,gelastogel.bet,0.8,strong:deposit bonus|strong:free spins|strong:live dealer|medium:casino|medium:slots|negative:app store,2026-08-09T17:19:02Z
https://gelora4d.bet,gelora4d.bet,1.0,strong:deposit bonus|strong:live dealer|strong:claim bonus|medium:casino|medium:slots|medium:sportsbook|medium:wager|medium:betting,2026-08-09T17:19:09Z
https://gelora4d.bet,gelora4d.bet,1.0,strong:deposit bonus|strong:live dealer|strong:claim bonus|medium:casino|medium:slots|medium:sportsbook|medium:wager|medium:betting,2026-08-09T17:19:10Z
https://gem188.bet,gem188.bet,1.0,strong:live dealer|strong:claim bonus|medium:casino|medium:slots|medium:poker|medium:sportsbook|medium:wager|medium:betting,2026-08-09T17:19:11Z
https://gemar4d.bet,gemar4d.bet,1.0,strong:deposit bonus|strong:live dealer|strong:play now|medium:casino|medium:slots|medium:sportsbook|medium:wager,2026-08-09T17:19:17Z
https://gemar4d.bet,gemar4d.bet,1.0,strong:deposit bonus|strong:live dealer|strong:play now|medium:casino|medium:slots|medium:sportsbook|medium:wager,2026-08-09T17:19:17Z
https://gembira77.bet,gembira77.bet,0.9,strong:free spins|strong:live dealer|medium:casino|medium:sportsbook|medium:wager|medium:betting,2026-08-09T17:19:23Z
https://gembira77.bet,gembira77.bet,0.9,strong:free spins|strong:live dealer|medium:casino|medium:sportsbook|medium:wager|medium:betting,2026-08-09T17:19:23Z
https://gembiratoto.bet,gembiratoto.bet,1.0,strong:live dealer|strong:withdraw winnings|strong:cashier|medium:casino|medium:slots|medium:sportsbook|medium:wager|medium:betting,2026-08-09T17:19:23Z
https://gembiratoto.bet,gembiratoto.bet,1.0,strong:live dealer|strong:withdraw winnings|strong:cashier|medium:casino|medium:slots|medium:sportsbook|medium:wager|medium:betting,2026-08-09T17:19:24Z
https://gembot.bet,gembot.bet,0.9,strong:deposit bonus|strong:live dealer|medium:casino|medium:slots|medium:wager|medium:betting,2026-08-09T17:19:25Z
https://gemerlap77.bet,gemerlap77.bet,1.0,strong:deposit bonus|strong:live dealer|medium:casino|medium:slots|medium:sportsbook|medium:wager|medium:betting,2026-08-09T17:19:28Z
https://gemilang.bet,gemilang.bet,0.9,strong:live dealer|strong:cashier|medium:casino|medium:slots|medium:wager|medium:betting,2026-08-09T17:19:29Z
https://gemilang.bet,gemilang.bet,0.9,strong:live dealer|strong:cashier|medium:casino|medium:slots|medium:wager|medium:betting,2026-08-09T17:19:29Z
https://gemilang77.bet,gemilang77.bet,0.9,strong:free spins|strong:live dealer|medium:casino|medium:slots|medium:sportsbook|medium:betting,2026-08-09T17:19:29Z
https://gemilang77.bet,gemilang77.bet,0.9,strong:free spins|strong:live dealer|medium:casino|medium:slots|medium:sportsbook|medium:betting,2026-08-09T17:19:30Z
https://gemilangtoto.bet,gemilangtoto.bet,0.9,strong:free spins|strong:live dealer|medium:casino|medium:slots|medium:sportsbook|medium:betting,2026-08-09T17:19:30Z
https://gemilanghoki.bet,gemilanghoki.bet,1.0,strong:deposit bonus|strong:live dealer|medium:casino|medium:slots|medium:sportsbook|medium:wager|medium:betting,2026-08-09T17:19:30Z
https://gemilanghoki.bet,gemilanghoki.bet,0.9,strong:deposit bonus|strong:live dealer|medium:casino|medium:slots|medium:sportsbook|medium:betting,2026-08-09T17:19:30Z
https://gemilangtoto.bet,gemilangtoto.bet,1.0,strong:free spins|strong:live dealer|medium:casino|medium:slots|medium:sportsbook|medium:wager|medium:betting,2026-08-09T17:19:30Z
https://gemler.bet,gemler.bet,1.0,strong:deposit bonus|strong:free spins|strong:live dealer|strong:play now|strong:cashier|strong:mga/|medium:casino|medium:slots|medium:jackpot|medium:wager|medium:betting|structural:18+|structural:responsible gambling,2026-08-09T17:19:30Z
https://gemler.bet,gemler.bet,1.0,strong:deposit bonus|strong:free spins|strong:live dealer|strong:play now|strong:cashier|strong:mga/|medium:casino|medium:slots|medium:jackpot|medium:wager|medium:betting|structural:18+|structural:responsible gambling,2026-08-09T17:19:31Z
https://gemoy123.bet,gemoy123.bet,0.9,strong:deposit bonus|strong:live dealer|medium:casino|medium:slots|medium:sportsbook|medium:betting,2026-08-09T17:19:32Z
https://gemoy123.bet,gemoy123.bet,1.0,strong:deposit bonus|strong:live dealer|medium:casino|medium:slots|medium:sportsbook|medium:wager|medium:betting,2026-08-09T17:19:32Z
https://gemoyslot.bet,gemoyslot.bet,0.8,strong:free spins|strong:live dealer|medium:casino|medium:slots|medium:betting,2026-08-09T17:19:33Z
https://gemoyslot.bet,gemoyslot.bet,0.8,strong:free spins|strong:live dealer|medium:casino|medium:slots|medium:betting,2026-08-09T17:19:34Z
https://gemu.bet,gemu.bet,1.0,strong:deposit bonus|strong:free spins|strong:live dealer|medium:casino|medium:slots|medium:sportsbook|medium:betting,2026-08-09T17:19:54Z
https://gemu.bet,gemu.bet,1.0,strong:deposit bonus|strong:free spins|strong:live dealer|medium:casino|medium:slots|medium:sportsbook|medium:betting,2026-08-09T17:19:54Z
https://gen777.bet,gen777.bet,0.8,strong:free spins|strong:live dealer|medium:casino|medium:slots|medium:sportsbook,2026-08-09T17:20:02Z
https://gendang4d.bet,gendang4d.bet,0.9,strong:free spins|strong:live dealer|medium:casino|medium:slots|medium:sportsbook|medium:betting,2026-08-09T17:20:05Z
https://genesis-casino.bet,genesis-casino.bet,1.0,strong:deposit bonus|strong:free spins|strong:mga/|medium:casino|structural:18+,2026-08-09T17:20:11Z
https://genesis-casino.bet,genesis-casino.bet,1.0,strong:deposit bonus|strong:free spins|strong:mga/|medium:casino|structural:18+,2026-08-09T17:20:12Z
https://genesiscasino.bet,genesiscasino.bet,1.0,strong:deposit bonus|strong:free spins|strong:live dealer|strong:withdraw winnings|strong:play now|strong:cashier|strong:mga/|medium:casino|medium:slots|medium:poker|medium:jackpot|medium:wager|medium:betting|structural:18+|structural:responsible gambling|structural:age verification,2026-08-09T17:20:12Z
https://genesiscasino.bet,genesiscasino.bet,1.0,strong:deposit bonus|strong:free spins|strong:live dealer|strong:withdraw winnings|strong:play now|strong:cashier|strong:mga/|medium:casino|medium:slots|medium:poker|medium:jackpot|medium:wager|medium:betting|structural:18+|structural:responsible gambling|structural:age verification,2026-08-09T17:20:12Z
https://gengtogel.bet,gengtogel.bet,1.0,strong:free spins|strong:live dealer|strong:withdraw winnings|medium:casino|medium:slots|medium:sportsbook|medium:wager|medium:betting,2026-08-09T17:20:13Z
https://gengtogel.bet,gengtogel.bet,1.0,strong:free spins|strong:live dealer|strong:withdraw winnings|medium:casino|medium:slots|medium:sportsbook|medium:wager|medium:betting,2026-08-09T17:20:13Z
https://genting333.bet,genting333.bet,0.9,strong:live dealer|strong:cashier|medium:casino|medium:slots|medium:sportsbook|medium:betting,2026-08-09T17:20:23Z
https://genting-casino.bet,genting-casino.bet,0.95,strong:free spins|strong:mga/|medium:casino|medium:slots|medium:jackpot|structural:18+,2026-08-09T17:20:24Z
https://genting-casino.bet,genting-casino.bet,0.95,strong:free spins|strong:mga/|medium:casino|medium:slots|medium:jackpot|structural:18+,2026-08-09T17:20:24Z
https://genso.bet,genso.bet,1.0,strong:free spins|strong:live dealer|strong:cashier|strong:ukgc|medium:casino|medium:slots|medium:poker|medium:sportsbook|medium:jackpot|medium:wager|medium:betting|structural:18+|structural:gambleaware|structural:responsible gambling|negative:app store|negative:google play,2026-08-09T17:20:25Z
https://gentingtoto.bet,gentingtoto.bet,0.9,strong:free spins|strong:live dealer|medium:casino|medium:slots|medium:sportsbook|medium:betting,2026-08-09T17:20:26Z
https://genso.bet,genso.bet,1.0,strong:free spins|strong:live dealer|strong:cashier|strong:ukgc|medium:casino|medium:slots|medium:poker|medium:sportsbook|medium:jackpot|medium:wager|medium:betting|structural:18+|structural:gambleaware|structural:responsible gambling|negative:app store|negative:google play,2026-08-09T17:20:26Z
https://geode.bet,geode.bet,1.0,strong:deposit bonus|strong:free spins|strong:live dealer|medium:casino|medium:slots|medium:sportsbook|medium:wager|medium:betting,2026-08-09T17:20:35Z
https://geode.bet,geode.bet,1.0,strong:deposit bonus|strong:free spins|strong:live dealer|medium:casino|medium:slots|medium:sportsbook|medium:wager|medium:betting,2026-08-09T17:20:35Z
https://gerai.bet,gerai.bet,0.8,strong:deposit bonus|strong:live dealer|medium:casino|medium:slots|medium:betting,2026-08-09T17:20:41Z
https://gerai.bet,gerai.bet,0.8,strong:deposit bonus|strong:live dealer|medium:casino|medium:slots|medium:betting,2026-08-09T17:20:41Z
https://geraitogel.bet,geraitogel.bet,1.0,strong:deposit bonus|strong:free spins|strong:live dealer|medium:casino|medium:slots|medium:poker|medium:wager|medium:betting,2026-08-09T17:20:43Z
https://geraitogel.bet,geraitogel.bet,1.0,strong:deposit bonus|strong:free spins|strong:live dealer|medium:casino|medium:slots|medium:poker|medium:sportsbook|medium:wager|medium:betting,2026-08-09T17:20:43Z
https://gerakan99.bet,gerakan99.bet,0.9,strong:deposit bonus|strong:live dealer|medium:casino|medium:slots|medium:sportsbook|medium:betting,2026-08-09T17:20:43Z
https://gerakan99.bet,gerakan99.bet,0.9,strong:deposit bonus|strong:live dealer|medium:casino|medium:slots|medium:sportsbook|medium:betting,2026-08-09T17:20:43Z
https://gerbang88.bet,gerbang88.bet,1.0,strong:deposit bonus|strong:free spins|strong:live dealer|medium:casino|medium:slots|medium:sportsbook|medium:wager,2026-08-09T17:20:47Z
https://get777.bet,get777.bet,1.0,strong:free spins|strong:live dealer|strong:play now|medium:casino|medium:slots|medium:jackpot|medium:wager|medium:betting|negative:how to play,2026-08-09T17:20:59Z
https://get999.bet,get999.bet,1.0,strong:free spins|strong:live dealer|strong:play now|strong:cashier|medium:casino|medium:slots|medium:jackpot|medium:wager|medium:betting|negative:how to play,2026-08-09T17:21:02Z
https://get999.bet,get999.bet,1.0,strong:free spins|strong:live dealer|strong:play now|strong:cashier|medium:casino|medium:slots|medium:jackpot|medium:wager|medium:betting|negative:how to play,2026-08-09T17:21:02Z
https://getar69.bet,getar69.bet,0.9,strong:live dealer|strong:cashier|medium:casino|medium:slots|medium:sportsbook|medium:betting,2026-08-09T17:21:08Z
https://getar69.bet,getar69.bet,0.9,strong:live dealer|strong:cashier|medium:casino|medium:slots|medium:sportsbook|medium:betting,2026-08-09T17:21:08Z
https://getslots.bet,getslots.bet,1.0,strong:deposit bonus|strong:free spins|strong:live dealer|strong:play now|strong:cashier|medium:casino|medium:slots|medium:poker|medium:jackpot|medium:wager|medium:betting|structural:18+|structural:responsible gambling,2026-08-09T17:21:23Z
https://getslotscasino.bet,getslotscasino.bet,1.0,strong:deposit bonus|strong:free spins|strong:curacao egaming|medium:casino|medium:slots|medium:jackpot|structural:responsible gambling,2026-08-09T17:21:24Z
https://getslotscasino.bet,getslotscasino.bet,1.0,strong:deposit bonus|strong:free spins|strong:live dealer|strong:curacao egaming|medium:casino|medium:slots|medium:jackpot|medium:wager|medium:betting|structural:18+|structural:responsible gambling,2026-08-09T17:21:25Z
https://getslots.bet,getslots.bet,1.0,strong:deposit bonus|strong:free spins|strong:live dealer|strong:play now|strong:cashier|medium:casino|medium:slots|medium:poker|medium:jackpot|medium:wager|medium:betting|structural:18+|structural:responsible gambling,2026-08-09T17:21:28Z
https://getslotscasino-au.bet,getslotscasino-au.bet,1.0,strong:deposit bonus|strong:free spins|strong:live dealer|strong:curaçao egaming|strong:curacao egaming|medium:casino|medium:slots|medium:jackpot|medium:wager,2026-08-09T17:21:31Z
https://getslotscasino-au.bet,getslotscasino-au.bet,1.0,strong:deposit bonus|strong:free spins|strong:live dealer|strong:curaçao egaming|strong:curacao egaming|medium:casino|medium:slots|medium:jackpot|medium:wager,2026-08-09T17:21:31Z
https://gg111.bet,gg111.bet,1.0,strong:deposit bonus|strong:free spins|strong:cashier|medium:casino|medium:slots|medium:poker|medium:sportsbook|medium:jackpot|medium:wager|medium:betting|structural:18+|structural:responsible gambling,2026-08-09T17:22:04Z
https://gg111.bet,gg111.bet,1.0,strong:deposit bonus|strong:free spins|strong:cashier|medium:casino|medium:slots|medium:poker|medium:sportsbook|medium:jackpot|medium:wager|medium:betting|structural:18+|structural:responsible gambling,2026-08-09T17:22:04Z
https://gg243.bet,gg243.bet,0.9,strong:claim bonus|strong:bet slip|medium:casino|medium:slots|medium:wager|medium:betting,2026-08-09T17:22:18Z
https://gg372.bet,gg372.bet,0.9,strong:claim bonus|strong:bet slip|medium:casino|medium:slots|medium:wager|medium:betting,2026-08-09T17:23:18Z
https://gg384.bet,gg384.bet,0.9,strong:claim bonus|strong:bet slip|medium:casino|medium:slots|medium:wager|medium:betting,2026-08-09T17:23:18Z
https://gg384.bet,gg384.bet,0.9,strong:claim bonus|strong:bet slip|medium:casino|medium:slots|medium:wager|medium:betting,2026-08-09T17:23:18Z
https://gg389.bet,gg389.bet,0.9,strong:claim bonus|strong:bet slip|medium:casino|medium:slots|medium:wager|medium:betting,2026-08-09T17:23:18Z
https://gg411.bet,gg411.bet,0.9,strong:claim bonus|strong:bet slip|medium:casino|medium:slots|medium:wager|medium:betting,2026-08-09T17:23:18Z
https://gg403.bet,gg403.bet,0.9,strong:claim bonus|strong:bet slip|medium:casino|medium:slots|medium:wager|medium:betting,2026-08-09T17:23:18Z
https://gg403.bet,gg403.bet,0.9,strong:claim bonus|strong:bet slip|medium:casino|medium:slots|medium:wager|medium:betting,2026-08-09T17:23:20Z
https://gg419.bet,gg419.bet,0.9,strong:claim bonus|strong:bet slip|medium:casino|medium:slots|medium:wager|medium:betting,2026-08-09T17:23:20Z
https://gg444.bet,gg444.bet,1.0,strong:deposit bonus|strong:free spins|strong:cashier|strong:bet slip|medium:casino|medium:slots|medium:poker|medium:jackpot|medium:wager|medium:betting|structural:18+|structural:age verification,2026-08-09T17:23:21Z
https://gg411.bet,gg411.bet,0.9,strong:claim bonus|strong:bet slip|medium:casino|medium:slots|medium:wager|medium:betting,2026-08-09T17:23:21Z
https://gg412.bet,gg412.bet,0.9,strong:claim bonus|strong:bet slip|medium:casino|medium:slots|medium:wager|medium:betting,2026-08-09T17:23:21Z
https://gg444.bet,gg444.bet,1.0,strong:deposit bonus|strong:free spins|strong:cashier|strong:bet slip|medium:casino|medium:slots|medium:poker|medium:jackpot|medium:wager|medium:betting|structural:18+|structural:age verification,2026-08-09T17:23:21Z
https://gg412.bet,gg412.bet,0.9,strong:claim bonus|strong:bet slip|medium:casino|medium:slots|medium:wager|medium:betting,2026-08-09T17:23:21Z
https://gg436.bet,gg436.bet,0.9,strong:claim bonus|strong:bet slip|medium:casino|medium:slots|medium:wager|medium:betting,2026-08-09T17:23:21Z
https://gg436.bet,gg436.bet,0.9,strong:claim bonus|strong:bet slip|medium:casino|medium:slots|medium:wager|medium:betting,2026-08-09T17:23:21Z
https://gg448.bet,gg448.bet,0.9,strong:claim bonus|strong:bet slip|medium:casino|medium:slots|medium:wager|medium:betting,2026-08-09T17:23:23Z
https://gg4500.bet,gg4500.bet,0.9,strong:claim bonus|strong:bet slip|medium:casino|medium:slots|medium:wager|medium:betting,2026-08-09T17:23:23Z
https://gg448.bet,gg448.bet,0.9,strong:claim bonus|strong:bet slip|medium:casino|medium:slots|medium:wager|medium:betting,2026-08-09T17:23:24Z
https://gg419.bet,gg419.bet,0.9,strong:claim bonus|strong:bet slip|medium:casino|medium:slots|medium:wager|medium:betting,2026-08-09T17:23:25Z
https://gg7777.bet,gg7777.bet,1.0,strong:free spins|strong:live dealer|medium:casino|medium:slots|medium:sportsbook|medium:wager|medium:betting,2026-08-09T17:23:54Z
https://gg7777.bet,gg7777.bet,1.0,strong:free spins|strong:live dealer|medium:casino|medium:slots|medium:sportsbook|medium:wager|medium:betting,2026-08-09T17:23:54Z
https://ggbet-win.bet,ggbet-win.bet,1.0,strong:deposit bonus|strong:free spins|strong:bet slip|strong:ukgc|medium:casino|medium:slots|medium:sportsbook|medium:wager|medium:betting|negative:app store,2026-08-09T17:24:19Z
https://ggbet-win.bet,ggbet-win.bet,1.0,strong:deposit bonus|strong:free spins|strong:bet slip|strong:ukgc|medium:casino|medium:slots|medium:sportsbook|medium:wager|medium:betting|negative:app store,2026-08-09T17:24:19Z
https://ggdewa777.bet,ggdewa777.bet,1.0,strong:free spins|strong:live dealer|medium:casino|medium:slots|medium:sportsbook|medium:wager|medium:betting,2026-08-09T17:24:24Z
https://gggjl.bet,gggjl.bet,1.0,strong:free spins|strong:live dealer|strong:claim bonus|medium:casino|medium:slots|medium:jackpot|medium:wager|medium:betting|structural:18+,2026-08-09T17:24:30Z
https://gggjl.bet,gggjl.bet,1.0,strong:free spins|strong:live dealer|strong:claim bonus|medium:casino|medium:slots|medium:jackpot|medium:wager|medium:betting|structural:18+,2026-08-09T17:24:30Z
https://gghoki.bet,gghoki.bet,0.9,strong:live dealer|strong:cashier|medium:casino|medium:slots|medium:sportsbook|medium:wager,2026-08-09T17:24:31Z
https://gghoki.bet,gghoki.bet,0.9,strong:live dealer|strong:cashier|medium:casino|medium:slots|medium:sportsbook|medium:wager,2026-08-09T17:24:32Z
https://ggpokercasino.bet,ggpokercasino.bet,1.0,strong:deposit bonus|strong:free spins|strong:live dealer|strong:play now|strong:curacao egaming|medium:casino|medium:slots|medium:poker|medium:jackpot|medium:wager|medium:betting|structural:18+|structural:responsible gambling,2026-08-09T17:24:46Z
https://ggpokercasino.bet,ggpokercasino.bet,1.0,strong:deposit bonus|strong:free spins|strong:live dealer|strong:play now|strong:curacao egaming|medium:casino|medium:slots|medium:poker|medium:jackpot|medium:wager|medium:betting|structural:18+|structural:responsible gambling,2026-08-09T17:24:46Z
https://ggx77.bet,ggx77.bet,1.0,strong:deposit bonus|strong:live dealer|strong:withdraw winnings|strong:play now|medium:casino|medium:slots|medium:poker|medium:sportsbook|medium:jackpot|medium:wager|medium:betting|structural:age verification,2026-08-09T17:25:36Z
https://ggx77.bet,ggx77.bet,1.0,strong:deposit bonus|strong:live dealer|strong:withdraw winnings|strong:play now|medium:casino|medium:slots|medium:poker|medium:sportsbook|medium:jackpot|medium:wager|medium:betting|structural:age verification,2026-08-09T17:25:36Z
https://gh33.bet,gh33.bet,1.0,strong:deposit bonus|strong:free spins|medium:casino|medium:slots|medium:jackpot|medium:wager|medium:betting|structural:18+,2026-08-09T17:26:02Z
https://gh33.bet,gh33.bet,1.0,strong:deposit bonus|strong:free spins|strong:play now|medium:casino|medium:slots|medium:jackpot|medium:wager|medium:betting|structural:18+|structural:responsible gambling,2026-08-09T17:26:03Z
https://gh777.bet,gh777.bet,1.0,strong:free spins|strong:live dealer|strong:cashier|medium:casino|medium:slots|medium:sportsbook|medium:jackpot|medium:wager|medium:betting|structural:18+,2026-08-09T17:26:10Z
https://gh777.bet,gh777.bet,1.0,strong:free spins|strong:live dealer|strong:cashier|medium:casino|medium:slots|medium:sportsbook|medium:jackpot|medium:wager|medium:betting|structural:18+,2026-08-09T17:26:11Z
https://ghrp6.bet,ghrp6.bet,1.0,strong:live dealer|strong:register now|medium:casino|medium:slots|medium:sportsbook|medium:jackpot|medium:wager|medium:betting,2026-08-09T17:26:33Z
https://ghrp6.bet,ghrp6.bet,1.0,strong:live dealer|strong:register now|medium:casino|medium:slots|medium:sportsbook|medium:jackpot|medium:wager|medium:betting,2026-08-09T17:26:33Z
https://gibson-casino.bet,gibson-casino.bet,1.0,strong:deposit bonus|strong:free spins|strong:live dealer|strong:play now|strong:cashier|strong:curacao egaming|medium:casino|medium:slots|medium:poker|medium:jackpot|medium:wager|structural:responsible gambling,2026-08-09T17:26:52Z
https://gibson-casino.bet,gibson-casino.bet,1.0,strong:deposit bonus|strong:free spins|strong:live dealer|strong:withdraw winnings|strong:play now|strong:cashier|strong:curacao egaming|medium:casino|medium:slots|medium:poker|medium:jackpot|medium:wager|medium:betting|structural:18+|structural:responsible gambling,2026-08-09T17:26:52Z
https://gibsoncasino.bet,gibsoncasino.bet,0.95,strong:deposit bonus|strong:curaçao egaming|medium:casino|medium:poker|medium:jackpot|structural:18+,2026-08-09T17:26:53Z
https://gibsoncasino.bet,gibsoncasino.bet,0.95,strong:deposit bonus|strong:curaçao egaming|medium:casino|medium:poker|medium:jackpot|structural:18+,2026-08-09T17:26:53Z
https://giga88.bet,giga88.bet,0.9,strong:live dealer|strong:cashier|medium:casino|medium:slots|medium:sportsbook|medium:betting,2026-08-09T17:27:10Z
https://giga88.bet,giga88.bet,0.9,strong:live dealer|strong:cashier|medium:casino|medium:slots|medium:sportsbook|medium:betting,2026-08-09T17:27:11Z
https://gilaslot88.bet,gilaslot88.bet,0.9,strong:free spins|strong:live dealer|medium:casino|medium:slots|medium:sportsbook|medium:betting,2026-08-09T17:27:30Z
https://gilaslot88.bet,gilaslot88.bet,0.9,strong:free spins|strong:live dealer|medium:casino|medium:slots|medium:sportsbook|medium:betting,2026-08-09T17:27:30Z
https://gimbal.bet,gimbal.bet,0.9,strong:deposit bonus|strong:live dealer|medium:casino|medium:slots|medium:sportsbook|medium:betting,2026-08-09T17:27:33Z
https://gimbal.bet,gimbal.bet,0.9,strong:deposit bonus|strong:live dealer|medium:casino|medium:slots|medium:sportsbook|medium:betting,2026-08-09T17:27:35Z
https://gioocasino.bet,gioocasino.bet,1.0,strong:deposit bonus|strong:free spins|strong:play now|strong:cashier|strong:mga/|medium:casino|medium:slots|medium:jackpot|medium:wager|medium:betting|structural:18+|structural:responsible gambling,2026-08-09T17:27:53Z
https://gioocasino.bet,gioocasino.bet,1.0,strong:deposit bonus|strong:free spins|strong:play now|strong:cashier|strong:mga/|medium:casino|medium:slots|medium:jackpot|medium:wager|medium:betting|structural:18+|structural:responsible gambling,2026-08-09T17:27:53Z
https://giroreal.bet,giroreal.bet,0.8,strong:free spins|strong:ukgc|medium:casino|medium:slots|medium:jackpot,2026-08-09T17:28:13Z
https://giroreal.bet,giroreal.bet,0.8,strong:free spins|strong:ukgc|medium:casino|medium:slots|medium:jackpot,2026-08-09T17:28:13Z
https://gitago.bet,gitago.bet,1.0,strong:free spins|strong:live dealer|strong:play now|medium:casino|medium:slots|medium:poker|medium:jackpot|medium:wager|medium:betting,2026-08-09T17:28:17Z
https://gitago.bet,gitago.bet,1.0,strong:free spins|strong:live dealer|strong:play now|medium:casino|medium:slots|medium:poker|medium:jackpot|medium:wager|medium:betting,2026-08-09T17:28:17Z
https://gizbo-casino.bet,gizbo-casino.bet,1.0,strong:deposit bonus|strong:free spins|strong:live dealer|strong:curaçao egaming|medium:casino|medium:slots|medium:jackpot|medium:wager|structural:18+,2026-08-09T17:28:34Z
https://gizbo-casino.bet,gizbo-casino.bet,1.0,strong:deposit bonus|strong:free spins|strong:live dealer|strong:curaçao egaming|medium:casino|medium:slots|medium:jackpot|medium:wager|structural:18+,2026-08-09T17:28:35Z
https://gizbocasino.bet,gizbocasino.bet,1.0,strong:deposit bonus|strong:free spins|strong:sign up now|strong:play now|strong:cashier|strong:ukgc|medium:casino|medium:slots|medium:sportsbook|medium:jackpot|medium:wager|medium:betting|structural:18+|structural:responsible gambling|structural:age verification,2026-08-09T17:28:35Z
https://gizbocasino.bet,gizbocasino.bet,1.0,strong:deposit bonus|strong:free spins|strong:sign up now|strong:play now|strong:cashier|strong:ukgc|medium:casino|medium:slots|medium:sportsbook|medium:jackpot|medium:wager|medium:betting|structural:18+|structural:responsible gambling|structural:age verification,2026-08-09T17:28:35Z
https://gjs.bet,gjs.bet,1.0,strong:free spins|strong:live dealer|strong:cashier|medium:casino|medium:slots|medium:jackpot|medium:wager|structural:18+|structural:responsible gambling|negative:app store,2026-08-09T17:28:50Z
https://gjs.bet,gjs.bet,1.0,strong:free spins|strong:live dealer|strong:cashier|medium:casino|medium:slots|medium:jackpot|medium:wager|structural:18+|structural:responsible gambling|negative:app store,2026-08-09T17:28:50Z
https://gjz.bet,gjz.bet,0.8,strong:live dealer|strong:ukgc|medium:casino|medium:jackpot|medium:wager|structural:responsible gambling|negative:app store,2026-08-09T17:28:50Z
https://gkk222.bet,gkk222.bet,1.0,strong:free spins|strong:live dealer|strong:play now|medium:casino|medium:slots|medium:poker|medium:jackpot|medium:wager|medium:betting,2026-08-09T17:29:42Z
https://gl444.bet,gl444.bet,1.0,strong:live dealer|strong:withdraw winnings|strong:play now|medium:casino|medium:slots|medium:poker|medium:jackpot|medium:wager|medium:betting|structural:18+|structural:age verification,2026-08-09T17:29:56Z
https://gladiator88.bet,gladiator88.bet,1.0,strong:deposit bonus|strong:free spins|medium:casino|medium:slots|medium:sportsbook|medium:wager|medium:betting,2026-08-09T17:30:03Z
https://gladiator88.bet,gladiator88.bet,1.0,strong:deposit bonus|strong:free spins|medium:casino|medium:slots|medium:sportsbook|medium:wager|medium:betting,2026-08-09T17:30:03Z
https://gladius.bet,gladius.bet,0.95,strong:free spins|strong:live dealer|medium:casino|medium:slots|medium:sportsbook|medium:jackpot|medium:wager|medium:betting|negative:app store,2026-08-09T17:30:03Z
https://gladius.bet,gladius.bet,0.95,strong:free spins|strong:live dealer|medium:casino|medium:slots|medium:sportsbook|medium:jackpot|medium:wager|medium:betting|negative:app store,2026-08-09T17:30:04Z
https://glassicasinoipl.bet,glassicasinoipl.bet,0.75,strong:claim bonus|strong:ukgc|medium:casino|structural:18+,2026-08-09T17:30:06Z
https://gloo.bet,gloo.bet,0.9,strong:free spins|strong:live dealer|medium:casino|medium:slots|medium:sportsbook|medium:wager,2026-08-09T17:30:35Z
https://glori-on.bet,glori-on.bet,1.0,strong:free spins|strong:live dealer|strong:withdraw winnings|strong:claim bonus|medium:casino|medium:slots|medium:jackpot|medium:wager|medium:betting|structural:18+|structural:responsible gambling,2026-08-09T17:30:35Z
https://glori-on.bet,glori-on.bet,1.0,strong:free spins|strong:live dealer|strong:withdraw winnings|strong:claim bonus|medium:casino|medium:slots|medium:jackpot|medium:wager|medium:betting|structural:18+|structural:responsible gambling,2026-08-09T17:30:35Z
https://gloryslot777.bet,gloryslot777.bet,0.95,strong:deposit bonus|strong:free spins|strong:live dealer|medium:casino|medium:slots|medium:sportsbook|medium:wager|medium:betting|negative:app store|negative:google play,2026-08-09T17:30:47Z
https://gloryslot777.bet,gloryslot777.bet,0.95,strong:deposit bonus|strong:free spins|strong:live dealer|medium:casino|medium:slots|medium:sportsbook|medium:wager|medium:betting|negative:app store|negative:google play,2026-08-09T17:30:48Z
https://glow4d.bet,glow4d.bet,0.75,strong:free spins|strong:live dealer|medium:casino|medium:slots|medium:sportsbook|medium:wager|negative:app store,2026-08-09T17:30:51Z
https://glow4d.bet,glow4d.bet,0.75,strong:free spins|strong:live dealer|medium:casino|medium:slots|medium:sportsbook|medium:wager|negative:app store,2026-08-09T17:30:52Z
https://gluck33casino.bet,gluck33casino.bet,1.0,strong:deposit bonus|strong:free spins|strong:live dealer|strong:play now|strong:cashier|strong:curacao egaming|medium:casino|medium:slots|medium:sportsbook|medium:jackpot|medium:wager|medium:betting|structural:18+|structural:responsible gambling,2026-08-09T17:30:54Z
https://gluck33casino.bet,gluck33casino.bet,1.0,strong:deposit bonus|strong:free spins|strong:live dealer|strong:play now|strong:cashier|strong:curacao egaming|medium:casino|medium:slots|medium:sportsbook|medium:jackpot|medium:wager|medium:betting|structural:18+|structural:responsible gambling,2026-08-09T17:30:54Z
https://gm2.bet,gm2.bet,0.9,strong:live dealer|strong:cashier|medium:casino|medium:slots|medium:sportsbook|medium:betting,2026-08-09T17:30:59Z
https://gm2.bet,gm2.bet,0.9,strong:live dealer|strong:cashier|medium:casino|medium:slots|medium:sportsbook|medium:betting,2026-08-09T17:31:00Z
https://gmod.bet,gmod.bet,0.9,strong:place a bet|strong:live dealer|medium:casino|medium:slots|medium:sportsbook|medium:betting,2026-08-09T17:31:24Z
https://gmod.bet,gmod.bet,0.9,strong:place a bet|strong:live dealer|medium:casino|medium:slots|medium:sportsbook|medium:betting,2026-08-09T17:31:25Z
https://gmtogel.bet,gmtogel.bet,1.0,strong:free spins|strong:live dealer|medium:casino|medium:slots|medium:poker|medium:sportsbook|medium:wager|medium:betting,2026-08-09T17:31:30Z
https://gmtogel.bet,gmtogel.bet,1.0,strong:free spins|strong:live dealer|medium:casino|medium:slots|medium:poker|medium:sportsbook|medium:wager|medium:betting,2026-08-09T17:31:30Z
https://gn77.bet,gn77.bet,1.0,strong:deposit bonus|strong:free spins|strong:live dealer|strong:cashier|medium:casino|medium:slots|medium:sportsbook|medium:wager|medium:betting,2026-08-09T17:31:40Z
https://gn999.bet,gn999.bet,1.0,strong:free spins|strong:live dealer|strong:play now|medium:casino|medium:slots|medium:poker|medium:jackpot|medium:wager|medium:betting|structural:18+|structural:responsible gambling|structural:age verification,2026-08-09T17:31:46Z
https://gn999.bet,gn999.bet,1.0,strong:free spins|strong:live dealer|strong:play now|medium:casino|medium:slots|medium:poker|medium:jackpot|medium:wager|medium:betting|structural:18+|structural:responsible gambling|structural:age verification,2026-08-09T17:31:46Z
https://go177.bet,go177.bet,1.0,strong:free spins|strong:live dealer|strong:claim bonus|medium:casino|medium:slots|medium:sportsbook|medium:jackpot|medium:wager|medium:betting|structural:responsible gambling|structural:age verification,2026-08-09T17:32:03Z
https://go177.bet,go177.bet,1.0,strong:free spins|strong:live dealer|strong:claim bonus|medium:casino|medium:slots|medium:sportsbook|medium:jackpot|medium:wager|medium:betting|structural:responsible gambling|structural:age verification,2026-08-09T17:32:03Z
https://goaloo.bet,goaloo.bet,0.85,strong:live dealer|strong:withdraw winnings|medium:casino|medium:slots|medium:sportsbook|medium:wager|medium:betting|negative:app store,2026-08-09T17:33:52Z
https://goaloo.bet,goaloo.bet,0.85,strong:live dealer|strong:withdraw winnings|medium:casino|medium:slots|medium:sportsbook|medium:wager|medium:betting|negative:app store,2026-08-09T17:33:53Z
https://goaloo88.bet,goaloo88.bet,0.9,strong:free spins|strong:live dealer|medium:casino|medium:slots|medium:sportsbook|medium:wager,2026-08-09T17:33:59Z
https://goalparlay.bet,goalparlay.bet,0.9,strong:live dealer|strong:cashier|medium:casino|medium:slots|medium:sportsbook|medium:betting,2026-08-09T17:34:00Z
https://goalparlay.bet,goalparlay.bet,0.9,strong:live dealer|strong:cashier|medium:casino|medium:slots|medium:sportsbook|medium:betting,2026-08-09T17:34:00Z
https://goat21.bet,goat21.bet,0.9,strong:place a bet|strong:live dealer|medium:casino|medium:slots|medium:sportsbook|medium:wager,2026-08-09T17:34:11Z
https://goat21.bet,goat21.bet,0.9,strong:place a bet|strong:live dealer|medium:casino|medium:slots|medium:sportsbook|medium:wager,2026-08-09T17:34:12Z
https://goban.bet,goban.bet,1.0,strong:deposit bonus|strong:free spins|strong:live dealer|medium:casino|medium:slots|medium:sportsbook|medium:wager,2026-08-09T17:34:42Z
https://goban.bet,goban.bet,1.0,strong:deposit bonus|strong:free spins|strong:live dealer|medium:casino|medium:slots|medium:sportsbook|medium:wager,2026-08-09T17:34:44Z
https://gobets.bet,gobets.bet,0.8,strong:free spins|strong:live dealer|medium:casino|medium:slots|medium:sportsbook,2026-08-09T17:34:53Z
https://gobets.bet,gobets.bet,0.8,strong:free spins|strong:live dealer|medium:casino|medium:slots|medium:sportsbook,2026-08-09T17:34:53Z
https://goblanco.bet,goblanco.bet,0.9,strong:live dealer|strong:play now|medium:casino|medium:slots|medium:sportsbook|medium:betting,2026-08-09T17:34:54Z
https://goblanco.bet,goblanco.bet,0.9,strong:live dealer|strong:play now|medium:casino|medium:slots|medium:sportsbook|medium:betting,2026-08-09T17:34:54Z
https://god55.bet,god55.bet,1.0,strong:deposit bonus|strong:free spins|strong:live dealer|strong:claim bonus|medium:casino|medium:slots|medium:poker|medium:sportsbook|medium:jackpot|medium:betting,2026-08-09T17:35:14Z
https://god55.bet,god55.bet,1.0,strong:deposit bonus|strong:free spins|strong:live dealer|strong:claim bonus|medium:casino|medium:slots|medium:poker|medium:sportsbook|medium:jackpot|medium:betting,2026-08-09T17:35:21Z
https://god911login.bet,god911login.bet,0.8,strong:live dealer|strong:cashier|medium:casino|medium:slots|medium:sportsbook,2026-08-09T17:35:41Z
https://godot.bet,godot.bet,1.0,strong:deposit bonus|strong:free spins|strong:live dealer|medium:casino|medium:slots|medium:sportsbook|medium:wager|medium:betting,2026-08-09T17:35:59Z
https://godot.bet,godot.bet,1.0,strong:deposit bonus|strong:free spins|strong:live dealer|medium:casino|medium:slots|medium:sportsbook|medium:wager|medium:betting,2026-08-09T17:35:59Z
https://godz.bet,godz.bet,1.0,strong:free spins|strong:live dealer|strong:claim bonus|strong:mga/|strong:curacao egaming|medium:casino|medium:slots|medium:jackpot|medium:wager|medium:betting|structural:18+|structural:gambleaware,2026-08-09T17:36:04Z
https://gogh.bet,gogh.bet,1.0,strong:free spins|strong:live dealer|medium:casino|medium:slots|medium:poker|medium:sportsbook|medium:wager,2026-08-09T17:36:47Z
https://gogh.bet,gogh.bet,1.0,strong:free spins|strong:live dealer|medium:casino|medium:slots|medium:poker|medium:sportsbook|medium:wager,2026-08-09T17:36:48Z
https://gogoph.bet,gogoph.bet,1.0,strong:free spins|strong:live dealer|strong:withdraw winnings|strong:play now|strong:cashier|medium:casino|medium:slots|medium:poker|medium:jackpot|medium:wager|medium:betting,2026-08-09T17:37:01Z
https://gogopokies.bet,gogopokies.bet,1.0,strong:live dealer|strong:cashier|medium:casino|medium:jackpot|medium:wager|medium:betting|structural:18+|structural:gambleaware|structural:responsible gambling,2026-08-09T17:37:01Z
https://gogopokies.bet,gogopokies.bet,1.0,strong:live dealer|strong:cashier|medium:casino|medium:jackpot|medium:wager|medium:betting|structural:18+|structural:gambleaware|structural:responsible gambling,2026-08-09T17:37:03Z
https://gojackpotph.bet,gojackpotph.bet,1.0,strong:live dealer|strong:register now|medium:casino|medium:slots|medium:sportsbook|medium:jackpot|medium:betting,2026-08-09T17:37:11Z
https://gojek77.bet,gojek77.bet,1.0,strong:live dealer|strong:claim bonus|strong:bet slip|medium:casino|medium:slots|medium:poker|medium:sportsbook,2026-08-09T17:37:11Z
https://gojek77.bet,gojek77.bet,1.0,strong:live dealer|strong:claim bonus|strong:bet slip|medium:casino|medium:slots|medium:poker|medium:sportsbook,2026-08-09T17:37:11Z
https://gojackpotph.bet,gojackpotph.bet,1.0,strong:live dealer|strong:register now|medium:casino|medium:slots|medium:sportsbook|medium:jackpot|medium:betting,2026-08-09T17:37:11Z
https://gojo188.bet,gojo188.bet,0.9,strong:free spins|strong:live dealer|medium:casino|medium:slots|medium:sportsbook|medium:betting,2026-08-09T17:37:14Z
https://gokong.bet,gokong.bet,1.0,strong:free spins|strong:claim bonus|strong:play now|strong:cashier|medium:casino|medium:slots|medium:poker|medium:jackpot|medium:wager|medium:betting|structural:18+,2026-08-09T17:37:18Z
https://gokuslot.bet,gokuslot.bet,1.0,strong:deposit bonus|strong:free spins|strong:live dealer|medium:casino|medium:slots|medium:poker|medium:sportsbook|medium:wager|medium:betting,2026-08-09T17:37:19Z
https://gokutogel.bet,gokutogel.bet,1.0,strong:deposit bonus|strong:free spins|medium:casino|medium:slots|medium:sportsbook|medium:wager|medium:betting,2026-08-09T17:37:21Z
https://golazzo.bet,golazzo.bet,0.8,strong:play now|strong:curacao egaming|medium:casino|medium:slots|medium:betting,2026-08-09T17:37:28Z
https://golazzo.bet,golazzo.bet,0.8,strong:play now|strong:curacao egaming|medium:casino|medium:slots|medium:betting,2026-08-09T17:37:29Z
https://gold9990.bet,gold9990.bet,0.8,strong:free spins|strong:live dealer|medium:casino|medium:slots|medium:jackpot,2026-08-09T17:37:48Z
https://gold9990.bet,gold9990.bet,0.8,strong:free spins|strong:live dealer|medium:casino|medium:slots|medium:jackpot,2026-08-09T17:37:49Z
https://goldbat.bet,goldbat.bet,0.8,strong:live dealer|strong:register now|medium:casino|medium:sportsbook|medium:betting,2026-08-09T17:37:53Z
https://goldbat.bet,goldbat.bet,0.8,strong:live dealer|strong:register now|medium:casino|medium:sportsbook|medium:betting,2026-08-09T17:37:54Z
https://goldbet-sports.bet,goldbet-sports.bet,0.85,strong:claim bonus|strong:ukgc|medium:casino|medium:jackpot|structural:18+,2026-08-09T17:37:58Z
https://goldbet-sports.bet,goldbet-sports.bet,0.85,strong:claim bonus|strong:ukgc|medium:casino|medium:jackpot|structural:18+,2026-08-09T17:37:59Z
https://goldbetcasinotn.bet,goldbetcasinotn.bet,0.75,strong:deposit bonus|strong:free spins|medium:casino|medium:slots|medium:wager|medium:betting|negative:app store,2026-08-09T17:38:05Z
https://goldbetcasinotn.bet,goldbetcasinotn.bet,0.75,strong:deposit bonus|strong:free spins|medium:casino|medium:slots|medium:wager|medium:betting|negative:app store,2026-08-09T17:38:06Z
https://goldblast.bet,goldblast.bet,1.0,strong:deposit bonus|strong:live dealer|strong:cashier|strong:bet slip|medium:casino|medium:slots|medium:sportsbook|medium:wager|medium:betting|structural:age verification|negative:app store,2026-08-09T17:38:09Z
https://goldblast.bet,goldblast.bet,1.0,strong:deposit bonus|strong:live dealer|strong:cashier|strong:bet slip|medium:casino|medium:slots|medium:sportsbook|medium:wager|medium:betting|structural:age verification|negative:app store,2026-08-09T17:38:12Z
https://golden-crown.bet,golden-crown.bet,1.0,strong:deposit bonus|strong:free spins|strong:live dealer|strong:play now|strong:cashier|medium:casino|medium:slots|medium:poker|medium:jackpot|medium:wager|medium:betting|structural:18+|structural:responsible gambling,2026-08-09T17:38:25Z
https://golden-crown.bet,golden-crown.bet,1.0,strong:deposit bonus|strong:free spins|strong:live dealer|strong:play now|strong:cashier|medium:casino|medium:slots|medium:poker|medium:jackpot|medium:wager|medium:betting|structural:18+|structural:responsible gambling,2026-08-09T17:38:25Z
https://golden-pharaoh.bet,golden-pharaoh.bet,0.95,strong:deposit bonus|strong:free spins|medium:casino|medium:slots|medium:jackpot|structural:18+,2026-08-09T17:38:27Z
https://golden-pharaoh.bet,golden-pharaoh.bet,0.95,strong:deposit bonus|strong:free spins|medium:casino|medium:slots|medium:jackpot|structural:18+,2026-08-09T17:38:33Z
https://golden-starcasino.bet,golden-starcasino.bet,1.0,strong:deposit bonus|strong:free spins|strong:live dealer|strong:sign up now|strong:play now|strong:cashier|medium:casino|medium:slots|medium:poker|medium:jackpot|medium:wager|medium:betting|structural:18+|structural:responsible gambling|negative:app store,2026-08-09T17:38:35Z
https://golden-starcasino.bet,golden-starcasino.bet,1.0,strong:deposit bonus|strong:free spins|strong:live dealer|strong:sign up now|strong:play now|strong:cashier|medium:casino|medium:slots|medium:poker|medium:jackpot|medium:wager|medium:betting|structural:18+|structural:responsible gambling|negative:app store,2026-08-09T17:38:35Z
https://golden88.bet,golden88.bet,1.0,strong:free spins|strong:live dealer|strong:claim bonus|medium:casino|medium:slots|medium:sportsbook|medium:jackpot|medium:betting|structural:18+,2026-08-09T17:38:41Z
https://golden88.bet,golden88.bet,1.0,strong:free spins|strong:live dealer|strong:claim bonus|medium:casino|medium:slots|medium:jackpot|medium:betting,2026-08-09T17:38:41Z
https://goldenbetcasino.bet,goldenbetcasino.bet,1.0,strong:deposit bonus|strong:free spins|strong:live dealer|strong:withdraw winnings|strong:play now|strong:cashier|strong:bet slip|medium:casino|medium:slots|medium:poker|medium:sportsbook|medium:jackpot|medium:wager|medium:betting|structural:18+|structural:responsible gambling,2026-08-09T17:38:47Z
https://goldenbetcasino.bet,goldenbetcasino.bet,1.0,strong:deposit bonus|strong:free spins|strong:live dealer|strong:withdraw winnings|strong:play now|strong:cashier|strong:bet slip|medium:casino|medium:slots|medium:poker|medium:sportsbook|medium:jackpot|medium:wager|medium:betting|structural:18+|structural:responsible gambling,2026-08-09T17:38:47Z
https://goldencrowncasino8.bet,goldencrowncasino8.bet,1.0,strong:deposit bonus|strong:free spins|strong:live dealer|strong:play now|strong:cashier|medium:casino|medium:jackpot|medium:wager|structural:18+|structural:responsible gambling,2026-08-09T17:38:52Z
https://goldencrowncasino8.bet,goldencrowncasino8.bet,1.0,strong:deposit bonus|strong:free spins|strong:live dealer|strong:play now|strong:cashier|medium:casino|medium:jackpot|medium:wager|structural:18+|structural:responsible gambling,2026-08-09T17:38:52Z
https://goldengenie.bet,goldengenie.bet,1.0,strong:free spins|strong:live dealer|strong:cashier|strong:curaçao egaming|strong:curacao egaming|medium:casino|medium:slots|medium:jackpot|medium:wager|structural:18+,2026-08-09T17:38:52Z
https://goldengenie.bet,goldengenie.bet,1.0,strong:free spins|strong:live dealer|strong:cashier|strong:curaçao egaming|strong:curacao egaming|medium:casino|medium:slots|medium:jackpot|medium:wager|structural:18+,2026-08-09T17:38:52Z
https://goldenlioncasino.bet,goldenlioncasino.bet,1.0,strong:deposit bonus|strong:free spins|strong:live dealer|strong:curacao egaming|medium:casino|medium:slots|medium:poker|medium:jackpot|medium:betting,2026-08-09T17:39:02Z
https://goldenlioncasino.bet,goldenlioncasino.bet,0.8,strong:deposit bonus|strong:free spins|medium:casino|medium:slots|medium:jackpot,2026-08-09T17:39:29Z
https://goldenpanda-au.bet,goldenpanda-au.bet,1.0,strong:free spins|strong:live dealer|medium:casino|medium:slots|medium:jackpot|medium:wager|structural:responsible gambling,2026-08-09T17:39:34Z
https://goldenheartsgames.bet,goldenheartsgames.bet,1.0,strong:deposit bonus|strong:free spins|strong:live dealer|strong:claim bonus|strong:play now|strong:cashier|strong:curacao egaming|medium:casino|medium:slots|medium:wager|medium:betting|structural:18+|structural:responsible gambling,2026-08-09T17:39:37Z
https://goldenheartsgames.bet,goldenheartsgames.bet,1.0,strong:deposit bonus|strong:free spins|strong:live dealer|strong:claim bonus|strong:play now|strong:cashier|strong:curacao egaming|medium:casino|medium:slots|medium:wager|medium:betting|structural:18+|structural:responsible gambling,2026-08-09T17:39:37Z
https://goldenpokiescasino.bet,goldenpokiescasino.bet,1.0,strong:deposit bonus|strong:free spins|strong:live dealer|strong:withdraw winnings|strong:sign up now|medium:casino|medium:slots|medium:poker|medium:jackpot|medium:wager,2026-08-09T17:39:43Z
https://goldenpokies.bet,goldenpokies.bet,1.0,strong:deposit bonus|strong:free spins|strong:live dealer|strong:cashier|medium:casino|medium:slots|medium:poker|medium:jackpot|medium:wager|structural:responsible gambling|negative:how to play,2026-08-09T17:39:44Z
https://goldenpanda-au.bet,goldenpanda-au.bet,1.0,strong:free spins|strong:live dealer|medium:casino|medium:slots|medium:jackpot|medium:wager|structural:responsible gambling,2026-08-09T17:39:44Z
https://goldenpokies.bet,goldenpokies.bet,1.0,strong:deposit bonus|strong:free spins|strong:live dealer|strong:cashier|medium:casino|medium:slots|medium:poker|medium:jackpot|medium:wager|structural:responsible gambling|negative:how to play,2026-08-09T17:39:44Z
https://goldenreefcasinonz.bet,goldenreefcasinonz.bet,1.0,strong:deposit bonus|strong:free spins|strong:live dealer|strong:register now|strong:claim bonus|strong:cashier|medium:casino|medium:slots|medium:poker|medium:sportsbook|medium:jackpot|medium:wager|medium:betting|structural:18+|structural:responsible gambling|negative:app store,2026-08-09T17:39:48Z
https://goldenreefcasinonz.bet,goldenreefcasinonz.bet,1.0,strong:deposit bonus|strong:free spins|strong:live dealer|strong:register now|strong:claim bonus|strong:cashier|medium:casino|medium:slots|medium:poker|medium:sportsbook|medium:jackpot|medium:wager|medium:betting|structural:18+|structural:responsible gambling|negative:app store,2026-08-09T17:39:48Z
https://goldenreefcasino.bet,goldenreefcasino.bet,1.0,strong:deposit bonus|strong:free spins|strong:claim bonus|strong:cashier|medium:casino|medium:slots|medium:poker|medium:jackpot,2026-08-09T17:39:48Z
https://goldenreefcasino.bet,goldenreefcasino.bet,1.0,strong:deposit bonus|strong:free spins|strong:claim bonus|strong:cashier|medium:casino|medium:slots|medium:poker|medium:jackpot|medium:wager,2026-08-09T17:39:48Z
https://goldenreelscasino.bet,goldenreelscasino.bet,1.0,strong:deposit bonus|strong:free spins|strong:live dealer|strong:play now|medium:casino|medium:poker,2026-08-09T17:39:51Z
https://goldenreelscasino.bet,goldenreelscasino.bet,1.0,strong:deposit bonus|strong:free spins|strong:live dealer|strong:play now|medium:casino|medium:poker,2026-08-09T17:39:51Z
https://goldencasino.bet,goldencasino.bet,1.0,strong:deposit bonus|strong:free spins|strong:play now|strong:cashier|strong:ukgc|strong:curacao egaming|medium:casino|medium:slots|medium:poker|medium:jackpot|medium:wager|structural:18+,2026-08-09T17:39:52Z
https://goldenstar-casino.bet,goldenstar-casino.bet,1.0,strong:deposit bonus|strong:free spins|strong:live dealer|strong:play now|strong:curaçao egaming|medium:casino|medium:slots|medium:jackpot|medium:wager|structural:18+|structural:responsible gambling,2026-08-09T17:39:55Z
https://goldenstar-casino.bet,goldenstar-casino.bet,1.0,strong:deposit bonus|strong:free spins|strong:live dealer|strong:play now|strong:curaçao egaming|medium:casino|medium:slots|medium:jackpot|medium:wager|structural:18+|structural:responsible gambling,2026-08-09T17:39:55Z
https://goldens.bet,goldens.bet,0.9,strong:free spins|strong:ukgc|medium:casino|medium:slots|medium:sportsbook|medium:betting,2026-08-09T17:39:55Z
https://goldens.bet,goldens.bet,1.0,strong:free spins|strong:cashier|strong:bet slip|strong:ukgc|medium:casino|medium:slots|medium:poker|medium:sportsbook|medium:jackpot|medium:wager|medium:betting|structural:gambleaware|structural:responsible gambling|negative:app store|negative:google play,2026-08-09T17:39:56Z
https://goldenwin888.bet,goldenwin888.bet,0.8,strong:live dealer|strong:cashier|medium:casino|medium:slots|medium:sportsbook|medium:jackpot|medium:wager|medium:betting|negative:app store|negative:google play,2026-08-09T17:39:59Z
https://goldenwin888.bet,goldenwin888.bet,0.8,strong:live dealer|strong:cashier|medium:casino|medium:slots|medium:sportsbook|medium:jackpot|medium:wager|medium:betting|negative:app store|negative:google play,2026-08-09T17:39:59Z
https://goldexplays.bet,goldexplays.bet,1.0,strong:free spins|strong:live dealer|strong:play now|strong:cashier|medium:casino|medium:slots|medium:poker|medium:jackpot|medium:wager|medium:betting,2026-08-09T17:40:09Z
https://goldexplays.bet,goldexplays.bet,1.0,strong:free spins|strong:live dealer|strong:play now|strong:cashier|medium:casino|medium:slots|medium:poker|medium:jackpot|medium:wager|medium:betting,2026-08-09T17:40:09Z
https://goldexwins.bet,goldexwins.bet,1.0,strong:free spins|strong:live dealer|strong:play now|strong:cashier|medium:casino|medium:slots|medium:poker|medium:jackpot|medium:wager,2026-08-09T17:40:10Z
https://goldexwins.bet,goldexwins.bet,1.0,strong:free spins|strong:live dealer|strong:play now|strong:cashier|medium:casino|medium:slots|medium:poker|medium:jackpot|medium:wager,2026-08-09T17:40:10Z
https://goldex.bet,goldex.bet,0.9,strong:deposit bonus|strong:free spins|medium:casino|medium:slots|medium:wager|medium:betting,2026-08-09T17:40:12Z
https://goldenjitu.bet,goldenjitu.bet,1.0,strong:free spins|strong:live dealer|medium:casino|medium:slots|medium:sportsbook|medium:wager|medium:betting,2026-08-09T17:40:15Z
https://goldpari-somalia.bet,goldpari-somalia.bet,1.0,strong:deposit bonus|strong:free spins|strong:place a bet|strong:live dealer|strong:withdraw winnings|strong:register now|medium:casino|medium:slots|medium:poker|medium:sportsbook|medium:jackpot|medium:wager|medium:betting|structural:responsible gambling|negative:app store|negative:google play,2026-08-09T17:40:25Z
https://goldpari-somalia.bet,goldpari-somalia.bet,1.0,strong:deposit bonus|strong:free spins|strong:place a bet|strong:live dealer|strong:withdraw winnings|strong:register now|medium:casino|medium:slots|medium:poker|medium:sportsbook|medium:jackpot|medium:wager|medium:betting|structural:responsible gambling|negative:app store|negative:google play,2026-08-09T17:40:26Z
https://goldrun.bet,goldrun.bet,1.0,strong:live dealer|strong:cashier|medium:casino|medium:slots|medium:sportsbook|medium:jackpot|medium:wager|structural:18+,2026-08-09T17:40:34Z
https://goldrun.bet,goldrun.bet,1.0,strong:live dealer|strong:cashier|medium:casino|medium:slots|medium:sportsbook|medium:jackpot|medium:wager|structural:18+,2026-08-09T17:40:35Z
https://goldrun.bet,goldrun.bet,1.0,strong:live dealer|strong:cashier|medium:casino|medium:slots|medium:sportsbook|medium:jackpot|medium:wager|structural:18+,2026-08-09T17:40:35Z
https://goldspin.bet,goldspin.bet,1.0,strong:deposit bonus|strong:free spins|strong:live dealer|strong:play now|strong:cashier|medium:casino|medium:slots|medium:poker|medium:sportsbook|medium:jackpot|medium:wager|medium:betting|structural:responsible gambling|negative:app store,2026-08-09T17:40:41Z
https://goldspin-au.bet,goldspin-au.bet,1.0,strong:free spins|strong:live dealer|strong:play now|strong:cashier|medium:casino|medium:slots|medium:poker|medium:jackpot|medium:betting,2026-08-09T17:40:41Z
https://goldspin.bet,goldspin.bet,1.0,strong:deposit bonus|strong:free spins|strong:live dealer|medium:casino|medium:slots|medium:jackpot|structural:responsible gambling,2026-08-09T17:40:43Z
https://goldspin29.bet,goldspin29.bet,0.9,strong:live dealer|strong:register now|medium:casino|medium:slots|medium:poker|medium:betting,2026-08-09T17:40:43Z
https://goldwin-casino.bet,goldwin-casino.bet,1.0,strong:deposit bonus|strong:free spins|strong:live dealer|medium:casino|medium:slots|structural:18+,2026-08-09T17:40:43Z
https://goldwin-casino.bet,goldwin-casino.bet,1.0,strong:deposit bonus|strong:free spins|strong:live dealer|medium:casino|medium:slots|structural:18+,2026-08-09T17:40:44Z
https://goldwincasino.bet,goldwincasino.bet,1.0,strong:deposit bonus|strong:free spins|strong:live dealer|strong:curacao egaming|medium:casino|medium:slots|medium:poker|medium:jackpot|medium:wager|structural:responsible gambling,2026-08-09T17:40:46Z
https://goldwincasino.bet,goldwincasino.bet,1.0,strong:deposit bonus|strong:free spins|strong:live dealer|strong:curacao egaming|medium:casino|medium:slots|medium:poker|medium:jackpot|medium:wager|structural:responsible gambling,2026-08-09T17:40:46Z
https://golisimo-casino.bet,golisimo-casino.bet,1.0,strong:deposit bonus|strong:free spins|strong:live dealer|strong:withdraw winnings|strong:play now|strong:cashier|strong:curaçao egaming|medium:casino|medium:slots|medium:poker|medium:jackpot|medium:wager|medium:betting|structural:18+|structural:responsible gambling,2026-08-09T17:40:55Z
https://goliathcasino.bet,goliathcasino.bet,1.0,strong:deposit bonus|strong:free spins|strong:live dealer|strong:play now|strong:cashier|strong:mga/|strong:ukgc|medium:casino|medium:slots|medium:jackpot|medium:wager|medium:betting|structural:18+,2026-08-09T17:40:57Z
https://golisimo-casino.bet,golisimo-casino.bet,1.0,strong:deposit bonus|strong:free spins|strong:live dealer|strong:withdraw winnings|strong:play now|strong:cashier|strong:curaçao egaming|medium:casino|medium:slots|medium:poker|medium:jackpot|medium:wager|medium:betting|structural:18+|structural:responsible gambling,2026-08-09T17:40:57Z
https://goliathcasino.bet,goliathcasino.bet,1.0,strong:deposit bonus|strong:free spins|strong:live dealer|strong:play now|strong:cashier|strong:mga/|strong:ukgc|medium:casino|medium:slots|medium:jackpot|medium:wager|medium:betting|structural:18+,2026-08-09T17:40:58Z
https://gon88.bet,gon88.bet,0.8,strong:deposit bonus|strong:live dealer|medium:casino|medium:jackpot|medium:wager,2026-08-09T17:41:16Z
https://gon88.bet,gon88.bet,0.8,strong:deposit bonus|strong:live dealer|medium:casino|medium:jackpot|medium:wager,2026-08-09T17:41:16Z
https://gon888.bet,gon888.bet,1.0,strong:free spins|strong:live dealer|medium:casino|medium:slots|medium:sportsbook|medium:jackpot|medium:betting,2026-08-09T17:41:17Z
https://gon888.bet,gon888.bet,1.0,strong:free spins|strong:live dealer|medium:casino|medium:slots|medium:sportsbook|medium:jackpot|medium:betting,2026-08-09T17:41:17Z
https://good112.bet,good112.bet,1.0,strong:live dealer|strong:cashier|medium:casino|medium:slots|medium:poker|medium:wager|medium:betting|structural:18+,2026-08-09T17:41:55Z
https://good112.bet,good112.bet,1.0,strong:live dealer|strong:cashier|medium:casino|medium:slots|medium:poker|medium:wager|medium:betting|structural:18+,2026-08-09T17:41:56Z
https://good8win.bet,good8win.bet,1.0,strong:live dealer|strong:withdraw winnings|medium:casino|medium:slots|medium:sportsbook|medium:jackpot|medium:wager|medium:betting,2026-08-09T17:42:11Z
https://goodbd.bet,goodbd.bet,0.8,strong:free spins|strong:live dealer|medium:casino|medium:slots|medium:betting|structural:18+|negative:app store,2026-08-09T17:42:13Z
https://goodbd.bet,goodbd.bet,0.8,strong:free spins|strong:live dealer|medium:casino|medium:slots|medium:betting|structural:18+|negative:app store,2026-08-09T17:42:14Z
https://goodjl.bet,goodjl.bet,0.95,strong:live dealer|strong:claim bonus|medium:casino|medium:slots|medium:betting|structural:18+,2026-08-09T17:42:17Z
https://goodjl.bet,goodjl.bet,0.95,strong:live dealer|strong:claim bonus|medium:casino|medium:slots|medium:betting|structural:18+,2026-08-09T17:42:18Z
https://goodman.bet,goodman.bet,0.8,strong:deposit bonus|strong:free spins|medium:casino|medium:slots|medium:wager,2026-08-09T17:42:19Z
https://goodmancasino.bet,goodmancasino.bet,0.95,strong:free spins|strong:live dealer|strong:curacao egaming|medium:casino|medium:slots,2026-08-09T17:42:23Z
https://goodwincasino.bet,goodwincasino.bet,1.0,strong:deposit bonus|strong:free spins|strong:play now|strong:cashier|strong:curaçao egaming|medium:casino|medium:slots|medium:jackpot|medium:wager|medium:betting|structural:18+,2026-08-09T17:42:34Z
https://goodwincasino.bet,goodwincasino.bet,1.0,strong:deposit bonus|strong:free spins|strong:play now|strong:cashier|strong:curaçao egaming|medium:casino|medium:slots|medium:jackpot|medium:wager|medium:betting|structural:18+,2026-08-09T17:42:34Z
https://goot11.bet,goot11.bet,1.0,strong:free spins|strong:live dealer|strong:play now|strong:cashier|medium:casino|medium:slots|medium:poker|medium:jackpot|medium:betting|structural:age verification|negative:how to play,2026-08-09T17:42:49Z
https://gopaytogel.bet,gopaytogel.bet,1.0,strong:free spins|strong:live dealer|strong:claim bonus|medium:casino|medium:slots|medium:sportsbook|medium:jackpot|medium:wager|medium:betting,2026-08-09T17:42:52Z
https://gopek178.bet,gopek178.bet,1.0,strong:free spins|strong:live dealer|strong:withdraw winnings|medium:casino|medium:slots|medium:sportsbook|medium:wager|medium:betting,2026-08-09T17:42:53Z
https://gopk.bet,gopk.bet,1.0,strong:deposit bonus|strong:free spins|strong:live dealer|medium:casino|medium:slots|medium:sportsbook|medium:jackpot|medium:wager|medium:betting|structural:age verification,2026-08-09T17:42:56Z
https://gopk.bet,gopk.bet,1.0,strong:deposit bonus|strong:free spins|strong:live dealer|medium:casino|medium:slots|medium:sportsbook|medium:jackpot|medium:wager|medium:betting|structural:age verification,2026-08-09T17:42:56Z
https://goslotcasino.bet,goslotcasino.bet,0.95,strong:deposit bonus|strong:free spins|strong:mga/|medium:casino|medium:slots,2026-08-09T17:43:07Z
https://goslotcasino.bet,goslotcasino.bet,0.95,strong:deposit bonus|strong:free spins|strong:mga/|medium:casino|medium:slots,2026-08-09T17:43:07Z
https://gossipslots.bet,gossipslots.bet,1.0,strong:deposit bonus|strong:free spins|strong:play now|strong:cashier|medium:casino|medium:slots|medium:poker|medium:jackpot|medium:wager|medium:betting|structural:18+|structural:responsible gambling,2026-08-09T17:43:16Z
https://gossipslots.bet,gossipslots.bet,1.0,strong:deposit bonus|strong:free spins|strong:play now|strong:cashier|medium:casino|medium:slots|medium:poker|medium:jackpot|medium:wager|medium:betting|structural:18+|structural:responsible gambling,2026-08-09T17:43:16Z
https://gototo.bet,gototo.bet,1.0,strong:free spins|strong:live dealer|medium:casino|medium:slots|medium:sportsbook|medium:wager|medium:betting,2026-08-09T17:43:32Z
https://gototo.bet,gototo.bet,1.0,strong:free spins|strong:live dealer|medium:casino|medium:slots|medium:sportsbook|medium:wager|medium:betting,2026-08-09T17:43:32Z
https://gowinbd.bet,gowinbd.bet,0.8,strong:live dealer|strong:register now|medium:casino|medium:slots|medium:betting,2026-08-09T17:43:51Z
https://gowinbd.bet,gowinbd.bet,0.8,strong:live dealer|strong:register now|medium:casino|medium:slots|medium:betting,2026-08-09T17:43:52Z
https://gp1.bet,gp1.bet,1.0,strong:free spins|strong:live dealer|strong:register now|strong:play now|medium:casino|medium:slots|medium:poker|medium:jackpot|medium:wager|medium:betting,2026-08-09T17:44:02Z
https://gp1.bet,gp1.bet,1.0,strong:free spins|strong:live dealer|strong:register now|strong:play now|medium:casino|medium:slots|medium:poker|medium:jackpot|medium:wager|medium:betting,2026-08-09T17:44:02Z
https://gp88.bet,gp88.bet,1.0,strong:deposit bonus|strong:live dealer|medium:casino|medium:slots|medium:poker|medium:sportsbook|medium:jackpot|medium:wager|medium:betting|structural:responsible gambling,2026-08-09T17:44:08Z
https://gprime.bet,gprime.bet,1.0,strong:live dealer|strong:withdraw winnings|strong:cashier|strong:bet slip|medium:casino|medium:slots|medium:sportsbook|medium:wager|medium:betting|structural:age verification|negative:app store,2026-08-09T17:44:19Z
https://gprime.bet,gprime.bet,1.0,strong:live dealer|strong:withdraw winnings|strong:cashier|strong:bet slip|medium:casino|medium:slots|medium:sportsbook|medium:wager|medium:betting|structural:age verification|negative:app store,2026-08-09T17:44:19Z
https://gpxslot.bet,gpxslot.bet,1.0,strong:free spins|strong:live dealer|medium:casino|medium:slots|medium:sportsbook|medium:wager|medium:betting,2026-08-09T17:44:27Z
https://gr1.bet,gr1.bet,1.0,strong:live dealer|strong:register now|medium:casino|medium:slots|medium:jackpot|medium:wager|medium:betting,2026-08-09T17:44:35Z
https://gr3.bet,gr3.bet,1.0,strong:deposit bonus|strong:live dealer|strong:register now|medium:casino|medium:slots|medium:sportsbook|medium:jackpot|medium:wager|medium:betting,2026-08-09T17:44:35Z
https://gr1.bet,gr1.bet,1.0,strong:live dealer|strong:register now|medium:casino|medium:slots|medium:jackpot|medium:wager|medium:betting,2026-08-09T17:44:36Z
https://grabwin88.bet,grabwin88.bet,1.0,strong:deposit bonus|strong:live dealer|medium:casino|medium:slots|medium:sportsbook|medium:wager|medium:betting,2026-08-09T17:44:48Z
https://grafikjitu.bet,grafikjitu.bet,1.0,strong:free spins|strong:live dealer|medium:casino|medium:slots|medium:poker|medium:sportsbook|medium:jackpot|medium:wager,2026-08-09T17:44:53Z
https://grafikjitu.bet,grafikjitu.bet,1.0,strong:free spins|strong:live dealer|medium:casino|medium:slots|medium:poker|medium:sportsbook|medium:jackpot|medium:wager,2026-08-09T17:44:53Z
https://grahaspin.bet,grahaspin.bet,0.8,strong:free spins|strong:live dealer|medium:casino|medium:slots|medium:wager,2026-08-09T17:44:55Z
https://grahaspin.bet,grahaspin.bet,0.8,strong:free spins|strong:live dealer|medium:casino|medium:slots|medium:wager,2026-08-09T17:44:55Z
https://granat88.bet,granat88.bet,1.0,strong:live dealer|strong:bet slip|medium:casino|medium:slots|medium:poker|medium:sportsbook|medium:wager|medium:betting,2026-08-09T17:45:16Z
https://granat88.bet,granat88.bet,1.0,strong:live dealer|strong:bet slip|medium:casino|medium:slots|medium:poker|medium:sportsbook|medium:wager|medium:betting,2026-08-09T17:45:16Z
https://grand88.bet,grand88.bet,1.0,strong:free spins|strong:live dealer|medium:casino|medium:slots|medium:sportsbook|medium:wager|medium:betting,2026-08-09T17:45:27Z
https://grand88.bet,grand88.bet,1.0,strong:free spins|strong:live dealer|medium:casino|medium:slots|medium:sportsbook|medium:wager|medium:betting,2026-08-09T17:45:27Z
https://grande-vegascasino.bet,grande-vegascasino.bet,1.0,strong:deposit bonus|strong:free spins|strong:claim bonus|strong:play now|strong:cashier|medium:casino|medium:slots|medium:poker|medium:jackpot|medium:wager|medium:betting|structural:18+,2026-08-09T17:45:31Z
https://grande-vegascasino.bet,grande-vegascasino.bet,1.0,strong:deposit bonus|strong:free spins|strong:claim bonus|strong:play now|strong:cashier|medium:casino|medium:slots|medium:poker|medium:jackpot|medium:wager|medium:betting|structural:18+,2026-08-09T17:45:33Z
https://grandevegas-casino.bet,grandevegas-casino.bet,0.95,strong:deposit bonus|strong:free spins|medium:casino|medium:slots|medium:jackpot|structural:18+,2026-08-09T17:45:42Z
https://grandfortunecasino.bet,grandfortunecasino.bet,1.0,strong:deposit bonus|strong:free spins|strong:withdraw winnings|strong:play now|strong:cashier|strong:curaçao egaming|medium:casino|medium:slots|medium:poker|medium:jackpot|medium:wager|medium:betting|structural:18+|structural:responsible gambling|structural:age verification,2026-08-09T17:45:44Z
https://grandfortunecasino.bet,grandfortunecasino.bet,1.0,strong:deposit bonus|strong:free spins|strong:withdraw winnings|strong:play now|strong:cashier|strong:curaçao egaming|medium:casino|medium:slots|medium:poker|medium:jackpot|medium:wager|medium:betting|structural:18+|structural:responsible gambling|structural:age verification,2026-08-09T17:45:44Z
https://grandevegascasino.bet,grandevegascasino.bet,1.0,strong:free spins|strong:live dealer|strong:play now|medium:casino|medium:wager|medium:betting,2026-08-09T17:45:46Z
https://grandivycasino.bet,grandivycasino.bet,1.0,strong:deposit bonus|strong:free spins|strong:live dealer|strong:play now|strong:cashier|strong:mga/|medium:casino|medium:slots|medium:jackpot|medium:wager|medium:betting|structural:18+|structural:responsible gambling,2026-08-09T17:45:46Z
https://grandrush.bet,grandrush.bet,1.0,strong:deposit bonus|strong:free spins|strong:live dealer|strong:play now|strong:cashier|strong:curaçao egaming|medium:casino|medium:slots|medium:poker|medium:jackpot|medium:wager|structural:18+|structural:responsible gambling|negative:app store|negative:google play,2026-08-09T17:45:53Z
https://grandrushcasino.bet,grandrushcasino.bet,0.8,strong:free spins|strong:cashier|medium:casino|medium:poker|medium:wager,2026-08-09T17:45:57Z
https://grandwincasino.bet,grandwincasino.bet,1.0,strong:deposit bonus|strong:free spins|strong:live dealer|strong:play now|strong:cashier|medium:casino|medium:slots|medium:poker|medium:sportsbook|medium:jackpot|medium:wager|medium:betting|structural:18+|negative:app store,2026-08-09T17:46:06Z
https://grandwincasino.bet,grandwincasino.bet,1.0,strong:deposit bonus|strong:free spins|strong:live dealer|strong:play now|strong:cashier|medium:casino|medium:slots|medium:poker|medium:sportsbook|medium:jackpot|medium:wager|medium:betting|structural:18+|negative:app store,2026-08-09T17:46:06Z
https://granger.bet,granger.bet,0.8,strong:free spins|strong:live dealer|medium:casino|medium:slots|medium:sportsbook,2026-08-09T17:46:12Z
https://granger.bet,granger.bet,0.8,strong:free spins|strong:live dealer|medium:casino|medium:slots|medium:sportsbook,2026-08-09T17:46:12Z
https://gransinouk.bet,gransinouk.bet,1.0,strong:deposit bonus|strong:free spins|strong:live dealer|strong:claim bonus|medium:casino|medium:slots|medium:sportsbook|medium:jackpot|medium:betting|structural:18+,2026-08-09T17:46:20Z
https://gransinocasino.bet,gransinocasino.bet,1.0,strong:free spins|strong:claim bonus|strong:curaçao egaming|medium:casino|medium:slots|medium:poker|medium:jackpot|structural:18+,2026-08-09T17:46:20Z
https://gransinocasino.bet,gransinocasino.bet,1.0,strong:free spins|strong:claim bonus|strong:curaçao egaming|medium:casino|medium:slots|medium:poker|medium:jackpot|structural:18+,2026-08-09T17:46:20Z
https://gransinocasino.bet,gransinocasino.bet,1.0,strong:free spins|strong:claim bonus|strong:curaçao egaming|medium:casino|medium:slots|medium:poker|medium:jackpot|structural:18+,2026-08-09T17:46:21Z
https://gratowincasino.bet,gratowincasino.bet,0.85,strong:deposit bonus|strong:curaçao egaming|medium:casino|medium:jackpot|structural:18+,2026-08-09T17:46:33Z
https://gratowincasino.bet,gratowincasino.bet,0.85,strong:deposit bonus|strong:curaçao egaming|medium:casino|medium:jackpot|structural:18+,2026-08-09T17:46:34Z
https://grattianocasino.bet,grattianocasino.bet,1.0,strong:free spins|strong:live dealer|strong:sign up now|strong:ukgc|medium:casino|medium:slots|medium:poker|medium:sportsbook|medium:jackpot|medium:wager|medium:betting|structural:18+|structural:gambleaware|structural:responsible gambling,2026-08-09T17:46:35Z
https://grattianocasino.bet,grattianocasino.bet,1.0,strong:free spins|strong:live dealer|strong:sign up now|strong:ukgc|medium:casino|medium:slots|medium:poker|medium:sportsbook|medium:jackpot|medium:wager|medium:betting|structural:18+|structural:gambleaware|structural:responsible gambling,2026-08-09T17:46:35Z
https://grattiano.bet,grattiano.bet,1.0,strong:free spins|strong:live dealer|strong:sign up now|strong:ukgc|medium:casino|medium:slots|medium:poker|medium:sportsbook|medium:jackpot|medium:wager|medium:betting|structural:18+|structural:gambleaware|structural:responsible gambling,2026-08-09T17:46:35Z
https://grattiano.bet,grattiano.bet,1.0,strong:free spins|strong:live dealer|strong:sign up now|strong:ukgc|medium:casino|medium:slots|medium:poker|medium:sportsbook|medium:jackpot|medium:wager|medium:betting|structural:18+|structural:gambleaware|structural:responsible gambling,2026-08-09T17:46:36Z
https://greatspincasino.bet,greatspincasino.bet,1.0,strong:deposit bonus|strong:free spins|strong:live dealer|strong:play now|strong:cashier|medium:casino|medium:slots|medium:sportsbook|medium:jackpot|medium:wager|medium:betting|structural:18+,2026-08-09T17:46:42Z
https://greatspincasino.bet,greatspincasino.bet,1.0,strong:deposit bonus|strong:free spins|strong:live dealer|strong:play now|strong:cashier|medium:casino|medium:slots|medium:sportsbook|medium:jackpot|medium:wager|medium:betting|structural:18+,2026-08-09T17:46:43Z
https://greenspin-au.bet,greenspin-au.bet,1.0,strong:free spins|strong:live dealer|strong:claim bonus|strong:cashier|strong:curaçao egaming|medium:casino|medium:slots|medium:poker|medium:jackpot|medium:wager|structural:responsible gambling,2026-08-09T17:47:05Z
https://grosvenorcasino.bet,grosvenorcasino.bet,1.0,strong:deposit bonus|strong:free spins|strong:live dealer|strong:play now|strong:cashier|medium:casino|medium:slots|medium:poker|medium:sportsbook|medium:jackpot|medium:wager|medium:betting|structural:18+|structural:responsible gambling,2026-08-09T17:47:46Z
https://grosvenorcasino.bet,grosvenorcasino.bet,1.0,strong:deposit bonus|strong:free spins|strong:live dealer|strong:play now|strong:cashier|medium:casino|medium:slots|medium:poker|medium:sportsbook|medium:jackpot|medium:wager|medium:betting|structural:18+|structural:responsible gambling,2026-08-09T17:47:46Z
