url,domain,confidence_score,first_seen_at,verified_at
https://slotsonlinecanada.com/games-global,slotsonlinecanada.com,0.8,2026-08-08 14:17:04,2026-08-08 15:29:44
https://slotsandcasino.ag/casino/popular-slots,slotsandcasino.ag,0.65,2026-08-08 14:17:04,2026-08-08 15:29:41
https://aboutslots.com/game-providers/games-global,aboutslots.com,1.0,2026-08-08 14:17:04,2026-08-08 15:29:39
https://casino.com/,casino.com,1.0,2026-08-08 14:17:04,2026-08-08 15:29:39
https://casinos.com/games-global,casinos.com,1.0,2026-08-08 14:17:04,2026-08-08 15:29:00
https://casino-market.com/en/globalslots,casino-market.com,0.75,2026-08-08 14:17:04,2026-08-08 15:28:05
https://lcb.org/games/slots/games-global,lcb.org,0.85,2026-08-08 14:17:04,2026-08-08 15:28:04
https://wweek.com/allin/best-online-casinos,wweek.com,1.0,2026-08-08 14:09:20,2026-08-08 15:20:07
https://freep.com/story/sports/online-casinos-real-money-rankings/86800526007,freep.com,1.0,2026-08-08 14:09:20,2026-08-08 15:20:04
https://usgambling.com/new-jersey/poker,usgambling.com,0.55,2026-08-08 14:03:03,2026-08-08 15:10:38
https://ezhorsebetting.com/how-to-bet-on-horses-online-for-real-money-a-beginners-guide,ezhorsebetting.com,0.55,2026-08-08 14:03:03,2026-08-08 15:10:37
https://ezhorsebetting.com/betting-exchanges,ezhorsebetting.com,0.65,2026-08-08 14:03:03,2026-08-08 15:10:37
https://gambling.net/us,gambling.net,1.0,2026-08-08 14:03:03,2026-08-08 15:10:36
https://usgambling.com/pennsylvania,usgambling.com,0.55,2026-08-08 14:03:03,2026-08-08 15:10:13
https://casino.us/us-gambling-laws,casino.us,0.85,2026-08-08 14:03:03,2026-08-08 15:10:13
https://ezhorsebetting.com/how-bonuses-work-in-online-horse-betting-free-bets-vs-real-money-wagers,ezhorsebetting.com,1.0,2026-08-08 14:03:03,2026-08-08 15:10:12
https://usgambling.com/sports-betting,usgambling.com,1.0,2026-08-08 14:03:03,2026-08-08 15:09:21
https://usgambling.com/casino,usgambling.com,0.55,2026-08-08 14:03:03,2026-08-08 15:09:21
https://usgambling.com/banking,usgambling.com,1.0,2026-08-08 14:03:02,2026-08-08 15:09:00
https://ezhorsebetting.com/,ezhorsebetting.com,0.7,2026-08-08 14:03:02,2026-08-08 15:09:00
https://ezhorsebetting.com/faq,ezhorsebetting.com,0.65,2026-08-08 14:03:02,2026-08-08 15:09:00
https://jackpotjoy.club/jackpotjoy-app,jackpotjoy.club,0.85,2026-08-08 14:00:32,2026-08-08 15:05:01
https://jackpotjoyz.com/app,jackpotjoyz.com,0.95,2026-08-08 14:00:32,2026-08-08 15:05:00
https://betwithboomer.com/,betwithboomer.com,0.65,2026-08-08 13:59:28,2026-08-08 15:01:47
https://legalbettingonline.com/vouchers,legalbettingonline.com,1.0,2026-08-08 13:59:25,2026-08-08 14:59:57
https://casinobeacon.com/articles/vip-high-roller-casinos/vip-rewards-and-loyalty.htm,casinobeacon.com,1.0,2026-08-08 13:43:35,2026-08-08 14:38:12
https://gamblingsites.com/reviews,gamblingsites.com,1.0,2026-08-08 13:40:01,2026-08-08 14:33:33
https://win.gg/gambling,win.gg,1.0,2026-08-08 13:40:01,2026-08-08 14:33:33
https://thesportsgeek.com/author/sstack,thesportsgeek.com,0.85,2026-08-08 13:40:01,2026-08-08 14:33:33
https://thesportsgeek.com/blog/page/31,thesportsgeek.com,1.0,2026-08-08 13:40:01,2026-08-08 14:33:32
https://gamblingsites.com/terms-of-use,gamblingsites.com,1.0,2026-08-08 13:40:01,2026-08-08 14:33:32
https://gamblingsites.com/blog/casino/page/11,gamblingsites.com,1.0,2026-08-08 13:40:01,2026-08-08 14:32:44
https://gamblingsites.org/,gamblingsites.org,1.0,2026-08-08 13:40:01,2026-08-08 14:32:44
https://thesportsgeek.com/picks/nfl,thesportsgeek.com,0.65,2026-08-08 13:40:01,2026-08-08 14:31:58
https://thesportsgeek.com/terms-of-use,thesportsgeek.com,1.0,2026-08-08 13:40:00,2026-08-08 14:31:57
https://thesportsgeek.com/sports-betting/strategy,thesportsgeek.com,0.9,2026-08-08 13:40:01,2026-08-08 14:31:57
https://thesportsgeek.com/contact,thesportsgeek.com,0.9,2026-08-08 13:40:01,2026-08-08 14:31:57
https://thesportsgeek.com/online-casinos/live-dealer/blackjack,thesportsgeek.com,1.0,2026-08-08 13:39:59,2026-08-08 14:31:27
https://thesportsgeek.com/online-casinos/maine,thesportsgeek.com,1.0,2026-08-08 13:39:59,2026-08-08 14:31:26
https://thesportsgeek.com/online-casinos/nebraska,thesportsgeek.com,1.0,2026-08-08 13:39:59,2026-08-08 14:31:26
https://thesportsgeek.com/online-casinos/nevada,thesportsgeek.com,1.0,2026-08-08 13:39:59,2026-08-08 14:31:26
https://thesportsgeek.com/reviews/wild-casino,thesportsgeek.com,1.0,2026-08-08 13:39:59,2026-08-08 14:31:26
https://thesportsgeek.com/reviews/the-online-casino,thesportsgeek.com,1.0,2026-08-08 13:39:59,2026-08-08 14:31:25
https://thesportsgeek.com/blog,thesportsgeek.com,0.65,2026-08-08 13:40:00,2026-08-08 14:31:25
https://thesportsgeek.com/online-casinos/bonuses,thesportsgeek.com,1.0,2026-08-08 13:39:59,2026-08-08 14:30:38
https://thesportsgeek.com/blog/new-casino-table-games,thesportsgeek.com,1.0,2026-08-08 13:39:59,2026-08-08 14:30:37
https://gamblingsites.co/,gamblingsites.co,1.0,2026-08-08 13:39:59,2026-08-08 14:30:37
https://thesportsgeek.com/online-casinos/blackjack,thesportsgeek.com,1.0,2026-08-08 13:39:59,2026-08-08 14:30:37
https://thesportsgeek.com/blog/casino/page/10,thesportsgeek.com,1.0,2026-08-08 13:39:59,2026-08-08 14:30:37
https://thesportsgeek.com/blog/las-vegas-casinos-off-the-strip,thesportsgeek.com,1.0,2026-08-08 13:39:59,2026-08-08 14:30:37
https://thesportsgeek.com/blog/casino-table-games,thesportsgeek.com,1.0,2026-08-08 13:39:59,2026-08-08 14:30:36
https://gamblingsites.com/sitemap,gamblingsites.com,1.0,2026-08-08 13:39:59,2026-08-08 14:30:36
https://gambling.net/,gambling.net,0.85,2026-08-08 13:39:59,2026-08-08 14:30:35
https://thesportsgeek.com/online-casinos,thesportsgeek.com,0.75,2026-08-08 13:39:59,2026-08-08 14:30:35
https://deucescracked.com/blog/12-best-mobile-gambling-apps-for-real-money,deucescracked.com,1.0,2026-08-08 13:39:59,2026-08-08 14:29:47
https://thesportsgeek.com/sportsbooks/mlb,thesportsgeek.com,1.0,2026-08-08 13:39:59,2026-08-08 14:28:59
https://thesportsgeek.com/sportsbooks,thesportsgeek.com,1.0,2026-08-08 13:39:59,2026-08-08 14:28:59
https://thesportsgeek.com/about,thesportsgeek.com,0.85,2026-08-08 13:39:59,2026-08-08 14:28:58
https://thesportsgeek.com/blog/news,thesportsgeek.com,0.65,2026-08-08 13:39:58,2026-08-08 14:28:42
https://thesportsgeek.com/sportsbooks/props,thesportsgeek.com,1.0,2026-08-08 13:39:58,2026-08-08 14:28:41
https://thesportsgeek.com/sportsbooks/nba,thesportsgeek.com,1.0,2026-08-08 13:39:58,2026-08-08 14:28:41
https://thesportsgeek.com/sports-betting,thesportsgeek.com,0.75,2026-08-08 13:39:58,2026-08-08 14:28:40
https://thesportsgeek.com/casino-apps,thesportsgeek.com,1.0,2026-08-08 13:39:59,2026-08-08 14:28:39
https://thesportsgeek.com/picks,thesportsgeek.com,0.65,2026-08-08 13:39:58,2026-08-08 14:28:22
https://casinorewards.com/en/casinos,casinorewards.com,0.95,2026-08-08 13:36:53,2026-08-08 14:22:09
https://moonstonefarmandforest.com/how-to-evaluate-a-casino-vip-program,moonstonefarmandforest.com,1.0,2026-08-08 13:36:53,2026-08-08 14:22:08
https://softgamings.com/casino-glossary/vip,softgamings.com,0.85,2026-08-08 13:36:53,2026-08-08 14:22:08
https://casinorewards.com/en,casinorewards.com,0.6,2026-08-08 13:36:53,2026-08-08 14:21:20
https://casinos.com/us/vip-casinos,casinos.com,1.0,2026-08-08 13:36:52,2026-08-08 14:21:02
https://card-room-poker.com/sign-in,card-room-poker.com,0.75,2026-08-08 13:33:31,2026-08-08 14:19:13
https://boostylabs.com/about,boostylabs.com,0.65,2026-08-08 13:24:26,2026-08-08 14:05:07
https://boostylabs.com/consultancy,boostylabs.com,0.65,2026-08-08 13:24:26,2026-08-08 14:05:07
https://boostylabs.com/cases,boostylabs.com,0.65,2026-08-08 13:24:26,2026-08-08 14:05:07
https://boostylabs.com/ml,boostylabs.com,0.65,2026-08-08 13:24:26,2026-08-08 14:05:06
https://boostylabs.com/career,boostylabs.com,0.65,2026-08-08 13:24:26,2026-08-08 14:05:06
https://ballybetcom.com/,ballybetcom.com,1.0,2026-08-08 13:23:02,2026-08-08 14:00:37
https://sportsboom.com/betting/best-free-bets,sportsboom.com,0.8,2026-08-08 13:19:56,2026-08-08 13:56:36
https://centsports.com/,centsports.com,0.55,2026-08-08 13:19:56,2026-08-08 13:56:10
https://coinpoker.com/coinmasters-leaderboard-new,coinpoker.com,0.75,2026-08-08 13:06:30,2026-08-08 13:44:21
https://melbetworld.com/melbet-world/melbet-affiliate,melbetworld.com,0.55,2026-08-08 12:53:27,2026-08-08 13:29:35
https://melbetworld.com/melbet-official/melbet-affiliate,melbetworld.com,0.8,2026-08-08 12:53:27,2026-08-08 13:29:14
https://affiliate.melbet.com/,melbet.com,0.55,2026-08-08 12:53:27,2026-08-08 13:29:10
https://affiliatesmelbet.com/,affiliatesmelbet.com,1.0,2026-08-08 12:53:27,2026-08-08 13:28:26
https://en-melbetindia.com/,en-melbetindia.com,1.0,2026-08-08 12:53:26,2026-08-08 13:28:11
https://wizardofodds.com/games/baccarat/basics,wizardofodds.com,1.0,2026-08-08 12:51:45,2026-08-08 13:26:28
https://slotocash.im/,slotocash.im,0.8,2026-08-08 12:49:43,2026-08-08 13:24:30
https://slots.lv/,slots.lv,1.0,2026-08-08 12:49:43,2026-08-08 13:24:29
https://247slots.org/,247slots.org,0.55,2026-08-08 12:49:43,2026-08-08 13:24:28
https://boostylabs.com/blog/pragmatic-play,boostylabs.com,1.0,2026-08-08 12:49:43,2026-08-08 13:24:11
https://skyexchlive.com/,skyexchlive.com,1.0,2026-08-08 12:43:29,2026-08-08 13:18:21
https://skyexchlive.com/our-games,skyexchlive.com,1.0,2026-08-08 12:43:30,2026-08-08 13:18:19
https://optimobet.com/online-casinos/cyber-bet,optimobet.com,0.8,2026-08-08 12:41:51,2026-08-08 13:16:54
https://optimobet.co.uk/contact,optimobet.co.uk,0.7,2026-08-08 12:41:51,2026-08-08 13:16:54
https://optimobet.com/online-casinos/bet-nspin,optimobet.com,0.8,2026-08-08 12:41:52,2026-08-08 13:16:54
https://rg.org/sportsbooks,rg.org,0.65,2026-08-08 12:41:51,2026-08-08 13:16:34
https://optimbet.ca/,optimbet.ca,1.0,2026-08-08 12:41:51,2026-08-08 13:16:34
https://optimobet.com/terms-and-conditions,optimobet.com,0.9,2026-08-08 12:41:51,2026-08-08 13:16:33
https://optimobet.com/contact,optimobet.com,0.8,2026-08-08 12:41:51,2026-08-08 13:16:33
https://optimobet.com/betting-sites,optimobet.com,0.8,2026-08-08 12:41:51,2026-08-08 13:16:33
https://fun888inr.com/register.html,fun888inr.com,0.65,2026-08-08 12:41:50,2026-08-08 13:15:49
https://allcasino.org/optimbetcasino.html,allcasino.org,1.0,2026-08-08 12:41:50,2026-08-08 13:15:47
https://onlinecasinodollar.com/optimbet-casino.html,onlinecasinodollar.com,1.0,2026-08-08 12:41:50,2026-08-08 13:14:59
https://fun888.in/login-and-signup/index.html,fun888.in,1.0,2026-08-08 12:41:50,2026-08-08 13:14:58
https://aboutslots.com/reviews/optim-bet-casino,aboutslots.com,1.0,2026-08-08 12:41:50,2026-08-08 13:14:58
https://optimobet.com/auth,optimobet.com,0.8,2026-08-08 12:41:50,2026-08-08 13:14:57
https://optimbet.net/,optimbet.net,1.0,2026-08-08 12:41:50,2026-08-08 13:14:10
https://wizardofodds.com/online-casinos/reviews/optimbet,wizardofodds.com,1.0,2026-08-08 12:41:50,2026-08-08 13:14:10
https://optimobet.com/online-casinos,optimobet.com,0.8,2026-08-08 12:41:50,2026-08-08 13:13:52
https://optimobet.com/,optimobet.com,0.9,2026-08-08 12:41:50,2026-08-08 13:13:52
https://wizardofodds.com/online-casinos/reviews/ggpoker,wizardofodds.com,1.0,2026-08-08 12:35:24,2026-08-08 13:07:40
https://ggpoker.ca/download,ggpoker.ca,0.6,2026-08-08 12:35:25,2026-08-08 13:07:40
https://worldpokerdeals.com/rakeback-deals/ggpoker-download,worldpokerdeals.com,0.65,2026-08-08 12:35:25,2026-08-08 13:07:39
https://pokerlistings.com/casino-sites/ggpoker-casino,pokerlistings.com,1.0,2026-08-08 12:35:23,2026-08-08 13:06:56
https://sportshandle.com/,sportshandle.com,1.0,2026-08-08 12:31:45,2026-08-08 13:03:35
https://melbetzambia.com/en/user/login,melbetzambia.com,0.95,2026-08-08 12:24:53,2026-08-08 12:52:42
https://melbet1-bd.com/,melbet1-bd.com,1.0,2026-08-08 12:24:53,2026-08-08 12:52:41
https://qa.melbet.com/en/user/login,melbet.com,1.0,2026-08-08 12:24:53,2026-08-08 12:52:40
https://melbet-affiliate.com/,melbet-affiliate.com,0.9,2026-08-08 12:24:53,2026-08-08 12:51:52
https://bangladesh.melbet.com/en/user/login,melbet.com,1.0,2026-08-08 12:24:53,2026-08-08 12:51:52
https://bangladesh.melbet.com/en/registration,melbet.com,1.0,2026-08-08 12:24:53,2026-08-08 12:51:52
https://batery-app.in/,batery-app.in,1.0,2026-08-08 12:24:53,2026-08-08 12:51:51
https://baterybetlogin.com/,baterybetlogin.com,1.0,2026-08-08 12:24:53,2026-08-08 12:51:51
https://optimobet.com/betting-sites/megapari,optimobet.com,0.8,2026-08-08 12:18:16,2026-08-08 12:41:04
https://legalbet.uk/betting-sites/sets/google-pay,legalbet.uk,0.8,2026-08-08 12:14:59,2026-08-08 12:36:42
https://coinnews.com/crypto-casinos/telegram-casinos,coinnews.com,1.0,2026-08-08 12:14:58,2026-08-08 12:36:41
https://casinorange.com/us/online-casinos/bonus/welcome-bonuses,casinorange.com,0.7,2026-08-08 12:14:57,2026-08-08 12:35:27
https://1xbet.com.gh/en,1xbet.com.gh,1.0,2026-08-08 12:12:28,2026-08-08 12:34:38
https://500nations.com/casinos/caCrystalCasino.asp,500nations.com,0.95,2026-08-08 12:08:18,2026-08-08 12:30:56
https://osga.com/top-asian-sportsbooks.html,osga.com,0.6,2026-08-08 12:01:40,2026-08-08 12:22:11
https://toffeeweb.com/,toffeeweb.com,1.0,2026-08-08 12:01:35,2026-08-08 12:19:58
https://downtowngrand.com/slot-machines,downtowngrand.com,0.9,2026-08-08 11:59:19,2026-08-08 12:18:22
https://casinos.com/us/slots,casinos.com,1.0,2026-08-08 11:59:20,2026-08-08 12:18:22
https://vegasslotsonline.com/,vegasslotsonline.com,0.65,2026-08-08 11:59:20,2026-08-08 12:18:21
https://wizardofodds.com/games/keno,wizardofodds.com,0.8,2026-08-08 11:51:56,2026-08-08 12:06:33
https://macausportingclub.com/what-are-slot-paylines,macausportingclub.com,0.7,2026-08-08 11:43:02,2026-08-08 11:56:12
https://videopoker.com/play_games/free?game=69&name=Ultimate+X+Poker,videopoker.com,0.55,2026-08-08 11:34:37,2026-08-08 11:51:44
https://wizardofodds.com/games/ultimate-texas-hold-em,wizardofodds.com,1.0,2026-08-08 11:34:37,2026-08-08 11:51:43
https://hub.bovada.lv/,bovada.lv,0.9,2026-08-08 11:22:07,2026-08-08 11:33:53
https://lcb.org/casinos/decode-casino,lcb.org,1.0,2026-08-08 11:22:06,2026-08-08 11:33:36
https://play-decodecasino.com/signin,play-decodecasino.com,1.0,2026-08-08 11:22:06,2026-08-08 11:33:35
https://gamesandcasino.com/casinos/decode-casino,gamesandcasino.com,1.0,2026-08-08 11:22:06,2026-08-08 11:33:35
https://casinocouponscodes.com/casinos/decode-casino,casinocouponscodes.com,1.0,2026-08-08 11:22:06,2026-08-08 11:33:16
https://gamblingsites.com/reviews/decode-casino,gamblingsites.com,1.0,2026-08-08 11:22:06,2026-08-08 11:33:15
https://wizardofodds.com/online-casinos/reviews/decode-casino,wizardofodds.com,1.0,2026-08-08 11:22:06,2026-08-08 11:33:15
https://decodecasino1.com/,decodecasino1.com,0.55,2026-08-08 11:22:05,2026-08-08 11:32:28
https://cardsrealm.com/en-us/articles/decode-casino-full-review-guide,cardsrealm.com,1.0,2026-08-08 11:22:06,2026-08-08 11:32:28
https://gamblingnerd.com/reviews/decode-casino,gamblingnerd.com,1.0,2026-08-08 11:22:06,2026-08-08 11:32:28
https://getb8.us/online-casinos/decode.html,getb8.us,1.0,2026-08-08 11:22:06,2026-08-08 11:32:27
https://gamblingsites.com/blog/top-bovada-slots-to-play,gamblingsites.com,1.0,2026-08-08 11:12:03,2026-08-08 11:21:11
https://mytopsportsbooks.com/reviews/bovada/mobile-app,mytopsportsbooks.com,0.55,2026-08-08 11:12:04,2026-08-08 11:21:11
https://bovada.com/more,bovada.com,0.9,2026-08-08 11:12:03,2026-08-08 11:20:26
https://bovada.com/casino/slots,bovada.com,1.0,2026-08-08 11:12:03,2026-08-08 11:20:26
https://thesportsgeek.com/reviews/bovada,thesportsgeek.com,1.0,2026-08-08 11:12:03,2026-08-08 11:20:24
https://casinodecoded.com/en/casino/bovada,casinodecoded.com,1.0,2026-08-08 11:12:02,2026-08-08 11:20:22
https://us-bovada-en.com/,us-bovada-en.com,1.0,2026-08-08 11:12:02,2026-08-08 11:20:22
https://us-bovada.us/,us-bovada.us,1.0,2026-08-08 11:12:03,2026-08-08 11:20:22
https://bovadalv.us.com/,us.com,1.0,2026-08-08 11:12:03,2026-08-08 11:20:22
https://playbovadaus.com/,playbovadaus.com,1.0,2026-08-08 11:12:03,2026-08-08 11:20:22
https://casinos18.com/reviews/bovada,casinos18.com,1.0,2026-08-08 11:12:02,2026-08-08 11:19:42
https://techradar.com/news/what-is-bovada,techradar.com,0.85,2026-08-08 11:12:02,2026-08-08 11:19:41
https://casinos.com/us/bovada-casino,casinos.com,1.0,2026-08-08 11:12:02,2026-08-08 11:19:41
https://bovada-us-casino.com/login,bovada-us-casino.com,1.0,2026-08-08 11:12:02,2026-08-08 11:19:38
https://casinobettingnow.com/casino/bovada-casino,casinobettingnow.com,1.0,2026-08-08 11:12:02,2026-08-08 11:19:38
https://worldpopulationreview.com/state-rankings/bovada-legal-states,worldpopulationreview.com,0.85,2026-08-08 11:12:02,2026-08-08 11:19:37
https://casinocitytimes.com/news,casinocitytimes.com,0.95,2026-08-08 11:08:51,2026-08-08 11:14:11
https://soccerphile.com/online-casinos-and-soccer-winning-match-fans-and-gamblers-alike,soccerphile.com,0.95,2026-08-08 11:08:50,2026-08-08 11:13:26
https://livescore.com/en-us/betting-sites/soccer,livescore.com,1.0,2026-08-08 11:08:50,2026-08-08 11:13:25
https://gamblingnews.com/,gamblingnews.com,0.95,2026-08-08 11:08:51,2026-08-08 11:13:25
https://soccernews.com/,soccernews.com,0.95,2026-08-08 11:08:51,2026-08-08 11:13:24
https://sportsline.com/casinos/our-picks-for-the-best-online-casino-soccer-slots-41-games-for-2026-world-cup,sportsline.com,1.0,2026-08-08 11:08:50,2026-08-08 11:12:41
https://breakingthelines.com/opinion/some-football-games-available-at-the-casino,breakingthelines.com,0.55,2026-08-08 11:08:50,2026-08-08 11:12:39
https://casino.harringtonraceway.com/how-does-soccer-betting-work,harringtonraceway.com,0.65,2026-08-08 11:08:50,2026-08-08 11:12:39
https://si.com/betting/reviews/caesars-sportsbook,si.com,0.8,2026-08-08 11:08:50,2026-08-08 11:12:25
https://soccernews.com/editorial-team,soccernews.com,0.85,2026-08-08 11:08:50,2026-08-08 11:12:24
https://soccernews.com/soccer-transfers/english-premier-league-transfers,soccernews.com,0.6,2026-08-08 11:08:50,2026-08-08 11:12:24
https://soccernews.com/gambling/casino,soccernews.com,1.0,2026-08-08 11:08:50,2026-08-08 11:12:24
https://soccernews.com/gambling/games,soccernews.com,0.6,2026-08-08 11:08:50,2026-08-08 11:12:23
https://bettingusa.com/sports/reviews/caesars-sportsbook,bettingusa.com,1.0,2026-08-08 11:08:50,2026-08-08 11:12:11
https://soccernews.com/headlines,soccernews.com,0.6,2026-08-08 11:08:50,2026-08-08 11:12:10
https://wsn.com/,wsn.com,1.0,2026-08-08 11:08:04,2026-08-08 11:11:06
https://soccernews.com/matched-betting-explained-risk-free-strategy-to-beat-the-bookies/345056,soccernews.com,0.7,2026-08-08 11:05:17,2026-08-08 11:08:11
https://sportstalkphilly.com/guides/what-is-matched-betting,sportstalkphilly.com,0.9,2026-08-08 11:05:17,2026-08-08 11:07:29
https://wsn.com/blog/matched-betting-explained-simple-guide-matched-betting,wsn.com,0.75,2026-08-08 11:05:17,2026-08-08 11:07:29
https://beatingbetting.co.uk/basics/matched-betting-guide,beatingbetting.co.uk,1.0,2026-08-08 11:05:17,2026-08-08 11:07:29
https://idnow.io/idnow-glossary/matched-betting,idnow.io,0.95,2026-08-08 11:05:17,2026-08-08 11:07:27
https://bettingusa.com/sports/cricket,bettingusa.com,1.0,2026-08-08 11:05:16,2026-08-08 11:06:26
https://bettingusa.com/sports/bonuses/bonus-bets,bettingusa.com,1.0,2026-08-08 11:05:16,2026-08-08 11:06:26
https://thelines.com/betting/cricket-betting-sites,thelines.com,1.0,2026-08-08 11:05:16,2026-08-08 11:06:25
https://sportsline.com/sportsbooks/promos,sportsline.com,1.0,2026-08-08 11:05:16,2026-08-08 11:06:25
https://ballybet.com/online-sports-betting/cricket,ballybet.com,0.65,2026-08-08 11:05:16,2026-08-08 11:06:24
https://si.com/betting/sportsbook-promos,si.com,1.0,2026-08-08 11:05:16,2026-08-08 11:06:24
https://sportsbooksonline.com/sportsbook-bonuses,sportsbooksonline.com,1.0,2026-08-08 11:05:16,2026-08-08 11:06:23
https://livescore.com/en-us/betting-sites/cricket,livescore.com,1.0,2026-08-08 11:05:16,2026-08-08 11:05:39
https://allfreechips.com/,allfreechips.com,1.0,2026-08-08 10:55:50,2026-08-08 10:57:30
https://skyinplaycomidlogin.com/,skyinplaycomidlogin.com,0.8,2026-08-08 10:55:50,2026-08-08 10:57:28
https://pokerlistings.com/minimum-deposit-casinos,pokerlistings.com,1.0,2026-08-08 10:55:50,2026-08-08 10:57:26
https://sportsline.com/casinos/payment-methods/5-dollar-deposit,sportsline.com,1.0,2026-08-08 10:55:50,2026-08-08 10:57:26
https://next.io/online-casinos-us/banking,next.io,1.0,2026-08-08 10:55:50,2026-08-08 10:57:25
https://skyinplay.co.in/,skyinplay.co.in,0.55,2026-08-08 10:55:50,2026-08-08 10:56:44
https://sportsline.com/casinos,sportsline.com,1.0,2026-08-08 10:55:50,2026-08-08 10:56:42
https://skyinplay.ind.in/,skyinplay.ind.in,1.0,2026-08-08 10:55:50,2026-08-08 10:56:40
https://next.io/online-casinos-us/minimum-deposit,next.io,1.0,2026-08-08 10:55:50,2026-08-08 10:56:40
https://americancasinoguidebook.com/ohio-casinos-map.html,americancasinoguidebook.com,0.6,2026-08-08 10:51:56,2026-08-08 10:52:05
https://americancasinoguidebook.com/casinos-by-state/ohio-casinos.html,americancasinoguidebook.com,0.7,2026-08-08 10:51:56,2026-08-08 10:52:05
https://online-casinos.com/us/local/ohio,online-casinos.com,0.65,2026-08-08 10:51:57,2026-08-08 10:52:05
https://500nations.com/Ohio_Casinos.asp,500nations.com,0.8,2026-08-08 10:51:57,2026-08-08 10:52:03
https://casinos.com/destinations/ohio/hollywood-casino-columbus,casinos.com,1.0,2026-08-08 10:51:56,2026-08-08 10:52:02
https://casinos.com/destinations/ohio,casinos.com,1.0,2026-08-08 10:51:56,2026-08-08 10:52:02
https://pragmaticplay.com/en/live-casino,pragmaticplay.com,1.0,2026-08-08 10:27:09,2026-08-08 10:27:20
https://pragmaticplay.com/en/about-us,pragmaticplay.com,0.7,2026-08-08 10:27:09,2026-08-08 10:27:19
https://4rabe.com/4rabe-login,4rabe.com,0.55,2026-08-08 10:25:31,2026-08-08 10:25:36
https://nn777casino.ph/slot,nn777casino.ph,1.0,2026-08-08 10:19:49,2026-08-08 10:20:07
https://nn777a.app/about-us,nn777a.app,1.0,2026-08-08 10:19:49,2026-08-08 10:20:06
https://nn777ph2.com/download.html,nn777ph2.com,0.95,2026-08-08 10:19:49,2026-08-08 10:20:06
https://nn777ph.app/,nn777ph.app,0.65,2026-08-08 10:19:49,2026-08-08 10:20:04
https://nn777ph.bet/live-casino,nn777ph.bet,0.55,2026-08-08 10:19:49,2026-08-08 10:20:04
https://nn777.io/game,nn777.io,1.0,2026-08-08 10:19:49,2026-08-08 10:19:53
https://nn777.io/login,nn777.io,0.55,2026-08-08 10:19:49,2026-08-08 10:19:53
https://mnn777.org/,mnn777.org,1.0,2026-08-08 10:19:49,2026-08-08 10:19:53
https://batery-zone.net/,batery-zone.net,1.0,2026-08-08 10:12:59,2026-08-08 10:13:42
https://en.batery-in-bet.com/,batery-in-bet.com,1.0,2026-08-08 10:12:59,2026-08-08 10:13:41
https://in-batery.com/mobile-app,in-batery.com,1.0,2026-08-08 10:12:59,2026-08-08 10:13:41
https://batery-ind.com/,batery-ind.com,1.0,2026-08-08 10:12:58,2026-08-08 10:13:31
https://batery-ind.net/,batery-ind.net,1.0,2026-08-08 10:12:58,2026-08-08 10:13:30
https://in-batery.com/,in-batery.com,1.0,2026-08-08 10:08:26,2026-08-08 10:12:22
https://selfless.gg/,selfless.gg,1.0,2026-08-08 10:06:09,2026-08-08 10:09:51
http://megapari.team/,megapari.team,1.0,2026-08-08 10:05:50,2026-08-08 10:09:45
https://4rabet-india-app.com/,4rabet-india-app.com,1.0,2026-08-08 10:05:45,2026-08-08 10:09:43
https://megapari-global.com/,megapari-global.com,1.0,2026-08-08 10:05:50,2026-08-08 10:09:43
https://time2play.com/casinos/instant-withdrawal,time2play.com,1.0,2026-08-08 10:00:23,2026-08-08 10:02:03
https://gregoryfarmsandvineyard.com/the-leading-fast-payout-casino-sites-for-instant-withdrawals-in-2026,gregoryfarmsandvineyard.com,0.75,2026-08-08 10:00:23,2026-08-08 10:02:02
https://zeldaspeedruns.com/instant-withdrawal-casinos,zeldaspeedruns.com,1.0,2026-08-08 10:00:23,2026-08-08 10:02:01
https://pressbanner.com/fast-payout-casinos-usa,pressbanner.com,1.0,2026-08-08 10:00:23,2026-08-08 10:02:01
https://casinobeats.com/online-casinos/fast-withdrawal-casinos,casinobeats.com,1.0,2026-08-08 10:00:23,2026-08-08 10:02:00
https://thelistwire.usatoday.com/story/casinos/2026/08/04/top-instant-withdrawal-casino-sites-august-2026/89386538007,usatoday.com,1.0,2026-08-08 10:00:23,2026-08-08 10:01:59
https://ftw.usatoday.com/story/casinos/2026/08/03/expert-ranks-of-best-instant-withdrawal-casinos-august-2026/89623475007,usatoday.com,0.65,2026-08-08 10:00:23,2026-08-08 10:01:59
https://losgatan.com/fast-payout-casinos-usa,losgatan.com,1.0,2026-08-08 10:00:23,2026-08-08 10:01:59
https://sportsline.com/casinos/payment-methods/fast-payouts,sportsline.com,1.0,2026-08-08 10:00:23,2026-08-08 10:01:20
https://thelines.com/casino/sweepstakes/instant-withdrawals,thelines.com,1.0,2026-08-08 10:00:23,2026-08-08 10:01:20
https://losgatan.com/instant-withdrawal-casinos-2,losgatan.com,1.0,2026-08-08 10:00:23,2026-08-08 10:01:19
https://thelistwire.usatoday.com/story/casinos/2026/07/30/top-instant-withdrawal-paying-casinos-august/89386538007,usatoday.com,1.0,2026-08-08 10:00:23,2026-08-08 10:01:18
https://wizardofodds.com/games/craps/appendix/1,wizardofodds.com,0.95,2026-08-08 10:00:23,2026-08-08 10:01:14
https://christinthecity.co/,christinthecity.co,0.9,2026-08-08 10:00:23,2026-08-08 10:01:14
https://livescore.com/en-gb/online-casinos/strategy/guide-to-house-edge,livescore.com,1.0,2026-08-08 10:00:23,2026-08-08 10:01:14
https://casinoonline.com/live-dealer/lightning-roulette,casinoonline.com,0.85,2026-08-08 10:00:21,2026-08-08 10:00:36
https://lightning-roulette.casino/demo,lightning-roulette.casino,1.0,2026-08-08 10:00:21,2026-08-08 10:00:35
https://njcasino.com/games/live-casino/live-lightning-roulette,njcasino.com,1.0,2026-08-08 10:00:21,2026-08-08 10:00:33
https://roulettedoc.com/games/lightning-roulette,roulettedoc.com,0.95,2026-08-08 10:00:21,2026-08-08 10:00:33
https://lightning-roulette.casino/,lightning-roulette.casino,1.0,2026-08-08 10:00:21,2026-08-08 10:00:32
https://games.evolution.com/live-casino/game-shows/crazy-time,evolution.com,1.0,2026-08-08 10:00:20,2026-08-08 10:00:28
https://crazy-timecasino.com/en,crazy-timecasino.com,1.0,2026-08-08 10:00:20,2026-08-08 10:00:27
https://games.evolution.com/live-casino/live-roulette/lightning-roulette,evolution.com,1.0,2026-08-08 10:00:21,2026-08-08 10:00:27
https://roulette77.us/lightning-roulette-calculator,roulette77.us,1.0,2026-08-08 10:00:21,2026-08-08 10:00:27
https://live-crazytime.com/,live-crazytime.com,0.75,2026-08-08 10:00:20,2026-08-08 10:00:26
https://crazytime.net.in/,crazytime.net.in,1.0,2026-08-08 10:00:20,2026-08-08 10:00:25
https://crazy-time.biozion.in/,biozion.in,1.0,2026-08-08 10:00:20,2026-08-08 10:00:25
https://bonus-winwinbet.com/en/promos-winwinbet,bonus-winwinbet.com,1.0,2026-08-08 09:52:03,2026-08-08 09:53:45
https://winwin-india.in/en-in/about,winwin-india.in,0.9,2026-08-08 09:52:02,2026-08-08 09:53:43
https://winwin-india.in/,winwin-india.in,1.0,2026-08-08 09:52:02,2026-08-08 09:53:42
https://usgambling.com/horse-racing/amwager,usgambling.com,1.0,2026-08-08 09:48:56,2026-08-08 09:49:22
https://ezhorsebetting.com/online-racebooks/amwager-review,ezhorsebetting.com,0.75,2026-08-08 09:48:56,2026-08-08 09:49:21
https://leovegascasino.lt/en,leovegascasino.lt,1.0,2026-08-08 09:45:25,2026-08-08 09:46:34
https://rakerace.com/poker-rooms/wptglobal-review,rakerace.com,1.0,2026-08-08 09:42:04,2026-08-08 09:43:01
https://wptglobal.com/faq,wptglobal.com,0.6,2026-08-08 09:42:04,2026-08-08 09:43:00
https://beastsofpoker.com/wpt-global-review,beastsofpoker.com,1.0,2026-08-08 09:42:04,2026-08-08 09:42:54
https://globalpokersites.com/poker-sites/wpt-global,globalpokersites.com,1.0,2026-08-08 09:42:04,2026-08-08 09:42:53
https://pokerlistings.com/poker-sites/wpt-global-poker/wpt-global-countries,pokerlistings.com,0.8,2026-08-08 09:42:04,2026-08-08 09:42:53
https://pokerfuse.com/online-poker/international/wpt-global-review,pokerfuse.com,0.75,2026-08-08 09:42:04,2026-08-08 09:42:52
https://gamegclub.com/th,gamegclub.com,0.55,2026-08-08 09:36:48,2026-08-08 09:36:54
https://gclubsoft.com/,gclubsoft.com,0.55,2026-08-08 09:32:32,2026-08-08 09:32:41
https://vegasadvantage.com/the-new-rio-rewards-players-club,vegasadvantage.com,0.6,2026-08-08 09:29:09,2026-08-08 09:29:45
https://premier-kladionica.com/,premier-kladionica.com,0.55,2026-08-08 09:12:31,2026-08-08 09:14:56
https://bc-game61.com/,bc-game61.com,1.0,2026-08-08 08:35:01,2026-08-08 08:42:13
https://mybwinapp.com/,mybwinapp.com,1.0,2026-08-08 08:34:05,2026-08-08 08:41:24
https://plinko.game/en,plinko.game,1.0,2026-08-08 08:32:21,2026-08-08 08:40:28
https://plinko.online/app,plinko.online,0.75,2026-08-08 08:32:21,2026-08-08 08:40:27
https://lotaus365.com/,lotaus365.com,1.0,2026-08-08 08:27:35,2026-08-08 08:37:16
https://en-betway-us.com/,en-betway-us.com,1.0,2026-08-08 08:28:18,2026-08-08 08:37:16
https://betastic.com/in/betting/cricket,betastic.com,1.0,2026-08-08 08:26:36,2026-08-08 08:36:47
https://thecricketpanda.com/cricket-betting-sites,thecricketpanda.com,1.0,2026-08-08 08:26:36,2026-08-08 08:36:46
https://gamesville.com/slingo,gamesville.com,1.0,2026-08-08 08:13:45,2026-08-08 08:29:36
https://slingosite.com/,slingosite.com,1.0,2026-08-08 08:13:45,2026-08-08 08:29:35
https://jackpotjoybingo.com/,jackpotjoybingo.com,0.6,2026-08-08 08:13:47,2026-08-08 08:29:35
https://jackpotjoy.me.uk/,jackpotjoy.me.uk,1.0,2026-08-08 08:13:47,2026-08-08 08:29:35
https://casinojackpotjoy.co.uk/,casinojackpotjoy.co.uk,1.0,2026-08-08 08:13:47,2026-08-08 08:29:35
https://jackpotjoy.club/,jackpotjoy.club,0.75,2026-08-08 08:13:47,2026-08-08 08:29:34
https://gamesville.com/slingo/classic,gamesville.com,1.0,2026-08-08 08:13:45,2026-08-08 08:29:07
https://winstar.com.in/,winstar.com.in,0.65,2026-08-08 08:01:56,2026-08-08 08:19:03
https://jackpocket.com/,jackpocket.com,0.55,2026-08-08 07:57:06,2026-08-08 08:14:06
https://jackpotjoy.com/,jackpotjoy.com,0.9,2026-08-08 07:57:06,2026-08-08 08:13:20
https://wptglobal.com/ms/poker-download,wptglobal.com,0.85,2026-08-08 07:48:27,2026-08-08 08:07:04
https://bovada.lv/sports,bovada.lv,1.0,2026-08-08 07:38:20,2026-08-08 07:50:04
https://play-bovadacasino.com/,play-bovadacasino.com,1.0,2026-08-08 07:38:20,2026-08-08 07:50:03
https://bovada.com/casino,bovada.com,1.0,2026-08-08 07:38:20,2026-08-08 07:50:03
https://bovada.com/,bovada.com,0.65,2026-08-08 07:38:20,2026-08-08 07:50:01
https://bovada.lv/,bovada.lv,0.75,2026-08-08 07:38:20,2026-08-08 07:50:00
https://bovada.io/casino,bovada.io,1.0,2026-08-08 07:38:20,2026-08-08 07:50:00
https://bovada.io/,bovada.io,0.95,2026-08-08 07:38:20,2026-08-08 07:49:59
https://bovada-uscasino.com/,bovada-uscasino.com,1.0,2026-08-08 07:38:20,2026-08-08 07:49:59
https://next.io/betting-sites-us/betr,next.io,1.0,2026-08-08 07:34:48,2026-08-08 07:47:52
https://content.shurzy.com/post/does-betr-picks-pay-out-fast-online-betting-guide,shurzy.com,0.7,2026-08-08 07:34:48,2026-08-08 07:47:49
https://sportsgambler.com/review/betr-picks,sportsgambler.com,1.0,2026-08-08 07:34:48,2026-08-08 07:47:43
https://oddsassist.com/dfs/betr-picks-banking-deposits-withdrawals-payout-speed,oddsassist.com,0.7,2026-08-08 07:34:48,2026-08-08 07:47:42
https://oddsassist.com/dfs/betr-vs-underdog,oddsassist.com,0.8,2026-08-08 07:34:48,2026-08-08 07:47:41
https://sports.betmgm.com/en/blog/pga/pga-tour-tournament-prize-money-payout-list-bm10,betmgm.com,1.0,2026-08-08 07:34:48,2026-08-08 07:47:34
https://skyinplay.exchange/skyinplay-casino,skyinplay.exchange,1.0,2026-08-08 07:29:38,2026-08-08 07:39:29
https://skyinplay.asia/,skyinplay.asia,0.9,2026-08-08 07:29:38,2026-08-08 07:39:28
https://skyinplay.exchange/,skyinplay.exchange,0.8,2026-08-08 07:29:38,2026-08-08 07:39:28
https://sportsbook.com/betting/sports-betting,sportsbook.com,0.6,2026-08-08 07:27:55,2026-08-08 07:38:26
https://play-aviator-india-game.click/,play-aviator-india-game.click,1.0,2026-08-08 07:25:10,2026-08-08 07:37:13
https://betr.app/picks-partner,betr.app,0.7,2026-08-08 07:22:40,2026-08-08 07:34:40
https://livedealerindia.com/,livedealerindia.com,1.0,2026-08-08 07:18:48,2026-08-08 07:31:47
https://casinocompare.org/in/live-casino,casinocompare.org,0.95,2026-08-08 07:18:48,2026-08-08 07:31:39
https://fun88-india.com/,fun88-india.com,1.0,2026-08-08 07:17:40,2026-08-08 07:29:59
https://sky-exchange.net/,sky-exchange.net,0.8,2026-08-08 07:17:23,2026-08-08 07:29:10
https://skyexch.ind.in/,skyexch.ind.in,1.0,2026-08-08 07:17:23,2026-08-08 07:29:10
https://skyexch.gg/,skyexch.gg,0.55,2026-08-08 07:17:23,2026-08-08 07:29:09
https://bxawscf.skyinplay.com/,skyinplay.com,0.55,2026-08-08 07:17:23,2026-08-08 07:29:09
https://skyexchgames.com/,skyexchgames.com,0.65,2026-08-08 07:17:23,2026-08-08 07:29:09
https://skyexchid.bet/,skyexchid.bet,0.9,2026-08-08 07:17:23,2026-08-08 07:28:56
https://fun88-india.com/home-new,fun88-india.com,1.0,2026-08-08 07:17:07,2026-08-08 07:28:55
https://skyexchangeindia.com/,skyexchangeindia.com,0.9,2026-08-08 07:17:23,2026-08-08 07:28:54
https://sky1exch.com/exchange/mobile/login/members/login,sky1exch.com,0.95,2026-08-08 07:17:23,2026-08-08 07:28:54
https://fun888inr.com/index.html,fun888inr.com,1.0,2026-08-08 07:17:07,2026-08-08 07:28:51
https://pragmaticspins.com/slots,pragmaticspins.com,0.8,2026-08-08 07:15:32,2026-08-08 07:23:26
https://slotsreach.com/providers/pragmatic-play,slotsreach.com,1.0,2026-08-08 07:15:32,2026-08-08 07:23:24
https://pragmaticplay.com/,pragmaticplay.com,0.65,2026-08-08 07:15:32,2026-08-08 07:23:23
https://pragmaticplaygaming.net/,pragmaticplaygaming.net,1.0,2026-08-08 07:15:32,2026-08-08 07:23:22
https://pragmaticplay.com/en,pragmaticplay.com,0.65,2026-08-08 07:15:10,2026-08-08 07:23:03
https://pragmaticplay.com/en/games,pragmaticplay.com,0.75,2026-08-08 07:15:10,2026-08-08 07:23:03
https://gamblino.com/casino-app,gamblino.com,1.0,2026-08-08 07:14:04,2026-08-08 07:19:54
https://gamblingauthority.org/casino-apps,gamblingauthority.org,1.0,2026-08-08 07:14:04,2026-08-08 07:19:43
https://bettingguide.com/in/casino/mobile-casinos,bettingguide.com,1.0,2026-08-08 07:14:04,2026-08-08 07:19:42
https://gambling.com/in,gambling.com,1.0,2026-08-08 07:13:19,2026-08-08 07:19:05
https://gamerules.com/online-casinos/new/india,gamerules.com,1.0,2026-08-08 07:13:19,2026-08-08 07:18:54
https://amazingarchitecture.com/articles/indias-casino-count-how-many-casinos-are-there-and-where-to-play,amazingarchitecture.com,0.7,2026-08-08 07:13:19,2026-08-08 07:18:53
https://playpro.in/,playpro.in,0.7,2026-08-08 07:07:08,2026-08-08 07:12:33
https://www-fun88.com/,www-fun88.com,0.9,2026-08-08 07:06:22,2026-08-08 07:12:22
https://skyexchangeapp.com/,skyexchangeapp.com,1.0,2026-08-08 07:06:22,2026-08-08 07:12:20
https://fun888.in/,fun888.in,1.0,2026-08-08 07:06:22,2026-08-08 07:12:20
https://m88mobile.org/index.html,m88mobile.org,0.95,2026-08-08 07:06:22,2026-08-08 07:12:18
https://parijs.in/en-in,parijs.in,1.0,2026-08-08 07:06:21,2026-08-08 07:11:47
https://dbims.in/en-in,dbims.in,1.0,2026-08-08 07:06:21,2026-08-08 07:11:46
https://fun88casinos.in/,fun88casinos.in,0.65,2026-08-08 07:06:21,2026-08-08 07:11:44
https://fun88-official-india.com/,fun88-official-india.com,1.0,2026-08-08 07:06:21,2026-08-08 07:11:43
https://m88playmy.com/,m88playmy.com,0.75,2026-08-08 07:06:21,2026-08-08 07:11:43
https://sky247india.io/,sky247india.io,0.85,2026-08-08 07:06:22,2026-08-08 07:11:43
https://baji999.casino/register,baji999.casino,1.0,2026-08-08 07:06:20,2026-08-08 07:11:29
https://88myr.com/,88myr.com,0.85,2026-08-08 07:06:21,2026-08-08 07:11:29
https://m88casino.one/,m88casino.one,0.8,2026-08-08 07:06:21,2026-08-08 07:11:29
https://linebet.en.uptodown.com/android,uptodown.com,0.55,2026-08-08 07:05:43,2026-08-08 07:10:54
https://22bet.eu/mobile-app,22bet.eu,0.6,2026-08-08 07:05:35,2026-08-08 07:10:47
https://indiabcgame.com/en/casino,indiabcgame.com,1.0,2026-08-08 07:05:37,2026-08-08 07:10:46
https://melbt.net.in/,melbt.net.in,1.0,2026-08-08 07:05:35,2026-08-08 07:10:43
https://linebet-casino1.com/,linebet-casino1.com,1.0,2026-08-08 07:05:43,2026-08-08 07:10:43
https://satbetlogin.net/,satbetlogin.net,1.0,2026-08-08 07:05:34,2026-08-08 07:10:06
https://satbethome.com/,satbethome.com,1.0,2026-08-08 07:05:34,2026-08-08 07:10:06
https://22bet.media/app,22bet.media,1.0,2026-08-08 07:05:35,2026-08-08 07:10:06
https://melbet.com.ph/en/user/login,melbet.com.ph,1.0,2026-08-08 07:05:35,2026-08-08 07:10:05
https://satbet.com.in/,satbet.com.in,1.0,2026-08-08 07:05:34,2026-08-08 07:09:53
https://satbetindia.com/en-in1,satbetindia.com,1.0,2026-08-08 07:05:34,2026-08-08 07:09:53
https://mega-pari-online.com/app,mega-pari-online.com,1.0,2026-08-08 07:05:34,2026-08-08 07:09:52
https://dazzlingindia.com/en-in/app,dazzlingindia.com,0.8,2026-08-08 07:04:47,2026-08-08 07:09:21
https://parimatchindia.ink/,parimatchindia.ink,1.0,2026-08-08 07:04:47,2026-08-08 07:09:19
https://parimatch-live.net/,parimatch-live.net,1.0,2026-08-08 07:04:47,2026-08-08 07:09:19
https://parimatch-india.com.in/,parimatch-india.com.in,1.0,2026-08-08 07:04:47,2026-08-08 07:09:18
https://stake-casino-indi.org/,stake-casino-indi.org,1.0,2026-08-08 07:04:51,2026-08-08 07:09:18
https://4rabe.co.in/casino,4rabe.co.in,1.0,2026-08-08 07:04:46,2026-08-08 07:09:10
https://4ra-bet.casino/betting/football,4ra-bet.casino,0.7,2026-08-08 07:04:46,2026-08-08 07:09:08
https://eng-ggpoker.com/,eng-ggpoker.com,1.0,2026-08-08 07:04:45,2026-08-08 07:09:00
https://en-ggpoker.com/,en-ggpoker.com,1.0,2026-08-08 07:04:45,2026-08-08 07:08:19
https://apostarlive.com/en/888casino-2025-review-en,apostarlive.com,1.0,2026-08-08 07:03:59,2026-08-08 07:08:15
https://gamblechief.com/casino/888casino,gamblechief.com,1.0,2026-08-08 07:03:59,2026-08-08 07:08:14
https://888casinoindian.com/,888casinoindian.com,1.0,2026-08-08 07:03:59,2026-08-08 07:08:12
https://eng-bwin.com/,eng-bwin.com,1.0,2026-08-08 07:03:57,2026-08-08 07:08:08
https://fortunejack-pokies.com/,fortunejack-pokies.com,1.0,2026-08-08 07:03:56,2026-08-08 07:07:42
https://eng-bwin.com/en-gb,eng-bwin.com,1.0,2026-08-08 07:03:57,2026-08-08 07:07:23
https://fortunejackslot.com/,fortunejackslot.com,1.0,2026-08-08 07:03:56,2026-08-08 07:07:22
https://atfortunejack.com/,atfortunejack.com,0.6,2026-08-08 07:03:56,2026-08-08 07:07:14
https://moneycheck.com/fortunejack-review,moneycheck.com,1.0,2026-08-08 07:03:56,2026-08-08 07:07:14
https://play-fortunejack.com/casino,play-fortunejack.com,0.85,2026-08-08 07:03:56,2026-08-08 07:07:13
https://fortunejack.com.in/,fortunejack.com.in,0.8,2026-08-08 07:03:56,2026-08-08 07:07:13
https://spin-casinoo.com/,spin-casinoo.com,1.0,2026-08-08 07:03:56,2026-08-08 07:07:12
https://casinonewsroom.com/reviews/spin-casino,casinonewsroom.com,1.0,2026-08-08 07:03:56,2026-08-08 07:06:35
https://bookmakers.net/1xbet/alternative-link,bookmakers.net,1.0,2026-08-08 07:03:35,2026-08-08 07:05:49
https://bonus.wiki/1xbet-alternative-links,bonus.wiki,0.75,2026-08-08 07:03:35,2026-08-08 07:05:46
https://onlinebetting.com/reviews/bet365,onlinebetting.com,1.0,2026-08-08 07:03:34,2026-08-08 07:05:38
https://sportshandle.com/bet365-sportsbook,sportshandle.com,0.6,2026-08-08 07:03:34,2026-08-08 07:05:38
https://1x2bet-en.com/what-is-a-1xbet-mirror-and-how-can-i-find-one,1x2bet-en.com,0.55,2026-08-08 07:03:35,2026-08-08 07:05:38
https://1x2bet-en.com/1xbet-mirror-alternative-access-to-the-website,1x2bet-en.com,0.55,2026-08-08 07:03:35,2026-08-08 07:05:38
https://20-bet.com/,20-bet.com,1.0,2026-08-08 07:03:33,2026-08-08 07:04:50
https://20betcasino2026.com/app.html,20betcasino2026.com,0.7,2026-08-08 07:03:33,2026-08-08 07:04:49
https://bet365-global.net/en-in,bet365-global.net,1.0,2026-08-08 07:03:32,2026-08-08 07:04:09
https://surebets.bet/news/bet365-mirror-sites/21593101,surebets.bet,0.7,2026-08-08 07:03:33,2026-08-08 07:04:09
https://20bets.in/sports.html,20bets.in,0.95,2026-08-08 07:03:33,2026-08-08 07:04:08
https://1xbit.global/about,1xbit.global,1.0,2026-08-08 07:03:32,2026-08-08 07:04:07
https://1xbitcasino.com/,1xbitcasino.com,1.0,2026-08-08 07:03:32,2026-08-08 07:04:05
https://1xbite.com/index.html,1xbite.com,1.0,2026-08-08 07:03:32,2026-08-08 07:04:01
https://1xbit.global/,1xbit.global,1.0,2026-08-08 07:03:32,2026-08-08 07:04:01
https://thelotter.com/lottery-tickets,thelotter.com,0.7,2026-08-08 07:01:56,2026-08-08 07:02:04
https://thelotter.com.in/,thelotter.com.in,0.7,2026-08-08 07:01:56,2026-08-08 07:02:03
https://fairplay-co.com/,fairplay-co.com,1.0,2026-08-08 07:00:22,2026-08-08 07:00:29
https://thelotter.com/,thelotter.com,0.9,2026-08-08 06:58:14,2026-08-08 06:58:47
https://lotteryngo.com/best-online-lottery-sites,lotteryngo.com,1.0,2026-08-08 06:58:14,2026-08-08 06:58:46
https://thecricketpanda.com/ipl-betting-apps,thecricketpanda.com,1.0,2026-08-08 06:55:28,2026-08-08 06:55:57
https://thebettingprofessionals.com/list/best-ipl-betting-apps-and-sites,thebettingprofessionals.com,0.65,2026-08-08 06:55:28,2026-08-08 06:55:56
https://bettingguide.com/in/betting/betting-apps/cricket/ipl,bettingguide.com,0.9,2026-08-08 06:55:28,2026-08-08 06:55:55
https://ipl-india.com/,ipl-india.com,0.65,2026-08-08 06:55:28,2026-08-08 06:55:54
https://indibetindia.com/games,indibetindia.com,1.0,2026-08-08 06:51:20,2026-08-08 06:53:06
https://wwwbajilive.net/en,wwwbajilive.net,0.7,2026-08-08 06:51:12,2026-08-08 06:52:56
https://indi-bet.in/,indi-bet.in,0.8,2026-08-08 06:51:20,2026-08-08 06:52:56
https://indibetind.in/,indibetind.in,1.0,2026-08-08 06:51:20,2026-08-08 06:52:56
https://indibetcom.in/,indibetcom.in,1.0,2026-08-08 06:51:20,2026-08-08 06:52:56
https://1win-official-india.com/,1win-official-india.com,1.0,2026-08-08 06:50:35,2026-08-08 06:52:55
https://in.indibet.in/,indibet.in,0.9,2026-08-08 06:51:20,2026-08-08 06:52:54
https://in.indibet.in/casino,indibet.in,1.0,2026-08-08 06:51:20,2026-08-08 06:52:54
https://fairplays.org.in/,fairplays.org.in,1.0,2026-08-08 06:50:29,2026-08-08 06:52:20
https://bcgameindian.com/,bcgameindian.com,0.9,2026-08-08 06:50:33,2026-08-08 06:52:19
https://betting.bc.game/bc-game-india,bc.game,1.0,2026-08-08 06:50:33,2026-08-08 06:52:18
https://1winslot.in/,1winslot.in,1.0,2026-08-08 06:50:35,2026-08-08 06:52:18
https://fairplay.ing/,fairplay.ing,0.95,2026-08-08 06:50:29,2026-08-08 06:52:06
https://mfairplay.com/login.html,mfairplay.com,0.6,2026-08-08 06:50:29,2026-08-08 06:52:04
https://mostbet.io.in/en-in,mostbet.io.in,1.0,2026-08-08 06:49:41,2026-08-08 06:51:17
https://mostbet-ind.in/en-in/mobile-app,mostbet-ind.in,0.9,2026-08-08 06:49:41,2026-08-08 06:51:17
https://melbet.com/en,melbet.com,1.0,2026-08-08 06:49:44,2026-08-08 06:51:17
https://melbetindia.org/casino,melbetindia.org,1.0,2026-08-08 06:49:44,2026-08-08 06:51:17
https://mostbet-ind.in/en-in,mostbet-ind.in,1.0,2026-08-08 06:49:41,2026-08-08 06:51:16
https://mostbet-india1.net/,mostbet-india1.net,1.0,2026-08-08 06:49:41,2026-08-08 06:51:16
https://melbet.com/en/line,melbet.com,1.0,2026-08-08 06:49:44,2026-08-08 06:51:16
https://melbetindia.org/,melbetindia.org,1.0,2026-08-08 06:49:44,2026-08-08 06:51:16
https://mostbetsite.com/,mostbetsite.com,0.55,2026-08-08 06:49:41,2026-08-08 06:51:15
https://india-mostbets.com/,india-mostbets.com,1.0,2026-08-08 06:49:41,2026-08-08 06:51:14
https://india-stake.com/mobile_app,india-stake.com,1.0,2026-08-08 06:49:24,2026-08-08 06:50:38
https://megapari-ind.com/,megapari-ind.com,0.95,2026-08-08 06:49:39,2026-08-08 06:50:38
https://en-usa-stake.com/,en-usa-stake.com,1.0,2026-08-08 06:49:24,2026-08-08 06:50:37
https://megapari.plus/en-in/app,megapari.plus,0.85,2026-08-08 06:49:39,2026-08-08 06:50:37
https://1xbet.com.zm/en,1xbet.com.zm,0.55,2026-08-08 06:48:55,2026-08-08 06:50:29
https://4ra-bet.online/,4ra-bet.online,1.0,2026-08-08 06:48:34,2026-08-08 06:50:28
https://4rabe.co.in/app-download,4rabe.co.in,1.0,2026-08-08 06:48:36,2026-08-08 06:50:28
https://1-xbetindia.com/en/login,1-xbetindia.com,0.6,2026-08-08 06:49:22,2026-08-08 06:50:28
https://stake-casino.guru/stake-mirror-list,stake-casino.guru,0.9,2026-08-08 06:49:24,2026-08-08 06:50:28
https://bettingguide.com/in/operator/4rabet/app,bettingguide.com,0.85,2026-08-08 06:48:36,2026-08-08 06:50:27
https://t.1xbet.com/en/user/login,1xbet.com,1.0,2026-08-08 06:48:55,2026-08-08 06:50:26
https://t.1xbet.com/en/live,1xbet.com,0.65,2026-08-08 06:48:55,2026-08-08 06:50:26
https://t.1xbet.com/en/line,1xbet.com,0.75,2026-08-08 06:49:22,2026-08-08 06:50:26
https://4rabe.co.in/,4rabe.co.in,1.0,2026-08-08 06:48:01,2026-08-08 06:49:47
https://4rabet.one/,4rabet.one,0.85,2026-08-08 06:48:01,2026-08-08 06:49:47
https://thecricketpanda.com/cricket-betting-apps,thecricketpanda.com,1.0,2026-08-08 06:47:41,2026-08-08 06:49:35
https://indiafantasy.com/cricket-betting/apps,indiafantasy.com,1.0,2026-08-08 06:47:41,2026-08-08 06:49:35
https://bettingguide.com/in/betting/betting-apps/cricket,bettingguide.com,1.0,2026-08-08 06:47:41,2026-08-08 06:49:34
https://thebettingprofessionals.com/list/cricket-betting-sites,thebettingprofessionals.com,1.0,2026-08-08 06:47:41,2026-08-08 06:49:34
https://cricketbettingadvice.com/best-cricket-betting-apps,cricketbettingadvice.com,1.0,2026-08-08 06:47:41,2026-08-08 06:49:33
https://thetopbookies.com/betting-apps/cricket,thetopbookies.com,1.0,2026-08-08 06:47:41,2026-08-08 06:49:33
https://snbet.se/ipl-odds,snbet.se,0.65,2026-08-08 06:47:38,2026-08-08 06:49:32
https://4rabett.com/,4rabett.com,1.0,2026-08-08 06:48:01,2026-08-08 06:49:32
https://4ra-bet.casino/,4ra-bet.casino,1.0,2026-08-08 06:48:01,2026-08-08 06:49:32
https://bovada.lv/sports/cricket,bovada.lv,0.65,2026-08-08 06:47:38,2026-08-08 06:49:03
https://olbg.com/betting-tips/Cricket/7,olbg.com,0.95,2026-08-08 06:47:38,2026-08-08 06:49:01
https://livescore.com/en-gb/betting-sites/ipl/india,livescore.com,1.0,2026-08-08 06:47:38,2026-08-08 06:49:01
https://vegasslotsonline.com/in/no-deposit-bonuses,vegasslotsonline.com,1.0,2026-08-08 06:46:34,2026-08-08 06:48:09
https://casinoreviews.com/in/casino-bonuses/no-deposit-bonuses,casinoreviews.com,1.0,2026-08-08 06:46:34,2026-08-08 06:47:54
https://casinoalpha.com/en/no-deposit,casinoalpha.com,1.0,2026-08-08 06:46:34,2026-08-08 06:47:54
https://adventuregamers.com/guides/blackjack-house-edge,adventuregamers.com,0.9,2026-08-08 06:44:28,2026-08-08 06:46:37
https://blackjackreview.com/wp/2026/03/14/what-is-the-house-edge-in-blackjack,blackjackreview.com,0.75,2026-08-08 06:44:28,2026-08-08 06:46:06
https://riverwind.com/blog/casino-games-with-the-lowest-house-edge,riverwind.com,0.6,2026-08-08 06:44:28,2026-08-08 06:45:51
https://wizardofodds.com/gambling/house-edge,wizardofodds.com,1.0,2026-08-08 06:44:28,2026-08-08 06:45:50
https://4rabet-web.com/,4rabet-web.com,1.0,2026-08-08 06:42:17,2026-08-08 06:42:48
https://riverwind.com/blog/what-casino-games-offer-the-best-chances-of-winning,riverwind.com,0.6,2026-08-08 06:40:54,2026-08-08 06:41:29
https://skrill.com/en/skrill-news/gaming/types-gambling-games,skrill.com,0.85,2026-08-08 06:40:54,2026-08-08 06:41:28
https://wizardofodds.com/play,wizardofodds.com,1.0,2026-08-08 06:40:54,2026-08-08 06:41:25
https://bovada.lv/casino,bovada.lv,0.85,2026-08-08 06:40:54,2026-08-08 06:41:25
https://casino.harringtonraceway.com/best-casino-games-for-beginners,harringtonraceway.com,0.65,2026-08-08 06:40:53,2026-08-08 06:41:24
https://treasureisland.com/casino/casino-games,treasureisland.com,0.85,2026-08-08 06:40:54,2026-08-08 06:41:22
https://sportsline.com/casinos/games,sportsline.com,1.0,2026-08-08 06:40:53,2026-08-08 06:41:07
https://riverwind.com/blog/most-popular-casino-games,riverwind.com,0.6,2026-08-08 06:40:53,2026-08-08 06:41:06
https://casino.hardrock.com/hollywood/casino/table-games,hardrock.com,0.95,2026-08-08 06:40:53,2026-08-08 06:41:04
https://casinogames.com/,casinogames.com,0.75,2026-08-08 06:40:53,2026-08-08 06:41:03
https://lotteryworld.com/lottoindia,lotteryworld.com,0.85,2026-08-08 06:37:39,2026-08-08 06:37:50
https://win.bet/en,win.bet,0.55,2026-08-08 06:18:39,2026-08-08 06:19:35
https://winwinscasino.net/en,winwinscasino.net,1.0,2026-08-08 06:18:39,2026-08-08 06:19:35
https://bass-win.uk.net/login,uk.net,1.0,2026-08-08 06:18:37,2026-08-08 06:19:34
https://basswin-casino.org/,basswin-casino.org,0.8,2026-08-08 06:18:37,2026-08-08 06:19:33
https://bass-win.com/,bass-win.com,1.0,2026-08-08 06:18:37,2026-08-08 06:19:32
https://bass-winn.com/,bass-winn.com,1.0,2026-08-08 06:18:37,2026-08-08 06:19:32
https://1wincasino-india.com/,1wincasino-india.com,1.0,2026-08-08 06:18:38,2026-08-08 06:19:32
https://registration-basswin.com/en,registration-basswin.com,1.0,2026-08-08 06:18:37,2026-08-08 06:18:43
https://bass.win/,bass.win,0.55,2026-08-08 06:18:37,2026-08-08 06:18:43
https://bass-win.pro/app,bass-win.pro,1.0,2026-08-08 06:18:37,2026-08-08 06:18:42
https://sevenstarsinsider.com/caesars-new-orleans,sevenstarsinsider.com,0.55,2026-08-08 05:59:36,2026-08-08 06:00:22
https://casinos.com/destinations/louisiana/caesars-new-orleans,casinos.com,1.0,2026-08-08 05:59:34,2026-08-08 05:59:45
https://neworleanschamber.org/list/member/caesars-new-orleans-385,neworleanschamber.org,0.6,2026-08-08 05:59:34,2026-08-08 05:59:45
https://nustarphilippines.com/,nustarphilippines.com,0.9,2026-08-08 05:46:44,2026-08-08 05:46:48
https://nustargame.asia/,nustargame.asia,0.9,2026-08-08 05:46:44,2026-08-08 05:46:47
https://nustargame.asia/nustar-game-casino,nustargame.asia,1.0,2026-08-08 05:46:44,2026-08-08 05:46:47
https://nustar.sbs/,nustar.sbs,0.9,2026-08-08 05:46:44,2026-08-08 05:46:46
https://nustargameapp.com.ph/,nustargameapp.com.ph,0.85,2026-08-08 05:46:44,2026-08-08 05:46:46
https://nustar.sbs/about-nustar.html,nustar.sbs,0.55,2026-08-08 05:46:44,2026-08-08 05:46:46
https://arkadium.com/free-online-games/poker,arkadium.com,0.55,2026-08-08 05:27:29,2026-08-08 05:27:38
https://riverwind.com/blog/how-to-play-poker,riverwind.com,0.6,2026-08-08 05:27:29,2026-08-08 05:27:38
https://bicyclecards.com/how-to-play/basics-of-poker,bicyclecards.com,0.65,2026-08-08 05:27:29,2026-08-08 05:27:35
https://indiafantasy.com/casino,indiafantasy.com,1.0,2026-08-08 05:22:16,2026-08-08 05:22:21
https://rajabets.lol/,rajabets.lol,1.0,2026-08-08 05:14:13,2026-08-08 05:14:20
https://thetrader.bet/matched-betting,thetrader.bet,1.0,2026-08-08 05:06:04,2026-08-08 05:06:12
https://volair.io/best-list,volair.io,1.0,2026-08-08 04:59:28,2026-08-08 04:59:40
https://pressbanner.com/best-no-kyc-casinos,pressbanner.com,1.0,2026-08-08 04:59:28,2026-08-08 04:59:39
https://globalextramoney.com/casino/anonymous-bitcoin-casinos,globalextramoney.com,1.0,2026-08-08 04:59:28,2026-08-08 04:59:39
https://countryqueer.com/gambling/best-no-kyc-casinos,countryqueer.com,1.0,2026-08-08 04:59:28,2026-08-08 04:59:39
https://cointrust.com/crypto-casinos/anonymous-crypto-casinos,cointrust.com,1.0,2026-08-08 04:59:28,2026-08-08 04:59:39
https://anonymouscasino.ltd/,anonymouscasino.ltd,1.0,2026-08-08 04:59:28,2026-08-08 04:59:38
https://luckland.com/blog/best-anonymous-casinos-for-private-gambling,luckland.com,1.0,2026-08-08 04:59:28,2026-08-08 04:59:38
https://anonymouscasinos.ltd/,anonymouscasinos.ltd,1.0,2026-08-08 04:59:28,2026-08-08 04:59:38
https://thebest.no-kyc-casino2026.org/,no-kyc-casino2026.org,0.85,2026-08-08 04:59:28,2026-08-08 04:59:37
https://bitcoinchaser.com/anonymous-casinos,bitcoinchaser.com,1.0,2026-08-08 04:59:28,2026-08-08 04:59:37
https://coingambling.info/casinos/anonymous,coingambling.info,1.0,2026-08-08 04:59:28,2026-08-08 04:59:35
https://studioamplify.com/top-sites,studioamplify.com,1.0,2026-08-08 04:59:28,2026-08-08 04:59:34
https://gamblingnews.com/sports/bovada,gamblingnews.com,1.0,2026-08-08 04:49:24,2026-08-08 04:49:50
https://mytopsportsbooks.com/reviews/bovada-us-sportsbook,mytopsportsbooks.com,1.0,2026-08-08 04:49:24,2026-08-08 04:49:49
https://saasgenius.com/reviews/unity-review,saasgenius.com,0.7,2026-08-08 04:46:13,2026-08-08 04:46:46
https://cincinnati.com/story/sports/best-ohio-online-casinos/87700483007,cincinnati.com,0.6,2026-08-08 04:42:48,2026-08-08 04:44:44
https://worldcasinodirectory.com/ohio,worldcasinodirectory.com,1.0,2026-08-08 04:42:48,2026-08-08 04:44:43
https://ohbetting.com/casino,ohbetting.com,1.0,2026-08-08 04:39:57,2026-08-08 04:40:08
https://ohbetting.com/casino/columbus,ohbetting.com,0.9,2026-08-08 04:39:57,2026-08-08 04:40:07
https://casinoreviewbank.com/ohio/columbus,casinoreviewbank.com,1.0,2026-08-08 04:39:57,2026-08-08 04:40:05
https://casinosmap.com/ohio,casinosmap.com,0.9,2026-08-08 04:39:57,2026-08-08 04:40:03
https://flopturnriver.com/poker-strategy/the-importance-of-bonuses-and-rakeback-19571,flopturnriver.com,0.65,2026-08-08 04:27:09,2026-08-08 04:27:17
https://ballislife.com/betting/reviews/stake-us/rakeback,ballislife.com,1.0,2026-08-08 04:27:09,2026-08-08 04:27:13
https://rakeback.com/news/rakeback-cashback-and-casino-bonuses-how-smart-players-maximize-online-casino-rewards,rakeback.com,0.8,2026-08-08 04:27:10,2026-08-08 04:27:13
https://rakeback.com/news/types-of-promotions-and-loyalty-rewards,rakeback.com,0.9,2026-08-08 04:27:10,2026-08-08 04:27:13
https://legaluspokersites.com/blogs/rakeback-vs-bonuses,legaluspokersites.com,0.9,2026-08-08 04:27:09,2026-08-08 04:27:12
https://stakebonus.com/rakeback,stakebonus.com,1.0,2026-08-08 04:27:10,2026-08-08 04:27:11
https://iclg.com/practice-areas/gambling-laws-and-regulations/india,iclg.com,0.75,2026-08-08 04:20:18,2026-08-08 04:20:22
https://bettingguide.com/in,bettingguide.com,1.0,2026-08-08 04:20:18,2026-08-08 04:20:21
https://thebettingprofessionals.com/list/india-betting-sites,thebettingprofessionals.com,0.95,2026-08-08 04:17:28,2026-08-08 04:18:04
https://indbingo.app/,indbingo.app,0.55,2026-08-08 04:17:58,2026-08-08 04:18:03
https://indiabingo.net/,indiabingo.net,1.0,2026-08-08 04:17:58,2026-08-08 04:18:02
https://rebelbetting.com/en-us,rebelbetting.com,0.75,2026-08-08 04:14:28,2026-08-08 04:14:38
https://bethq.com/blog/rebel-betting-review,bethq.com,0.7,2026-08-08 04:14:28,2026-08-08 04:14:34
https://onlinebettingindia.co.in/,onlinebettingindia.co.in,0.55,2026-08-08 03:57:05,2026-08-08 03:57:08
https://admiralcasino-uk.co.uk/,admiralcasino-uk.co.uk,1.0,2026-08-08 03:46:17,2026-08-08 03:46:22
https://meccabingo.com/,meccabingo.com,0.8,2026-08-08 03:32:01,2026-08-08 03:33:32
https://caesarsgames.com/slots,caesarsgames.com,0.65,2026-08-08 03:26:53,2026-08-08 03:27:23
https://caesarsgames.com/free-slot-games/new,caesarsgames.com,0.55,2026-08-08 03:26:53,2026-08-08 03:27:23
https://caesarsgames.com/free-slot-games/free-spins,caesarsgames.com,0.55,2026-08-08 03:26:53,2026-08-08 03:27:04
https://caesarsgames.com/free-slot-games/best-online-slots,caesarsgames.com,0.65,2026-08-08 03:26:53,2026-08-08 03:27:04
https://caesarsgames.com/free-slot-games,caesarsgames.com,0.65,2026-08-08 03:26:53,2026-08-08 03:27:03
https://caesarsgames.com/,caesarsgames.com,0.85,2026-08-08 03:26:53,2026-08-08 03:27:02
https://caesarspalaceonline.com/,caesarspalaceonline.com,1.0,2026-08-08 03:26:53,2026-08-08 03:27:01
https://stakecasino.com/guides/games,stakecasino.com,1.0,2026-08-08 03:17:35,2026-08-08 03:17:45
https://vipcasino.online/,vipcasino.online,0.55,2026-08-08 02:52:53,2026-08-08 02:53:15
https://gamblingguy.com/in/online-casino/vip,gamblingguy.com,1.0,2026-08-08 02:52:53,2026-08-08 02:53:15
https://casino.all-in.global/vip,all-in.global,1.0,2026-08-08 02:52:53,2026-08-08 02:53:15
https://casinos.com/vip-casinos,casinos.com,1.0,2026-08-08 02:52:53,2026-08-08 02:53:14
https://casinoreviews.com/in/vip-casinos,casinoreviews.com,1.0,2026-08-08 02:52:53,2026-08-08 02:53:14
https://inochisketch.com/reload-casino-bonuses,inochisketch.com,1.0,2026-08-08 02:48:53,2026-08-08 02:49:14
https://matchedbettingbasics.com/profit-accumulator-review/reload-offers,matchedbettingbasics.com,0.55,2026-08-08 02:48:53,2026-08-08 02:49:12
https://beatingbetting.co.uk/basics/reload-offers,beatingbetting.co.uk,1.0,2026-08-08 02:48:53,2026-08-08 02:48:58
https://paylinedata.com/blog/reload-bonuses,paylinedata.com,0.8,2026-08-08 02:48:53,2026-08-08 02:48:57
https://aiprofit.uk/home/how-it-works/reload-offers,aiprofit.uk,0.75,2026-08-08 02:48:53,2026-08-08 02:48:57
https://basketballsphere.com/en/reload-bonuses,basketballsphere.com,0.9,2026-08-08 02:48:53,2026-08-08 02:48:57
https://thebestbettingodds.com/learn/matched-betting/reload-offers,thebestbettingodds.com,0.55,2026-08-08 02:48:53,2026-08-08 02:48:57
https://slotark.com/casinos/betfury,slotark.com,1.0,2026-08-08 02:26:51,2026-08-08 02:28:15
https://casinopedia.com/betfury,casinopedia.com,1.0,2026-08-08 02:26:51,2026-08-08 02:28:15
https://bf1.io/boxes/all,bf1.io,0.7,2026-08-08 02:26:51,2026-08-08 02:28:14
https://sportsgambler.com/review/betfury,sportsgambler.com,1.0,2026-08-08 02:26:50,2026-08-08 02:27:27
https://bf1.io/promo/no-deposit-bonus,bf1.io,1.0,2026-08-08 02:26:50,2026-08-08 02:27:26
https://bf1.io/,bf1.io,1.0,2026-08-08 02:26:50,2026-08-08 02:27:25
https://worldpokerdeals.com/online-casinos/betfury-casino-review,worldpokerdeals.com,1.0,2026-08-08 02:26:51,2026-08-08 02:27:25
https://sportsline.com/casinos/bonuses/no-deposit-bonus,sportsline.com,1.0,2026-08-08 02:23:37,2026-08-08 02:23:42
https://sportsline.com/casinos/best-welcome-bonuses-right-now,sportsline.com,1.0,2026-08-08 02:23:37,2026-08-08 02:23:42
https://thelines.com/casino/bonuses/no-deposit,thelines.com,1.0,2026-08-08 02:23:37,2026-08-08 02:23:41
https://freep.com/story/sports/best-no-deposit-bonus-codes-right-now/87201074007,freep.com,1.0,2026-08-08 02:23:37,2026-08-08 02:23:40
https://coinpoker.com/online-poker/features,coinpoker.com,0.75,2026-08-08 02:06:28,2026-08-08 02:06:32
https://coinpoker.com/games,coinpoker.com,0.75,2026-08-08 02:06:28,2026-08-08 02:06:32
https://coinpoker.com/online-poker/mobile-apps,coinpoker.com,0.75,2026-08-08 02:06:28,2026-08-08 02:06:31
https://bestonlinebookmakers.com/top-bookmakers-rating.html,bestonlinebookmakers.com,0.7,2026-08-08 01:36:29,2026-08-08 01:37:20
https://smartbettingguide.com/best-bookmaker-asia,smartbettingguide.com,0.85,2026-08-08 01:36:29,2026-08-08 01:37:20
https://next.io/betting-sites-uk/guide/in-play-betting,next.io,1.0,2026-08-08 01:36:11,2026-08-08 01:37:10
https://gamblingcommission.gov.uk/licensees-and-businesses/guide/in-play-or-in-running-betting,gamblingcommission.gov.uk,0.75,2026-08-08 01:36:11,2026-08-08 01:37:08
https://news.williamhill.com/betting-guides/in-play-betting,williamhill.com,0.9,2026-08-08 01:36:11,2026-08-08 01:37:08
https://ballycasino.co.uk/online-games/blog/sports/what-is-in-play-betting,ballycasino.co.uk,1.0,2026-08-08 01:36:11,2026-08-08 01:36:35
https://ballybet.com/how-to-bet/live-betting,ballybet.com,0.65,2026-08-08 01:36:11,2026-08-08 01:36:34
https://toffeeweb.com/in-play-betting-explained,toffeeweb.com,1.0,2026-08-08 01:36:11,2026-08-08 01:36:34
https://thelines.com/betting/guides/in-play,thelines.com,1.0,2026-08-08 01:36:11,2026-08-08 01:36:33
https://time2play.com/betting/live,time2play.com,1.0,2026-08-08 01:36:11,2026-08-08 01:36:32
https://thelines.com/betting/in-play,thelines.com,1.0,2026-08-08 01:36:11,2026-08-08 01:36:21
https://vegasodds.com/betting101/terms/in-play-bet,vegasodds.com,0.8,2026-08-08 01:36:11,2026-08-08 01:36:21
https://sportsline.com/sportsbooks/bet365,sportsline.com,0.95,2026-08-08 01:20:08,2026-08-08 01:20:29
https://bettingusa.com/banking/prepaid-cards,bettingusa.com,0.8,2026-08-08 01:20:08,2026-08-08 01:20:28
https://bet-at-home.dataprot.net/,dataprot.net,1.0,2026-08-08 01:20:08,2026-08-08 01:20:26
https://topcashback.co.uk/category/gambling,topcashback.co.uk,0.75,2026-08-08 01:20:08,2026-08-08 01:20:26
https://bookiesbonuses.com/bet-at-home,bookiesbonuses.com,0.9,2026-08-08 01:20:08,2026-08-08 01:20:25
https://sportsbetting18.com/banking/vouchers,sportsbetting18.com,0.6,2026-08-08 01:20:08,2026-08-08 01:20:17
https://vouchercloud.com/bet365-vouchers,vouchercloud.com,1.0,2026-08-08 01:20:08,2026-08-08 01:20:15
https://win.gg/online-casinos/bonus,win.gg,1.0,2026-08-08 00:59:41,2026-08-08 01:03:50
https://casinos.com/bonus,casinos.com,1.0,2026-08-08 00:59:41,2026-08-08 01:03:50
https://bestonlinecasino.com/india/bonus,bestonlinecasino.com,1.0,2026-08-08 00:59:41,2026-08-08 01:03:48
https://casino.com/in/bonuses,casino.com,1.0,2026-08-08 00:59:41,2026-08-08 01:03:47
https://zyngaplay.com/,zyngaplay.com,0.55,2026-08-08 00:21:55,2026-08-08 00:42:20
https://nodepositkings.com/match-casino-bonus,nodepositkings.com,1.0,2026-08-08 00:18:13,2026-08-08 00:41:10
https://casinoguideline.com/casino-bonus-match-bonus.htm,casinoguideline.com,0.65,2026-08-08 00:18:13,2026-08-08 00:41:00
https://portugoal.net/club-news/4496-what-are-match-bonuses-and-how-do-they-add-to-the-football-fan-experience,portugoal.net,0.55,2026-08-08 00:18:13,2026-08-08 00:41:00
https://judgecasino.com/online-casino-bonuses/match-bonuses,judgecasino.com,1.0,2026-08-08 00:18:12,2026-08-08 00:40:19
https://no-deposit-bonus-usa.com/casino-bonuses/match-bonuses,no-deposit-bonus-usa.com,0.9,2026-08-08 00:18:12,2026-08-08 00:40:14
https://sportsline.com/casinos/bonuses,sportsline.com,1.0,2026-08-08 00:18:13,2026-08-08 00:40:14
https://rg.org/guides/responsible-gambling/how-to-use-match-bonuses,rg.org,0.9,2026-08-08 00:18:12,2026-08-08 00:40:13
https://rg.org/bonuses/match-bonuses,rg.org,0.9,2026-08-08 00:18:13,2026-08-08 00:40:12
https://bestcasinos.com/bonus/match-bonuses,bestcasinos.com,1.0,2026-08-08 00:18:13,2026-08-08 00:40:12
https://collegeinsider.com/understand-online-casino-bonuses-which-fits-you-best,collegeinsider.com,1.0,2026-08-08 00:18:13,2026-08-08 00:40:12
https://track360.io/glossary/match-bonus,track360.io,0.9,2026-08-08 00:18:12,2026-08-08 00:40:11
https://matchbonuscasinos.com/how-a-match-bonus-works.html,matchbonuscasinos.com,0.8,2026-08-08 00:18:13,2026-08-08 00:40:11
https://mytechnologyhubs.com/match-bonus,mytechnologyhubs.com,1.0,2026-08-08 00:18:13,2026-08-08 00:40:10
https://5staronlinecasino.com/match-deposit-bonuses.html,5staronlinecasino.com,0.75,2026-08-08 00:18:13,2026-08-08 00:40:10
https://cbinsights.com/company/ballybet,cbinsights.com,0.9,2026-08-08 00:18:11,2026-08-08 00:39:24
https://casinos.ballys.com/tiverton/sportsbook.htm,ballys.com,0.55,2026-08-08 00:18:12,2026-08-08 00:39:24
https://rg.org/sportsbooks/review/ballybet,rg.org,1.0,2026-08-08 00:18:11,2026-08-08 00:38:37
https://thelines.com/betting/bally-bet-sportsbook,thelines.com,1.0,2026-08-08 00:18:11,2026-08-08 00:38:36
https://bally-bet.us/en-us,bally-bet.us,1.0,2026-08-08 00:18:11,2026-08-08 00:38:34
https://ballybet.com/co,ballybet.com,0.8,2026-08-08 00:18:11,2026-08-08 00:38:34
https://sportsbooksonline.com/bally-bet,sportsbooksonline.com,1.0,2026-08-08 00:18:11,2026-08-08 00:38:34
https://bettingbonus.com/sportsbooks/bally-bet,bettingbonus.com,0.55,2026-08-08 00:18:11,2026-08-08 00:38:34
https://profitduel.com/sportsbook-promos/bally-bet,profitduel.com,1.0,2026-08-08 00:18:08,2026-08-08 00:37:49
https://ballybet.com/in,ballybet.com,0.55,2026-08-08 00:18:08,2026-08-08 00:37:48
https://thelines.com/bally-bet-sportsbook,thelines.com,1.0,2026-08-08 00:18:08,2026-08-08 00:37:48
https://ballybet.com/ma,ballybet.com,0.65,2026-08-08 00:18:08,2026-08-08 00:37:48
https://ballybet.com/states-where-sports-betting-is-legal,ballybet.com,0.8,2026-08-08 00:18:09,2026-08-08 00:37:48
https://bettingusa.com/sports/reviews/ballybet,bettingusa.com,0.65,2026-08-08 00:18:08,2026-08-08 00:37:31
https://profitduel.com/sportsbook-reviews/bally-bet,profitduel.com,0.75,2026-08-08 00:18:08,2026-08-08 00:37:30
https://ballislife.com/betting/reviews/bally-bet,ballislife.com,1.0,2026-08-08 00:18:08,2026-08-08 00:37:30
https://fanaticsinc.com/press-releases/fanatics-casino-launches-with-2-million-fancash-drop,fanaticsinc.com,1.0,2026-08-08 00:11:19,2026-08-08 00:31:41
https://betfanatics.com/,betfanatics.com,1.0,2026-08-08 00:11:19,2026-08-08 00:31:25
https://affnook.com/what-is-a-wagering-requirement,affnook.com,1.0,2026-08-07 23:58:40,2026-08-08 00:23:08
https://amwager.com/,amwager.com,0.6,2026-08-07 23:58:40,2026-08-08 00:22:54
https://next.io/online-casinos-us/guide/what-are-wagering-requirements,next.io,1.0,2026-08-07 23:58:40,2026-08-08 00:22:50
https://zyngaplay.com/casino/zynga-poker,zyngaplay.com,0.55,2026-08-07 23:54:55,2026-08-08 00:21:12
https://raketherake.com/,raketherake.com,0.85,2026-08-07 23:49:08,2026-08-08 00:14:24
https://plo365.com/rakeback-deals,plo365.com,0.55,2026-08-07 23:49:08,2026-08-08 00:14:24
https://rakerace.com/,rakerace.com,0.8,2026-08-07 23:49:08,2026-08-08 00:14:22
https://bonusinsider.com/poker/rakeback-bonus,bonusinsider.com,1.0,2026-08-07 23:49:08,2026-08-08 00:14:21
https://rakeback.com/promotions/888poker-the-big-deal-1536,rakeback.com,0.55,2026-08-07 23:49:08,2026-08-08 00:14:20
https://highstakesdb.com/deals/us-poker-deals,highstakesdb.com,0.65,2026-08-07 23:49:08,2026-08-08 00:14:20
https://next.io/sweepstakes-casinos-us/rakeback,next.io,1.0,2026-08-07 23:49:08,2026-08-08 00:14:06
https://rakeadvisory.com/rakeback-deals,rakeadvisory.com,0.55,2026-08-07 23:49:08,2026-08-08 00:14:05
https://worldpokerdeals.com/rakeback-deals/wpt-global-review,worldpokerdeals.com,1.0,2026-08-07 23:49:08,2026-08-08 00:14:04
https://bonuscodes.com/,bonuscodes.com,1.0,2026-08-07 23:46:19,2026-08-08 00:11:38
https://allfreechips.com/no-deposit-casinos,allfreechips.com,1.0,2026-08-07 23:46:19,2026-08-08 00:11:31
https://bonusfinder.com/casino-bonus,bonusfinder.com,1.0,2026-08-07 23:46:19,2026-08-08 00:11:29
https://vegasslotsonline.com/no-deposit-bonuses,vegasslotsonline.com,1.0,2026-08-07 23:46:19,2026-08-08 00:11:28
https://nodeposithero.com/free-spins,nodeposithero.com,1.0,2026-08-07 23:38:33,2026-08-08 00:07:47
https://win.gg/online-casinos/bonus/free-spins,win.gg,1.0,2026-08-07 23:38:33,2026-08-08 00:07:42
https://bettingguide.com/in/casino/casino-bonuses/free-spins,bettingguide.com,1.0,2026-08-07 23:38:33,2026-08-08 00:07:41
https://casinos.com/bonus/free-spins,casinos.com,1.0,2026-08-07 23:38:33,2026-08-08 00:07:41
https://oddsreference.com/sports/learn/what-is-a-parlay,oddsreference.com,0.8,2026-08-07 23:35:28,2026-08-08 00:06:04
https://pokerlistings.com/poker-guides/poker-hands,pokerlistings.com,0.8,2026-08-07 23:34:01,2026-08-08 00:05:36
https://aviatorsmart.com/games/aviator,aviatorsmart.com,1.0,2026-08-07 23:31:03,2026-08-08 00:04:37
https://draftkingsindia.com/,draftkingsindia.com,1.0,2026-08-07 23:29:30,2026-08-08 00:03:40
https://footballpredictions.net/football-predictions-free-betting-tips,footballpredictions.net,0.55,2026-08-07 23:25:26,2026-08-08 00:01:01
https://stake.net.ng/en-in,stake.net.ng,1.0,2026-08-07 23:20:41,2026-08-07 23:58:48
https://legaluspokersites.com/real-money,legaluspokersites.com,1.0,2026-08-07 23:14:04,2026-08-07 23:54:58
https://ignitioncasino.eu/poker,ignitioncasino.eu,0.65,2026-08-07 23:14:04,2026-08-07 23:54:58
https://coinpoker.com/,coinpoker.com,0.75,2026-08-07 23:14:04,2026-08-07 23:54:55
https://bovada.lv/poker,bovada.lv,0.75,2026-08-07 23:14:03,2026-08-07 23:54:44
https://pokerlistings.com/best-real-money-poker-sites,pokerlistings.com,1.0,2026-08-07 23:14:03,2026-08-07 23:54:42
https://wizardofodds.com/play/ultimate-texas-hold-em,wizardofodds.com,1.0,2026-08-07 23:14:03,2026-08-07 23:54:41
https://coinpoker.com/games/texas-holdem,coinpoker.com,0.75,2026-08-07 23:14:03,2026-08-07 23:54:40
https://ggpoker.com/poker-games/texas-holdem,ggpoker.com,0.7,2026-08-07 23:14:03,2026-08-07 23:54:38
https://maxrummy.com/,maxrummy.com,0.75,2026-08-07 23:08:53,2026-08-07 23:52:33
https://en-rocketplaycasino.com/,en-rocketplaycasino.com,1.0,2026-08-07 23:06:28,2026-08-07 23:48:35
https://au-rocket-play.com/,au-rocket-play.com,1.0,2026-08-07 23:06:28,2026-08-07 23:48:28
https://rocketplay-australia.com/,rocketplay-australia.com,1.0,2026-08-07 23:06:28,2026-08-07 23:48:28
https://en-rocketplay-casino.com/,en-rocketplay-casino.com,1.0,2026-08-07 23:06:28,2026-08-07 23:48:28
https://rocketplay888.com/,rocketplay888.com,1.0,2026-08-07 23:06:28,2026-08-07 23:48:28
https://rocketplaygambling.com/,rocketplaygambling.com,1.0,2026-08-07 23:06:28,2026-08-07 23:48:27
https://casino-rocketplay.com/,casino-rocketplay.com,1.0,2026-08-07 23:06:28,2026-08-07 23:48:27
https://gammastack.com/about-us,gammastack.com,0.65,2026-08-07 23:05:27,2026-08-07 23:47:23
https://getb8.us/online-casinos,getb8.us,1.0,2026-08-07 23:03:20,2026-08-07 23:44:46
https://admiralcasino24.org/,admiralcasino24.org,1.0,2026-08-07 22:59:44,2026-08-07 23:42:31
https://admiralscasino.co.uk/,admiralscasino.co.uk,1.0,2026-08-07 22:59:44,2026-08-07 23:42:30
https://admiralcasino.top/,admiralcasino.top,1.0,2026-08-07 22:59:44,2026-08-07 23:42:29
https://play-admiralcasino.com/en-gb,play-admiralcasino.com,0.85,2026-08-07 22:59:44,2026-08-07 23:42:28
http://play-admiralcasino.com/,play-admiralcasino.com,0.85,2026-08-07 22:59:44,2026-08-07 23:42:06
https://eng-admiralcasino.com/,eng-admiralcasino.com,1.0,2026-08-07 22:59:44,2026-08-07 23:42:06
https://supabet.casino/app,supabet.casino,0.6,2026-08-07 22:58:14,2026-08-07 23:41:26
https://supa-bet-casino.com/,supa-bet-casino.com,1.0,2026-08-07 22:58:14,2026-08-07 23:41:19
https://luckyspin-india.com/,luckyspin-india.com,1.0,2026-08-07 22:57:25,2026-08-07 23:40:32
https://supabets-za.com/,supabets-za.com,1.0,2026-08-07 22:58:14,2026-08-07 23:40:32
https://sportsboom.co.za/betting/reviews/supabets/registration,sportsboom.co.za,1.0,2026-08-07 22:58:14,2026-08-07 23:40:32
https://supabetscom.com/,supabetscom.com,1.0,2026-08-07 22:58:14,2026-08-07 23:40:31
https://supabets.co.za/,supabets.co.za,0.7,2026-08-07 22:58:14,2026-08-07 23:40:30
https://leovegas2026.com/,leovegas2026.com,1.0,2026-08-07 22:53:20,2026-08-07 23:34:46
https://livecasinoindia.com/casino/leovegas-india,livecasinoindia.com,1.0,2026-08-07 22:53:20,2026-08-07 23:34:46
https://casinobillionaire.com/reviews/leovegas-india,casinobillionaire.com,1.0,2026-08-07 22:53:20,2026-08-07 23:34:46
https://bettingguide.com/in/casino/crash-games/aviator,bettingguide.com,0.8,2026-08-07 22:50:17,2026-08-07 23:31:08
https://aviatordemo.in/,aviatordemo.in,0.75,2026-08-07 22:50:17,2026-08-07 23:31:08
https://gameaviatorofficial.com/,gameaviatorofficial.com,0.7,2026-08-07 22:50:17,2026-08-07 23:30:54
https://casino.com/in/crash-games/aviator,casino.com,1.0,2026-08-07 22:50:17,2026-08-07 23:30:53
https://indbingo.com/,indbingo.com,0.75,2026-08-07 22:49:23,2026-08-07 23:30:37
https://fantasylabs.com/articles/best-apps-for-bettors,fantasylabs.com,0.55,2026-08-07 22:46:56,2026-08-07 23:28:30
https://cbssports.com/betting/news/best-betting-sites,cbssports.com,0.65,2026-08-07 22:46:56,2026-08-07 23:28:28
https://bettingguide.com/in/betting/betting-apps,bettingguide.com,1.0,2026-08-07 22:46:54,2026-08-07 23:28:27
https://rivierasports.com/sportsbooks,rivierasports.com,1.0,2026-08-07 22:46:56,2026-08-07 23:28:27
https://thetopbookies.com/betting-apps,thetopbookies.com,1.0,2026-08-07 22:46:54,2026-08-07 23:28:26
https://betcarolina.com/apps,betcarolina.com,0.7,2026-08-07 22:46:56,2026-08-07 23:28:26
https://rebelbetting.com/matchedbetting/matched-betting-beginner-guide,rebelbetting.com,0.75,2026-08-07 22:46:00,2026-08-07 23:27:40
https://matchedbettingsites.com/matchedbets-review,matchedbettingsites.com,0.55,2026-08-07 22:46:00,2026-08-07 23:27:39
https://mysentimentsnotexactly.com/shooting-the-breeze/matched-betting-an-odyssey,mysentimentsnotexactly.com,0.55,2026-08-07 22:46:00,2026-08-07 23:27:13
https://olbg.com/betting-tips,olbg.com,1.0,2026-08-07 22:43:54,2026-08-07 23:25:29
https://footballpredictions.com/footballpredictions,footballpredictions.com,1.0,2026-08-07 22:43:52,2026-08-07 23:24:41
https://bettingguide.com/in/betting,bettingguide.com,1.0,2026-08-07 22:42:36,2026-08-07 23:23:02
https://marksinsights.com/20-games-that-pay-real-money-instantly,marksinsights.com,1.0,2026-08-07 22:39:42,2026-08-07 23:19:18
https://sportingnews.com/in/betting/news/best-sports-betting-apps-india-ultimate-guide/29fb07211d0e81d020570f0f,sportingnews.com,1.0,2026-08-07 22:32:02,2026-08-07 23:09:27
https://onlineslots.com/free,onlineslots.com,0.65,2026-08-07 22:29:06,2026-08-07 23:08:09
https://playtech.com/,playtech.com,0.65,2026-08-07 22:27:56,2026-08-07 23:07:42
https://10best.usatoday.com/awards/pearl-rewards-scarlet-pearl-casino-resort,usatoday.com,0.55,2026-08-07 22:22:38,2026-08-07 22:57:30
https://casinoreviews.net/,casinoreviews.net,1.0,2026-08-07 22:08:42,2026-08-07 22:46:08
https://casinoreviews.com/in,casinoreviews.com,1.0,2026-08-07 22:08:42,2026-08-07 22:46:08
https://bestonlinecasino.com/india/reviews,bestonlinecasino.com,1.0,2026-08-07 22:08:42,2026-08-07 22:46:08
https://casinoreviews.com/,casinoreviews.com,1.0,2026-08-07 22:08:42,2026-08-07 22:46:07
https://thelines.com/casino/sweepstakes/crown-coins-casino,thelines.com,1.0,2026-08-07 22:06:53,2026-08-07 22:44:49
https://play-crowncoinscasino.com/casino,play-crowncoinscasino.com,0.85,2026-08-07 22:06:53,2026-08-07 22:44:48
https://win-crowncoinscasino.com/,win-crowncoinscasino.com,0.55,2026-08-07 22:06:53,2026-08-07 22:44:48
https://play-crowncoinscasino.com/app,play-crowncoinscasino.com,0.85,2026-08-07 22:06:53,2026-08-07 22:44:48
https://crowncoins.one/,crowncoins.one,1.0,2026-08-07 22:06:53,2026-08-07 22:44:47
https://hot-streak.casino/,hot-streak.casino,1.0,2026-08-07 22:03:45,2026-08-07 22:42:25
https://compareabookie.com/casino/hot-streak-review,compareabookie.com,1.0,2026-08-07 22:03:45,2026-08-07 22:42:22
https://sportsboom.co.uk/betting/reviews/hotstreak,sportsboom.co.uk,1.0,2026-08-07 22:03:45,2026-08-07 22:42:22
https://igamingbusiness.com/company-news/lucky-streak-makes-italian-debut-with-microgame,igamingbusiness.com,0.65,2026-08-07 22:03:45,2026-08-07 22:42:21
https://next.io/online-casinos-uk/hot-streak,next.io,1.0,2026-08-07 22:03:45,2026-08-07 22:42:21
https://spinstreakcasino.com/games.html,spinstreakcasino.com,0.65,2026-08-07 22:03:45,2026-08-07 22:42:20
https://pngroadfund.gov.pg/unleash-your-winning-streak-at-wg-casino-uk-where-fortune-awaits,pngroadfund.gov.pg,1.0,2026-08-07 22:03:45,2026-08-07 22:42:20
https://win-streak.net/,win-streak.net,0.95,2026-08-07 22:03:45,2026-08-07 22:42:20
https://fruityslots.com/casino/reviews/hot-streak-casino,fruityslots.com,1.0,2026-08-07 22:03:45,2026-08-07 22:42:20
https://gammastack.com/luckystreak,gammastack.com,0.9,2026-08-07 22:03:45,2026-08-07 22:41:55
https://thesun.co.uk/betting/37099708/hotstreak-casino-review,thesun.co.uk,1.0,2026-08-07 22:03:44,2026-08-07 22:41:54
http://pngroadfund.gov.pg/unleash-your-winning-streak-at-bass-win-77-casinos-thrilling-games,pngroadfund.gov.pg,0.9,2026-08-07 22:03:44,2026-08-07 22:41:54
https://next.io/betting-sites-uk/hot-streak,next.io,1.0,2026-08-07 22:03:45,2026-08-07 22:41:54
https://olbg.com/casino-sites/reviews/hot-streak,olbg.com,1.0,2026-08-07 22:03:44,2026-08-07 22:41:34
https://next.io/online-casinos-uk/sister-sites/hot-streak,next.io,1.0,2026-08-07 22:03:44,2026-08-07 22:41:34
https://streakgaming.com/,streakgaming.com,0.65,2026-08-07 22:03:44,2026-08-07 22:41:33
https://misutmeeple.com/en/2026/02/review-hot-streak,misutmeeple.com,0.65,2026-08-07 22:03:36,2026-08-07 22:40:57
https://hotstreakcasino.co.uk/,hotstreakcasino.co.uk,1.0,2026-08-07 22:03:36,2026-08-07 22:40:24
https://pari-bet.org.in/,pari-bet.org.in,1.0,2026-08-07 22:03:18,2026-08-07 22:38:23
https://wsn.com/online-casinos/bonuses/free-spins,wsn.com,1.0,2026-08-07 22:03:13,2026-08-07 22:38:13
https://livescore.com/en-ca/online-casinos/free-spins-no-deposit,livescore.com,1.0,2026-08-07 22:03:13,2026-08-07 22:38:11
https://livescore.com/en-us/online-casinos/free-spins,livescore.com,1.0,2026-08-07 22:03:13,2026-08-07 22:38:11
https://next.io/online-casinos-us/bonus/free-spins,next.io,1.0,2026-08-07 22:03:12,2026-08-07 22:37:35
https://olbg.com/free-spins,olbg.com,1.0,2026-08-07 22:03:12,2026-08-07 22:37:34
https://betfury.com/promo/no-deposit-bonus,betfury.com,1.0,2026-08-07 22:03:12,2026-08-07 22:37:33
https://livescore.com/en-za/online-casinos/free-spins-no-deposit,livescore.com,1.0,2026-08-07 22:03:12,2026-08-07 22:37:24
https://betwith.supabets.co.za/promotions/100-free-spins,supabets.co.za,0.8,2026-08-07 22:03:12,2026-08-07 22:37:24
https://playnow.com/sports/promotions/250-match-deposit,playnow.com,0.85,2026-08-07 22:03:08,2026-08-07 22:36:47
https://rg.org/bonuses/deposit-bonuses,rg.org,1.0,2026-08-07 22:03:08,2026-08-07 22:36:46
https://bettoredge.com/post/understanding-the-deposit-match-at-a-sportsbook,bettoredge.com,0.8,2026-08-07 22:03:08,2026-08-07 22:36:46
https://mytopsportsbooks.com/guide/sportsbooks/100-percent-bonuses,mytopsportsbooks.com,1.0,2026-08-07 22:03:08,2026-08-07 22:36:34
https://thefootytipster.com/what-is-a-deposit-match-betting-bonuses-explained,thefootytipster.com,0.55,2026-08-07 22:03:08,2026-08-07 22:36:33
https://sports-king.com/dictionary.php?q=deposit-match,sports-king.com,0.55,2026-08-07 22:03:08,2026-08-07 22:36:33
https://betwithboomer.com/first-deposit-match,betwithboomer.com,0.55,2026-08-07 22:03:08,2026-08-07 22:36:33
https://casinocenter.com/betmgm-online-casino-review,casinocenter.com,1.0,2026-08-07 22:02:55,2026-08-07 22:35:48
https://betstamp.com/reviews/betmgm-casino,betstamp.com,1.0,2026-08-07 22:02:55,2026-08-07 22:35:44
https://sportshandle.com/online-casinos/betmgm-casino,sportshandle.com,1.0,2026-08-07 22:02:55,2026-08-07 22:35:44
https://sports.betmgm.com/en/blog/discover-betmgm-across-america,betmgm.com,1.0,2026-08-07 22:02:54,2026-08-07 22:35:11
https://playatgila.com/casino-game/betmgm-sportsbooks,playatgila.com,0.6,2026-08-07 22:02:54,2026-08-07 22:35:10
https://sports.betmgm.com/en/blog/betmgm-state-promos/new-jersey-sportsbook,betmgm.com,1.0,2026-08-07 22:02:50,2026-08-07 22:34:56
https://sports.betmgm.com/en/blog/betmgm-goal-rush-500000-in-bonus-bets-for-u-s-goals-in-worlds-game,betmgm.com,1.0,2026-08-07 22:02:51,2026-08-07 22:34:56
https://si.com/betting/sportsbook-promos/betmgm-bonus-code/new-user,si.com,1.0,2026-08-07 22:02:47,2026-08-07 22:34:09
https://on.betmgm.ca/en/engage/lan/casino/new-customer-offer,betmgm.ca,0.85,2026-08-07 22:02:47,2026-08-07 22:34:08
https://sportshandle.com/betmgm,sportshandle.com,1.0,2026-08-07 22:02:47,2026-08-07 22:34:07
https://drf.com/sports-betting/betmgm,drf.com,1.0,2026-08-07 22:02:47,2026-08-07 22:34:07
https://sports.betmgm.com/en/blog/latest-sports-betting-promotions-offers-betmgm-2,betmgm.com,1.0,2026-08-07 22:02:47,2026-08-07 22:34:07
https://rotogrinders.com/sports-betting/how-betmgm-bonus-bets-work,rotogrinders.com,0.65,2026-08-07 22:02:47,2026-08-07 22:33:32
https://livescore.com/en-us/betting-sites/betmgm-bonus-code,livescore.com,0.8,2026-08-07 22:02:47,2026-08-07 22:33:32
https://marriott.com/brands/mgm-collection/bet-mgm.mi,marriott.com,0.55,2026-08-07 22:02:47,2026-08-07 22:33:31
https://foxsports.com/stories/betting/betmgm-promo-code,foxsports.com,0.75,2026-08-07 22:02:47,2026-08-07 22:33:22
https://sportsline.com/sportsbooks/betmgm,sportsline.com,0.8,2026-08-07 22:02:47,2026-08-07 22:33:22
https://si.com/betting/sportsbook-promos/betmgm-bonus-code,si.com,1.0,2026-08-07 22:02:47,2026-08-07 22:33:21
https://rajabets.org/casino,rajabets.org,1.0,2026-08-07 22:01:10,2026-08-07 22:30:14
https://rajabetscasino-india.com/,rajabetscasino-india.com,1.0,2026-08-07 22:01:10,2026-08-07 22:30:14
https://rajabets3.net/,rajabets3.net,0.95,2026-08-07 22:01:10,2026-08-07 22:30:13
https://rajabetsindia.in/,rajabetsindia.in,0.65,2026-08-07 22:01:10,2026-08-07 22:30:12
https://official-rajabets-india.net/,official-rajabets-india.net,1.0,2026-08-07 22:01:10,2026-08-07 22:30:12
https://rajabets.org/,rajabets.org,1.0,2026-08-07 22:01:10,2026-08-07 22:30:11
https://en-betmgm.us.com/,us.com,1.0,2026-08-07 22:00:36,2026-08-07 22:29:57
https://sports.betmgm.com/en/blog/login,betmgm.com,1.0,2026-08-07 22:00:36,2026-08-07 22:29:57
https://us-us-betmgm.com/,us-us-betmgm.com,1.0,2026-08-07 22:00:36,2026-08-07 22:29:57
https://picksandparlays.net/reviews/parlayplay,picksandparlays.net,0.7,2026-08-07 22:00:19,2026-08-07 22:29:10
https://dafbets.com/,dafbets.com,1.0,2026-08-07 21:58:42,2026-08-07 22:28:04
http://us-us-fanduel.com/,us-us-fanduel.com,1.0,2026-08-07 21:55:55,2026-08-07 22:24:56
https://thepicks.com/us/free-picks-and-predictions,thepicks.com,0.6,2026-08-07 21:54:16,2026-08-07 22:23:05
https://pickswise.com/mlb/picks,pickswise.com,0.95,2026-08-07 21:54:16,2026-08-07 22:22:01
https://thetopbookies.com/cricket-betting-odds,thetopbookies.com,0.7,2026-08-07 21:52:43,2026-08-07 22:20:32
https://bettingtools.com/guides/strategy/matched-betting,bettingtools.com,0.9,2026-08-07 21:52:07,2026-08-07 22:20:17
https://matchedbets.com/,matchedbets.com,0.55,2026-08-07 21:52:07,2026-08-07 22:20:16
https://outplayed.com/what-is-matched-betting,outplayed.com,0.55,2026-08-07 21:52:07,2026-08-07 22:20:14
https://sportinglife.com/free-bets,sportinglife.com,1.0,2026-08-07 21:49:55,2026-08-07 22:16:30
https://freesupertips.com/,freesupertips.com,0.65,2026-08-07 21:49:55,2026-08-07 22:16:26
https://freebet.com/,freebet.com,1.0,2026-08-07 21:49:54,2026-08-07 22:15:40
https://betmentor.in/,betmentor.in,0.8,2026-08-07 21:41:43,2026-08-07 22:05:53
https://bookmakerstats.com/countries/in,bookmakerstats.com,1.0,2026-08-07 21:41:19,2026-08-07 22:05:09
https://thetopbookies.com/,thetopbookies.com,1.0,2026-08-07 21:41:19,2026-08-07 22:05:08
https://bookmakers.net/,bookmakers.net,0.85,2026-08-07 21:41:19,2026-08-07 22:05:08
https://smartbettingguide.com/best-online-sports-betting-companies,smartbettingguide.com,1.0,2026-08-07 21:41:31,2026-08-07 22:05:08
https://top100bookmakers.com/countries/in.php,top100bookmakers.com,0.6,2026-08-07 21:41:19,2026-08-07 22:05:07
https://top100bookmakers.com/,top100bookmakers.com,0.6,2026-08-07 21:41:19,2026-08-07 22:04:37
https://bookmakers.co.in/,bookmakers.co.in,0.6,2026-08-07 21:41:19,2026-08-07 22:04:36
https://wagerx.io/what-is-wagering,wagerx.io,1.0,2026-08-07 21:39:54,2026-08-07 22:01:57
https://rg.org/guides/sportsbetting-guides/wager,rg.org,1.0,2026-08-07 21:39:54,2026-08-07 22:01:53
https://thebettingprofessionals.com/features/what-is-wagering-in-sports-betting,thebettingprofessionals.com,0.9,2026-08-07 21:39:54,2026-08-07 22:01:52
https://gamblingsites.com/,gamblingsites.com,1.0,2026-08-07 21:36:14,2026-08-07 21:57:08
https://uspokersitesus.com/tournaments,uspokersitesus.com,1.0,2026-08-07 21:34:01,2026-08-07 21:54:58
https://stakecasino.com/games,stakecasino.com,1.0,2026-08-07 21:27:53,2026-08-07 21:48:35
https://coincentral.com/crypto-casinos-india,coincentral.com,1.0,2026-08-07 21:26:39,2026-08-07 21:47:04
https://win.gg/crypto-casinos,win.gg,1.0,2026-08-07 21:26:39,2026-08-07 21:47:01
https://coincheckup.com/blog/best-crypto-casinos-india,coincheckup.com,1.0,2026-08-07 21:26:39,2026-08-07 21:47:01
https://cryptocasinos.com/,cryptocasinos.com,1.0,2026-08-07 21:26:39,2026-08-07 21:47:00
https://play-stakes.com/app,play-stakes.com,0.95,2026-08-07 21:22:03,2026-08-07 21:41:48
https://stakeindi.com/,stakeindi.com,1.0,2026-08-07 21:22:03,2026-08-07 21:41:34
https://sycuan.com/blog/how-to-play-texas-holdem-poker,sycuan.com,0.6,2026-08-07 21:17:15,2026-08-07 21:36:35
https://riverwind.com/blog/how-to-play-ultimate-texas-hold-em-poker,riverwind.com,0.6,2026-08-07 21:17:15,2026-08-07 21:36:19
https://cachecreek.com/ultimate-texas-holdem,cachecreek.com,0.6,2026-08-07 21:17:15,2026-08-07 21:36:18
https://clubpierrecharron.com/en/poker/poker-rules/the-rules-of-no-limit-texas-holdem,clubpierrecharron.com,0.9,2026-08-07 21:17:15,2026-08-07 21:36:00
https://thelines.com/betting/guides/parlay,thelines.com,1.0,2026-08-07 21:16:26,2026-08-07 21:35:02
https://thesportsgeek.com/sports-betting/strategy/parlay-betting,thesportsgeek.com,1.0,2026-08-07 21:16:26,2026-08-07 21:35:01
https://pickswise.com/,pickswise.com,1.0,2026-08-07 21:15:49,2026-08-07 21:34:50
https://freespinstracker.com/in,freespinstracker.com,1.0,2026-08-07 21:14:17,2026-08-07 21:33:51
https://justgamblers.com/in,justgamblers.com,1.0,2026-08-07 21:13:26,2026-08-07 21:32:12
https://bettingguide.com/in/casino/casino-bonuses,bettingguide.com,1.0,2026-08-07 21:13:23,2026-08-07 21:32:11
https://thebettingprofessionals.com/list/betting-sites-with-highest-welcome-bonus,thebettingprofessionals.com,1.0,2026-08-07 21:13:23,2026-08-07 21:31:24
https://bettingguide.com/in/betting/welcome-bonus-betting-sites,bettingguide.com,1.0,2026-08-07 21:13:23,2026-08-07 21:31:23
https://bettingbonus.com/in,bettingbonus.com,1.0,2026-08-07 21:13:23,2026-08-07 21:31:22
https://bettingbonus.com/in/articles/best-100-bonus-betting-sites-in-india,bettingbonus.com,0.8,2026-08-07 21:13:23,2026-08-07 21:31:22
https://wizardofodds.com/play/baccarat,wizardofodds.com,1.0,2026-08-07 21:12:04,2026-08-07 21:29:43
https://coololdgames.com/free/baccarat,coololdgames.com,0.55,2026-08-07 21:12:04,2026-08-07 21:29:43
https://thetopbookies.com/india-bookmakers,thetopbookies.com,1.0,2026-08-07 21:11:54,2026-08-07 21:29:00
https://toffeeweb.com/int/best-betting-sites-india,toffeeweb.com,1.0,2026-08-07 21:11:54,2026-08-07 21:29:00
https://mybettingsitesindia.com/,mybettingsitesindia.com,1.0,2026-08-07 21:11:54,2026-08-07 21:28:57
https://bluelakecasino.com/5-spin-slot-method,bluelakecasino.com,0.65,2026-08-07 21:09:33,2026-08-07 21:25:12
https://houseoffun.com/,houseoffun.com,0.65,2026-08-07 21:09:32,2026-08-07 21:25:11
https://cachecreek.com/how-to-play-slots,cachecreek.com,0.75,2026-08-07 21:09:32,2026-08-07 21:25:11
https://freeslotshub.com/free-slot-machines-with-free-spins,freeslotshub.com,1.0,2026-08-07 21:09:32,2026-08-07 21:25:10
https://slotsspinvip.com/,slotsspinvip.com,1.0,2026-08-07 21:09:33,2026-08-07 21:25:10
https://slotsspin777.com/,slotsspin777.com,0.85,2026-08-07 21:09:33,2026-08-07 21:25:10
https://spinlucky.com/,spinlucky.com,0.65,2026-08-07 21:09:33,2026-08-07 21:25:10
https://slotslaunch.com/playtech/hit-bar,slotslaunch.com,0.65,2026-08-07 21:07:59,2026-08-07 21:24:05
https://great.com/slots,great.com,1.0,2026-08-07 21:07:57,2026-08-07 21:22:06
https://demoslot.com/,demoslot.com,0.9,2026-08-07 21:07:15,2026-08-07 21:20:33
https://casino.com/in/slots,casino.com,1.0,2026-08-07 21:06:29,2026-08-07 21:19:31
https://thelines.com/casino/live,thelines.com,1.0,2026-08-07 21:06:19,2026-08-07 21:18:32
https://next.io/online-casinos-us/live,next.io,1.0,2026-08-07 21:06:19,2026-08-07 21:18:31
https://casinos.com/us/live-dealer,casinos.com,1.0,2026-08-07 21:06:19,2026-08-07 21:18:31
https://gambling.com/us/online-casinos/live-casino,gambling.com,1.0,2026-08-07 21:06:19,2026-08-07 21:18:30
https://games.evolution.com/live-casino,evolution.com,1.0,2026-08-07 21:06:19,2026-08-07 21:18:29
https://livech.com/en/maryland/casino-and-gaming,livech.com,0.95,2026-08-07 21:06:19,2026-08-07 21:18:29
https://livech.com/en/philadelphia,livech.com,0.6,2026-08-07 21:06:19,2026-08-07 21:18:28
https://casino.com/in/live-casino,casino.com,1.0,2026-08-07 21:06:19,2026-08-07 21:18:27
https://gamblino.com/live-casino,gamblino.com,1.0,2026-08-07 21:06:19,2026-08-07 21:18:27
https://allcasinosites.in/,allcasinosites.in,1.0,2026-08-07 21:06:00,2026-08-07 21:18:16
https://bettingguide.com/in/casino/roulette,bettingguide.com,1.0,2026-08-07 21:05:58,2026-08-07 21:17:42
https://gamblino.com/casino-games,gamblino.com,1.0,2026-08-07 21:05:36,2026-08-07 21:17:41
https://coololdgames.com/free/roulette,coololdgames.com,0.55,2026-08-07 21:05:58,2026-08-07 21:17:41
https://casino.com/in/roulette,casino.com,1.0,2026-08-07 21:05:58,2026-08-07 21:17:41
https://roulette77.com/,roulette77.com,0.6,2026-08-07 21:05:58,2026-08-07 21:17:41
https://247roulette.org/,247roulette.org,0.65,2026-08-07 21:05:58,2026-08-07 21:17:40
https://stationcasinos.com/my-rewards-boarding-pass,stationcasinos.com,0.6,2026-08-07 21:04:32,2026-08-07 21:15:54
https://casinos.ballys.com/lincoln/bally-rewards.htm,ballys.com,0.55,2026-08-07 21:04:32,2026-08-07 21:15:53
https://bettingguide.com/nz/casino/casino-rewards/vip,bettingguide.com,1.0,2026-08-07 21:04:32,2026-08-07 21:15:40
https://livescore.com/en-ca/online-casinos/casino-rewards-and-vip-programs,livescore.com,1.0,2026-08-07 21:04:32,2026-08-07 21:15:40
https://betvip.org/vip-rewards-and-cashback-offers,betvip.org,1.0,2026-08-07 21:04:32,2026-08-07 21:15:40
https://scarletpearlcasino.com/pearl-rewards,scarletpearlcasino.com,0.6,2026-08-07 21:04:32,2026-08-07 21:15:40
https://betvip.org/best-loyalty-bonuses-for-vip-players,betvip.org,1.0,2026-08-07 21:04:31,2026-08-07 21:15:07
https://betvip.org/how-to-earn-vip-status-in-online-casino-programs,betvip.org,1.0,2026-08-07 21:04:31,2026-08-07 21:14:59
https://freebets.com/casino/reload-bonus,freebets.com,1.0,2026-08-07 21:04:25,2026-08-07 21:14:23
https://livescore.com/en-ca/online-casinos/strategy/how-to-use-casino-vip-and-loyalty-programs,livescore.com,1.0,2026-08-07 21:04:31,2026-08-07 21:14:21
https://casinofy.com/casino-reload-bonus,casinofy.com,1.0,2026-08-07 21:04:25,2026-08-07 21:14:20
https://thegameday.com/sweepstakes-casinos/stake-us/reload-bonus,thegameday.com,1.0,2026-08-07 21:04:25,2026-08-07 21:14:14
https://onlinecasinoreports.sg/bonuses/reload-bonus.php,onlinecasinoreports.sg,1.0,2026-08-07 21:04:25,2026-08-07 21:14:14
https://playcasino.com/casino-reload-bonuses,playcasino.com,1.0,2026-08-07 21:04:25,2026-08-07 21:14:14
https://aboutslots.com/casino-bonus/reload,aboutslots.com,1.0,2026-08-07 21:04:25,2026-08-07 21:14:13
https://bojoko.ca/casino/bonus/reload,bojoko.ca,1.0,2026-08-07 21:04:25,2026-08-07 21:14:13
https://livescore.com/en-ca/online-casinos/reload-casino-bonuses,livescore.com,1.0,2026-08-07 21:04:25,2026-08-07 21:13:37
https://slotsofvegas.com/no-deposit-bonus-codes,slotsofvegas.com,1.0,2026-08-07 21:04:20,2026-08-07 21:13:29
https://mybookie.ag/bonus,mybookie.ag,1.0,2026-08-07 21:04:20,2026-08-07 21:13:28
https://livescore.com/en-gb/betting-sites/parimatch-promo-code/india,livescore.com,1.0,2026-08-07 21:04:20,2026-08-07 21:12:50
https://sportsline.com/casinos/betmgm-promo-code,sportsline.com,1.0,2026-08-07 21:04:20,2026-08-07 21:12:44
https://isport.in/dafabet-bonus-code,isport.in,1.0,2026-08-07 21:04:20,2026-08-07 21:12:42
https://dust2.in/betting/sites/rajabets,dust2.in,1.0,2026-08-07 21:04:20,2026-08-07 21:12:07
https://casinobeacon.com/articles/casino-bonuses/best-first-deposit-bonus.htm,casinobeacon.com,1.0,2026-08-07 21:04:20,2026-08-07 21:12:06
https://sports.betmgm.com/en/blog/best-bonus-code,betmgm.com,1.0,2026-08-07 21:04:20,2026-08-07 21:12:06
https://foxsports.com/stories/betting/bet365-promo-code,foxsports.com,0.55,2026-08-07 21:04:20,2026-08-07 21:12:04
https://depositbonus.org/first-deposit-bonuses,depositbonus.org,0.65,2026-08-07 21:04:19,2026-08-07 21:11:59
https://isport.in/1xbet-promo-code,isport.in,1.0,2026-08-07 21:04:20,2026-08-07 21:11:58
https://livescore.com/en-gb/betting-sites/dafabet-bonus-code/india,livescore.com,0.9,2026-08-07 21:04:19,2026-08-07 21:11:57
https://soccernet.ng/betting/free-bets,soccernet.ng,1.0,2026-08-07 21:03:59,2026-08-07 21:11:56
https://top10casinos.com/casino-bonus/best-first-deposit.html,top10casinos.com,1.0,2026-08-07 21:04:19,2026-08-07 21:11:56
https://next.io/betting-sites-uk/free-bets,next.io,1.0,2026-08-07 21:03:59,2026-08-07 21:11:23
https://toffeeweb.com/bally-bet-promo-code,toffeeweb.com,1.0,2026-08-07 21:03:59,2026-08-07 21:11:23
https://sportsbooksonline.com/risk-free-bets,sportsbooksonline.com,1.0,2026-08-07 21:03:59,2026-08-07 21:11:22
https://smartbettingguide.com/risk-free-bets,smartbettingguide.com,0.9,2026-08-07 21:03:59,2026-08-07 21:11:22
https://oddsindex.com/guides/free-bets-explained,oddsindex.com,1.0,2026-08-07 21:03:59,2026-08-07 21:11:22
https://oddsjam.com/betting-calculators/free-bet-conversion,oddsjam.com,0.95,2026-08-07 21:03:59,2026-08-07 21:11:21
https://freebets.ltd.uk/,freebets.ltd.uk,1.0,2026-08-07 21:03:59,2026-08-07 21:11:21
https://sportshandle.com/fanduel-promotional-pivot-risk-free-no-sweat,sportshandle.com,0.65,2026-08-07 21:03:59,2026-08-07 21:11:12
https://elitesportsny.com/2022/03/17/caesars-sportsbook-ncaa-tournament-promo-1100-risk-free-bet-or-250-uber-eats-gift-card,elitesportsny.com,0.65,2026-08-07 21:03:59,2026-08-07 21:11:10
https://rg.org/bonuses,rg.org,1.0,2026-08-07 21:03:59,2026-08-07 21:11:10
https://aiprofit.uk/blog/sports-betting-guides/risk-free-betbuilders,aiprofit.uk,0.75,2026-08-07 21:03:59,2026-08-07 21:11:09
https://nytimes.com/athletic/2897798/2021/10/19/james-holzhauer-maximizing-sportsbook-signup-offers-how-to-make-the-1000-risk-free-bet-work-in-your-favor,nytimes.com,0.75,2026-08-07 21:03:59,2026-08-07 21:10:37
https://foxsports.com/stories/betting/sportsbook-promo-bonus,foxsports.com,1.0,2026-08-07 21:03:59,2026-08-07 21:10:36
https://livescore.com/en-gb/betting-sites/free-bets,livescore.com,1.0,2026-08-07 21:03:59,2026-08-07 21:10:36
https://promo-code.bet/,promo-code.bet,1.0,2026-08-07 21:03:59,2026-08-07 21:10:36
https://rg.org/bonuses/risk-free-bet,rg.org,0.9,2026-08-07 21:03:59,2026-08-07 21:10:25
https://profitduel.com/blog/what-is-a-risk-free-bet,profitduel.com,0.75,2026-08-07 21:03:59,2026-08-07 21:10:25
https://livescore.com/en-gb/betting-sites/strategy/what-are-risk-free-bets,livescore.com,1.0,2026-08-07 21:03:59,2026-08-07 21:10:24
https://smartstake.app/tools/no-sweat-bet-calculator,smartstake.app,0.55,2026-08-07 21:03:59,2026-08-07 21:10:24
https://olbg.com/free.php,olbg.com,1.0,2026-08-07 21:03:59,2026-08-07 21:10:24
https://unabated.com/articles/risk-free-bet-profit-strategy,unabated.com,0.55,2026-08-07 21:03:59,2026-08-07 21:10:23
https://intercom.help/promocodes/en/articles/9667733-stake-com-promo-code-hella200-get-200-deposit-bonus-now,intercom.help,1.0,2026-08-07 21:03:52,2026-08-07 21:09:05
https://awards.re-thinkingthefuture.com/pages/best_13799.html,re-thinkingthefuture.com,0.65,2026-08-07 21:03:52,2026-08-07 21:08:52
https://gamblingcommission.gov.uk/report/exploring-consumer-journeys-using-gambling-promotional-offers-and-incentives/consumer-understanding-and-engagement-exploring-consumer-journeys-using,gamblingcommission.gov.uk,0.7,2026-08-07 21:03:51,2026-08-07 21:08:51
https://cazpoint.com/casino-categories/anonymous,cazpoint.com,1.0,2026-08-07 21:03:46,2026-08-07 21:08:08
https://lcb.org/casinos/anonymous,lcb.org,1.0,2026-08-07 21:03:46,2026-08-07 21:08:07
https://coinpoker.com/crypto-casino/anonymous,coinpoker.com,0.75,2026-08-07 21:03:46,2026-08-07 21:08:05
https://coincarp.com/ru/learn/best-anonymous-crypto-casinos,coincarp.com,1.0,2026-08-07 21:03:46,2026-08-07 21:08:04
https://coingabbar.com/en/crypto-blogs-details/best-anonymous-casinos,coingabbar.com,0.9,2026-08-07 21:03:46,2026-08-07 21:08:03
https://worldpokerdeals.com/online-casinos/anonymous-casino-review,worldpokerdeals.com,1.0,2026-08-07 21:03:46,2026-08-07 21:08:02
https://europeanbusinessreview.com/7-best-offshore-sportsbooks-betting-sites,europeanbusinessreview.com,1.0,2026-08-07 21:03:41,2026-08-07 21:07:21
https://thesportsgeek.com/sportsbooks/offshore,thesportsgeek.com,1.0,2026-08-07 21:03:41,2026-08-07 21:07:21
https://primetimesportstalk.com/best-offshore-betting-sites,primetimesportstalk.com,1.0,2026-08-07 21:03:41,2026-08-07 21:07:20
https://spookyexpress.com/sportsbooks/all,spookyexpress.com,1.0,2026-08-07 21:03:41,2026-08-07 21:07:20
https://globalextramoney.com/offshore-betting-sites-offers,globalextramoney.com,1.0,2026-08-07 21:03:41,2026-08-07 21:07:20
https://m.economictimes.com/tech/technology/offshore-betting-sites-cash-in-as-rmg-ban-hit-local-players-retreat/articleshow/123511791.cms,economictimes.com,0.6,2026-08-07 21:03:41,2026-08-07 21:07:18
https://sbgglobal.eu/offshore-betting,sbgglobal.eu,1.0,2026-08-07 21:03:41,2026-08-07 21:07:14
https://mytopsportsbooks.com/reviews,mytopsportsbooks.com,1.0,2026-08-07 21:03:41,2026-08-07 21:07:12
https://tradeblock.com/crypto-gambling/sports-betting,tradeblock.com,1.0,2026-08-07 21:03:37,2026-08-07 21:06:33
https://top100bookmakers.com/bookmakers/cryptocurrency-bookmakers.php,top100bookmakers.com,0.6,2026-08-07 21:03:37,2026-08-07 21:06:32
https://boostylabs.com/igaming/sportsbook,boostylabs.com,0.75,2026-08-07 21:03:37,2026-08-07 21:06:31
https://betfury.com/sports,betfury.com,0.9,2026-08-07 21:03:37,2026-08-07 21:06:31
https://bitcointalk.org/index.php?topic=5468754.0,bitcointalk.org,0.6,2026-08-07 21:03:37,2026-08-07 21:06:30
https://btcgambling.com/no-kyc-crypto-casinos,btcgambling.com,1.0,2026-08-07 21:03:33,2026-08-07 21:06:28
https://nokyc.ae/no-deposit-bonus,nokyc.ae,1.0,2026-08-07 21:03:33,2026-08-07 21:06:28
https://irishfortune.ie/casinos/no-kyc,irishfortune.ie,1.0,2026-08-07 21:03:33,2026-08-07 21:06:27
https://hazreviews.com/no-kyc-crypto-casinos,hazreviews.com,1.0,2026-08-07 21:03:33,2026-08-07 21:06:27
https://cryptoslate.com/crypto-casinos,cryptoslate.com,1.0,2026-08-07 21:03:33,2026-08-07 21:06:26
https://cryptoslate.com/crypto-sportsbooks,cryptoslate.com,1.0,2026-08-07 21:03:37,2026-08-07 21:06:25
https://anonymouscasinos.in.net/,in.net,1.0,2026-08-07 21:03:33,2026-08-07 21:06:16
https://dappradar.com/narratives/gambling,dappradar.com,0.85,2026-08-07 21:03:33,2026-08-07 21:06:09
https://pokerking.com/online-poker-promotions,pokerking.com,0.55,2026-08-07 21:03:20,2026-08-07 21:04:52
https://pokerlistings.com/poker-sites/coinpoker/coinpoker-rakeback,pokerlistings.com,0.8,2026-08-07 21:03:20,2026-08-07 21:04:49
https://pokercalendar.asia/en/stake-poker-referral-code,pokercalendar.asia,1.0,2026-08-07 21:03:20,2026-08-07 21:04:42
https://rakeback.com/poker-rooms/americas-cardroom,rakeback.com,0.55,2026-08-07 21:03:20,2026-08-07 21:04:39
https://natural8.com/en/blog/rakeback-in-poker,natural8.com,1.0,2026-08-07 21:03:20,2026-08-07 21:04:37
https://worldpokerdeals.com/blog/coinpoker-100-percent-rakeback-and-new-games,worldpokerdeals.com,0.95,2026-08-07 21:03:20,2026-08-07 21:04:36
https://beastsofpoker.com/online-poker-bonus,beastsofpoker.com,1.0,2026-08-07 21:03:20,2026-08-07 21:04:35
https://pokeroff.com/rakeback-deals,pokeroff.com,0.7,2026-08-07 21:03:20,2026-08-07 21:04:34
https://poker.com/poker-rakeback/poker-rakeback-the-history-of-rakeback,poker.com,0.55,2026-08-07 21:03:20,2026-08-07 21:04:34
https://beastsofpoker.com/rakeback-in-poker,beastsofpoker.com,1.0,2026-08-07 21:03:20,2026-08-07 21:04:34
https://coinpoker.com/promotions/rakeback,coinpoker.com,0.75,2026-08-07 21:03:20,2026-08-07 21:04:33
https://worldpokerdeals.com/rakeback-deals,worldpokerdeals.com,1.0,2026-08-07 21:03:20,2026-08-07 21:04:33
https://raketherake.com/poker-rakeback,raketherake.com,0.9,2026-08-07 21:03:20,2026-08-07 21:04:04
https://rakeback.com/,rakeback.com,0.55,2026-08-07 21:03:20,2026-08-07 21:04:02
https://pokerlistings.com/rakeback,pokerlistings.com,1.0,2026-08-07 21:03:20,2026-08-07 21:04:02
https://kkpoker.net/how-to-play/instant-rakeback-explain,kkpoker.net,0.65,2026-08-07 21:03:20,2026-08-07 21:04:02
https://wptglobal.com/bonus-policy,wptglobal.com,1.0,2026-08-07 21:03:20,2026-08-07 21:04:01
https://evenbetgaming.com/knowledge-base/rakeback,evenbetgaming.com,0.55,2026-08-07 21:03:20,2026-08-07 21:03:50
https://247freepoker.com/,247freepoker.com,0.75,2026-08-07 21:02:55,2026-08-07 21:03:35
https://sportsline.com/guides/parlay,sportsline.com,0.55,2026-08-07 21:02:43,2026-08-07 21:03:04
https://casinobeacon.com/articles/real-money-baccarat/top-baccarat-casinos.htm,casinobeacon.com,0.95,2026-08-07 21:01:42,2026-08-07 21:01:52
https://casinobonuswise.com/online-baccarat-casinos,casinobonuswise.com,1.0,2026-08-07 21:01:42,2026-08-07 21:01:52
https://gamblingsites.com/online-casino/games/baccarat,gamblingsites.com,1.0,2026-08-07 21:01:42,2026-08-07 21:01:51
https://myonlinecasinos.com/casino-games/baccarat,myonlinecasinos.com,1.0,2026-08-07 21:01:42,2026-08-07 21:01:51
http://sportsbettingindia.in/,sportsbettingindia.in,0.85,2026-08-07 21:01:46,2026-08-07 21:01:51
https://bettingguide.com/in/betting/best-betting-sites,bettingguide.com,1.0,2026-08-07 21:01:46,2026-08-07 21:01:49
https://slotorama.com/free-slots,slotorama.com,0.75,2026-08-07 21:00:19,2026-08-07 21:01:17
https://vegasslotsonline.com/free,vegasslotsonline.com,1.0,2026-08-07 21:00:19,2026-08-07 21:01:04
https://slotsspin.com/,slotsspin.com,0.75,2026-08-07 21:00:19,2026-08-07 21:01:02
https://vegasslotsonline.com/in/free,vegasslotsonline.com,1.0,2026-08-07 21:00:19,2026-08-07 21:00:24
https://slotlab.co/en,slotlab.co,0.65,2026-08-07 21:00:19,2026-08-07 21:00:23
https://vegasslotsonline.com/in/real-money,vegasslotsonline.com,1.0,2026-08-07 21:00:10,2026-08-07 21:00:17
https://justgamblers.com/in/online-casinos,justgamblers.com,1.0,2026-08-07 21:00:08,2026-08-07 21:00:14
https://casino.com/in,casino.com,1.0,2026-08-07 21:00:08,2026-08-07 21:00:13
https://thetopbookies.com/india-casinos,thetopbookies.com,1.0,2026-08-07 21:00:08,2026-08-07 21:00:13
https://casino.com/in/casino-games,casino.com,1.0,2026-08-07 21:00:08,2026-08-07 21:00:12
https://bettingguide.com/in/casino,bettingguide.com,1.0,2026-08-07 21:00:10,2026-08-07 21:00:12
